,Filename,text,language
0,000929_text_001492.wav,Dharma Karma the KB Manik Roman notiki bad portal,Bangla
0,001015_text_000895.wav,Kintu 80 chikitsa Ayurvedic aushadh hi Maher Chura Mat Ro,Bangla
0,001849_text_002337.wav,Kim badauli ammankulam reaction,Bangla
0,002281_text_002561.wav,if Desire ke sahayata kothiye Agni Suraksha aur Meetha abhi Jaoge Oppo doston kholen,Bangla
0,002432_text_001991.wav,Kolkata Pratham khelta shomoy Bhushan ITI uthai ho to Pratidin,Bangla
0,003006_text_005651.wav,Imtiaz Robi Jo Pakistani Shikha vyavastha Murthy Nahin Munh Bij,Bangla
0,004942_text_004279.wav,banci bethania boy Thug bhejte Galo staff reporter Kolkata,Bangla
0,005301_text_005862 (2).wav,Karu Karu Shobar Ghor Barud Baji to pakhare Rakha,Bangla
0,005599_text_002772.wav,Bengali Brahmin Bunty 3 Aarush ab dip,Bangla
0,006139_text_001882.wav,Tripura rajpuri Barish song Rabindranath Ashok Thakor Sabari Jana,Bangla
0,006497_text_002968.wav,Nathu bavji pavakoothu Hona Juda in Murthy Vishesh Pathak ko avastha ke naam,Bangla
0,006722_text_002580.wav,Ganga Bhagirathi shendurjana Pori kolpona Tu kuthe kuthe hoti,Bangla
0,006807_text_003662 (2).wav,Kallu moosi ki Nirahua ki ration Shahrukh Preity safalta,Bangla
0,006847_text_005462.wav,Delhi based on aggregate is D Kalo Kore Khai Thokar Puspa,Bangla
0,007052_text_001940.wav,Golf Jyada Bhalobashi and snooker rugby football are cricket,Bangla
0,007381_text_001298.wav,Karun dukane roll School Se Koi Na Thakle she going to you that,Bangla
0,008229_text_005550.wav,Aaj bikele not block e Mohan 3A prashne Uttara Wallen adenoid,Bangla
0,008579_text_002701.wav,murgi bar Khasi mangsho Jai Ho Chor bhi Basa tha class 8,Bangla
0,008619_text_005446.wav,any bolun boxer hisab Amar Dekha Shop 19 Store,Bangla
0,008735_text_001546.wav,Kintu action ke hajar Bolt Hawa badole Ke Naam,Bangla
0,008901_text_005861.wav,Britain ke aage Gurudas uchit to brother nivedan Mod De Dele Dhokha aalochana Karen,Bangla
0,009352_text_001143.wav,Kaise Din Madhya Mein Sharda Mai Amritwani Urvashi to aluguthu Chhori kaun the,Bangla
0,009594_text_003892.wav,Bani Chi kimat show khincha Goshti Puja Shankar Prakash Udyog ki hai,Bangla
0,009787_text_002923.wav,Oppo the ke Cheetah Bagh breaker hone Uttam to Nipun anusuchi ka rape Arangam,Bangla
0,009884_text_002013 (2).wav,ki Kotha bolte bolte par Siddiqui Shastri Rahul,Bangla
0,010580_text_000810.wav,Sur mukhosh Nayan Purulia Amrit Shilpa Anand Darshan nivedan Kurukshetra,Bangla
0,011066_text_001337.wav,cool bed Methane Gas Anusandhan nirjono Puri kolpona Kurukshetra songs tha,Bangla
0,011168_text_001031.wav,call Pune deepto Shardul Thakur Chetana nivrito shopno ke,Bangla
0,011276_text_001873.wav,Manipur se Pratima chalchitra free mein Seva print Holi to agnishikha ektu Kore Chilam,Bangla
0,011406_text_004874.wav,srijanshil Pratima call per Prakash a Janu share prashnottar bahut se mondop,Bangla
0,011562_text_003667.wav,Arthik Bora der pasapasi Farakka banana,Bangla
0,011633_text_003430.wav,Kalighat etar matrikas from Pranav Shankar Shesh Nisha #coron 3,Bangla
0,011730_text_005571.wav,tanmani energy feel good Upar ki to hubby,Bangla
0,011755_text_000343.wav,Gitanjali utaar Shami paudhon thak in Mayurbhanj Baripada Sangaria,Bangla
0,012130_text_003048.wav,Ghanta Dev Shikha Nigam chhodiye Mathe ke chhutti Dilon nijeke,Bangla
0,012140_text_002151.wav,Domkal Kachi prashikhan Nithya Pathak bhakti,Bangla
0,012438_text_005304.wav,Anushree song Aman ki blue film song oye,Bangla
0,013054_text_005744.wav,locomia B Ji Ki Chai juban to ka aavishkar airport khulegi to Khooni,Bangla
0,013337_text_003261.wav,lady available Shuru Mitra Kendra Bose Institute adhigrahan kare,Bangla
0,013407_text_001774.wav,agniastra Shahu Park Rahul politics Yogi Sheru of a Mohammed Aslam,Bangla
0,013798_text_004017.wav,dude I'm two line darling the ball kuragallu Murtaza,Bangla
0,014121_text_002689.wav,Udyog Nadir pratishruti bhange Khud Ho hoti ringtone police super Manoj Verma,Bangla
0,014144_text_000192.wav,sanskritik Abhijat Bhasha ko Lene itada Aurat ko Gurudev rupantar ghotiya Ki Aas hai,Bangla
0,014259_text_001094.wav,Patrika mein hun na aur Vastu Shastra for career for remove key,Bangla
0,014280_text_004778.wav,office located Tara Ghar machhar Ne kar diya Mein Rakhe,Bangla
0,015868_text_004130.wav,mikithi Shukrawar ruthi Ho Manush Bundi,Bangla
0,015874_text_002156.wav,Akash ki photo Kullu Tadi Peene Nacho Re Ghat Nadi Ghat,Bangla
0,016074_text_003665.wav,police ke Deva Raju Gogoi jobanbondi Anuj chai shop ki chori Pori kolpona mafi ke Gachi lo,Bangla
0,016741_text_002420.wav,Bruce riedel katija Juno covid-19,Bangla
0,017552_text_003927.wav,Arvind for Rashi open a bullet class Chitrakoot,Bangla
0,017925_text_002832.wav,Aaj Kaun Sa chakka bandh the Kaun Mahabharat,Bangla
0,018429_text_001021.wav,Gujarati Gurjar jail Palan Tola Baj Raja Sharma 200 jorasanko dwara Pade,Bangla
0,018545_text_003708.wav,Achcha se Dipawali Vishay ke liye schedule in vagina,Bangla
0,018912_text_005475.wav,Saurashtra Mantri ok popularity Rakha montro ke dondo Bhalo Lage Hai,Bangla
0,019024_text_005854.wav,Madhya Pradesh ke tar Prabhav aur Khulna Rakh kar sote B aur K E T exam paper in Uma Bharti,Bangla
0,019447_text_004028 (2).wav,Ronaldinho ki Dekhi Amar Jo han krefeld Kotha Manipur,Bangla
0,020280_text_000245.wav,marking 3 hope cook show Tujhe trial Salem,Bangla
0,020388_text_002892.wav,booster ke shasan cartoon Outsourcing 12 Sambhavna,Bangla
0,020542_text_004281.wav,Aashayein Wapas Jyotish to sanvidhan Sheel Manohar abe Sarkari Shilpa Gira dab,Bangla
0,020757_text_003945.wav,Dholki Changa koteswari K Nirvachan kurte,Bangla
0,021240_text_002022.wav,Ashu Jo bimanbandar Lavanya Pravesh Gate Gulo porjonto 8 ke Rakha Hote,Bangla
0,021462_text_001086.wav,IFFCO M onto the Shooter Mamla rajsha ka abhi jukto,Bangla
0,021466_text_003590.wav,a Karun Hai rabri Devi Mata ke Mantra totke hoti hai,Bangla
0,021605_text_001593.wav,Akram Tu wheeler kar koo.koo Papu Kude bleaching Deva hits,Bangla
0,021632_text_003746.wav,idhar John Mueller to do with coronavirus transverse binary AVN conjugation,Bangla
0,021890_text_002263.wav,aathvan Vachan Bharat ek hi Dukh important thief Aisi Badi Rashtra Puri not Ho,Bangla
0,022908_text_003360.wav,Sealdah Station Road kasidih Rajdhani Express Aag laagli chanchali Srishti hai,Bangla
0,023073_text_005529.wav,British Council ke podhe ke Uchch bacha Paida Hote,Bangla
0,023815_text_000029.wav,South Eastern coalfields African executive director for Mahesh Babu I gotta nai besh,Bangla
0,025406_text_005472.wav,chutti bolate pura Amar Asha Joga to Jay route to Amritsar aap Abu,Bangla
0,026300_text_000501.wav,Singapore Hrithik Sanstha netzteil adhigrahan society anumodan kholo Tata Steel share holder,Bangla
0,027425_text_003422.wav,why shauchalay mein go to Boss for joint entrance fees Nova Thailand,Bangla
0,027463_text_003995.wav,Mathe Mathe by De irukum discipline footballer Hukum,Bangla
0,027979_text_004085.wav,80 pantyline Mutthi Roj Mandir Masjid Gurudwara Road Atul,Bangla
0,028322_text_001488.wav,Tashi Aaye The ki aayu Jari hi shape Kora jagna gana,Bangla
0,028909_text_003268 (2).wav,sorry ab yah to Bondhu Bajar,Bangla
0,029042_text_001178.wav,ghurnijhor khoti growth today Virat on sui Aaj diabetes Karogi De Puri notto,Bangla
0,029297_text_002808.wav,Tala Thana Govinda police bomb disposal squad,Bangla
0,029964_text_002100.wav,Amit ko bhi Junoon,Bangla
0,030279_text_002597.wav,monitor to Lokesh Doli Khali Urvashi rupee Thakur Durga Pratima Golpo,Bangla
0,030397_text_002646.wav,Priti Bhojpuri Dixit uth field Croma store Tonk Shirdi Ke a gai,Bangla
0,030503_text_002333.wav,Samne Janki path Centre Ki Kyon Kata Bole dhundne Chale loop job ID Ho,Bangla
0,030793_text_003392.wav,call Vamsi protein Chhota baat hai 7 January promo code add icon in Photoshop,Bangla
0,031727_text_005524.wav,go to 200 ki tulna a Sudhu samapt 200 ke Muslim jansankhya vriddhi Lohar Vastu top akshy Kumar Che,Bangla
0,031923_text_001981.wav,Aaj food Chhota Hai Bandra MIG Mathe hajir ho suchan,Bangla
0,033281_text_001456.wav,Amul owner Shanti Kunj power Jharkhand Police by Neet,Bangla
0,034018_text_001637.wav,Kolkata Notun gadi games chalu kholo Hyundai Motor India,Bangla
0,034151_text_000146.wav,Phool Kumari Chanchal Hote store in Rio Saudagar,Bangla
0,034405_text_003471.wav,Prakriti Ne British surila sangeet ke Drishya abhishikth Court Jester covid-19,Bangla
0,034504_text_005154.wav,Chhotu Saral Saral wali Harsh Aro Koto ki,Bangla
0,035173_text_005442.wav,Chilam song jodne ka bich hoti kothin ke Sangi Kore chandramoli Bandopadhyay,Bangla
0,036227_text_003738.wav,no apology Dekhe Mone hoy Swedish Arabi Shaista Gantantra noy,Bangla
0,036375_text_003253.wav,surang Brigade Bahar anumati Sudhu matro,Bangla
0,036775_text_002516.wav,Bihar did basinda Ruby Bupa that to Bidai jio physics MSc question,Bangla
0,037364_text_002266.wav,Samosa Dal am Ho Samadhi store Karani hai,Bangla
0,037574_text_003806.wav,Naveen Chandra Kathi Dakshineswar bhabatarini Aakhir grammar jogada big Raho Nirman ne,Bangla
0,037602_text_005757.wav,Kalibari Durga Bari Ramkrishna Society of Bharat sevashram a Puja ullekh Jor ko,Bangla
0,037761_text_002866.wav,Bhagalpur bus Chennai Dube Ti Naam Vinod Yadav AVN Virendra Yadav,Bangla
0,038011_text_004875.wav,Sandhi Pune Chhota Hai New Market aur janvaron ke bare mein manushya ghono jungle,Bangla
0,038013_text_001859.wav,Bhartiya cricket Niyam of Poshak BCCI Ladai shango se,Bangla
0,038094_text_001207.wav,Croma go to dressing Kudi Vipul author Pachai Hai Kintu na Buta,Bangla
0,038427_text_000758.wav,Rashtrapati boyosh sandhir sabhi ko to Holi nabalika gorvoboti howar Sambhavna,Bangla
0,038947_text_004095.wav,Kabir Pooja fever Chor Kone Kone Kshetra shreshth Hotel Puraskar Jeete the,Bangla
0,039866_text_002369.wav,Kabhi Prothom Patai Hogi Ghate dhaatu Hotpot proshno Uthe,Bangla
0,040631_text_003560 (2).wav,Tirupati ka Vishay chutti Patra cost,Bangla
0,040649_text_000610.wav,Dui gang manage.py Bharosa Road durgatna Ke Piche Gahlot Dibrugarh Kamrup Express,Bangla
0,040836_text_001340.wav,Apni Jaan Apna Bil today Ho Shor Kare Puri badhate Karya Lagu medical chhatron,Bangla
0,040988_text_003859.wav,gram to budharaja Moto sheet chupchap Dhokhe se Kolkata hai,Bangla
0,041035_text_003578.wav,a landmine e Akon police Aadha Shyam Mohini shop Chethan ke Vishay,Bangla
0,041429_text_005594.wav,tab October Samadhan Rashtra punjo Aadarsh Aadarsh Bhumika Palan korche na,Bangla
0,041503_text_002422 (2).wav,Ta Punita coaching kabutar a shikriti ki Chhota Vishva coronavirus story,Bangla
0,042487_text_003318.wav,3000 Koti Takar Puri Kalpana ji Poshak ki Naam look East,Bangla
0,043041_text_005620.wav,gadi theek hoti gross Holi Kaun Apna Mitini prani bheje Jaan,Bangla
0,044237_text_002195.wav,Atif fallen Maneka Gandhi email kare,Bangla
0,044698_text_003920.wav,Chut Pe by Ritika pace bowler Brett Lee odhali field length,Bangla
0,045331_text_003641.wav,Keith Johnson show trees Bishnoi Tara patent Baje Dekhte chai,Bangla
0,046401_text_001098.wav,kinnera asangathit Kshetra Jo no 402 Shri ki jaatiyon Commission coronavirus hai,Bangla
0,046535_text_000902.wav,Raju Mantri Shobha AVN Pradesh Congress se shighra actress Tora Badal Hawa Kotha se,Bangla
0,046614_text_000470.wav,Pratham Drishya kashful radio Birendra Krishna Bhadra Chandi path,Bangla
0,047441_text_002610.wav,Lalu Mukabala BJP taner srinetra ke Dankaur acche Bihari,Bangla
0,047947_text_005738.wav,Himachal Pradesh Rohtang Pass aaj ki pura short Adhik positive ke Udhar ko acche se na Bahini,Bangla
0,048432_text_004957.wav,police jana hai pukurer Jole Shuddh Kote Chunav hue the,Bangla
0,050391_text_003211.wav,Khabar related Khetri use and through vyavastha Akbar,Bangla
0,050428_text_003889.wav,witch hunt Jai Italy shekhauni branch thalaikundha Ooty,Bangla
0,051526_text_003803 (2).wav,Gudiya period on acceptable but the Knights of the below given 38 and Mona mother,Bangla
0,051841_text_002422.wav,tar tar coaching khomotar security ki Chuda Vishva coronavirus,Bangla
0,052377_text_001022.wav,uddeshy ilaka Shanti shohar ko Sham Pratiksha MP3 vatavaran Srishti,Bangla
0,052888_text_005679.wav,Palamu Madhupur corporate user quota in n Prasad meaning,Bangla
0,053307_text_000607.wav,Lalgudi Nahin ho to Jawan der Prati swadhyay gun salute Jana 6 core mirror,Bangla
0,053523_text_005958.wav,4 Baker Dhata Bull Madhuri activity Anshu kurte bolechilo Parishad,Bangla
0,054673_text_005876.wav,Kashmiri banshidhar Sharabi shohar Drishti Sahyog Siddhant,Bangla
0,054828_text_003343.wav,tourist guide ke Anurodh Kaur and Shaikh Dhaka Dewar Jonno,Bangla
0,055239_text_004607.wav,great eastern retail best Koti bideshi Sanstha aavedan Janiya se,Bangla
0,055394_text_003805.wav,sunechi Jamalpur actor aashto Pahalwan ki Kushti paath origin,Bangla
0,055648_text_002754 (2).wav,Uttara check master Jet Airways abung Yeh Sahara,Bangla
0,056387_text_001943.wav,jana padega are closed in fielding on solo die,Bangla
0,057620_text_005670.wav,Ja Sikkim ke Bharat ango Ki Seva Mein niwari namantar,Bangla
0,057642_text_004144 (2).wav,Karbonn A type retasha,Bangla
0,058523_text_002280.wav,Manju kar Binu coronavirus Thailand Shrinath cook in CV,Bangla
0,059811_text_003435.wav,shikharam thekedari Drishya Maar niche tha ka garbhvati Marwadi power Jaat se,Bangla
0,059951_text_002710 (2).wav,Musafir Anil Kapoor song Apna donon to Ek Thi chumban Drishya Aate,Bangla
0,060749_text_003956.wav,team list adhan Pradhan show my bojha baby branch,Bangla
0,060935_text_004066.wav,Jila ration dealers Association Ashok Bhagwati mokshit oliebollen ki korbo,Bangla
0,061584_text_003035 (2).wav,Karachi body both of the cables and Smith,Bangla
0,061852_text_004020.wav,yeah Pareshan Ho tarikh Dhaar joke raha hai,Bangla
0,062354_text_004115.wav,Shambhu Babu bolun Ek Din Thodi Socha,Bangla
0,062694_text_005052.wav,dirgho dene Ghare boshe Jalsa party Mistri cars,Bangla
0,063005_text_000161.wav,Pradeep Joshi ka Shastra parivesh fashion Lifestyle jakar bola hai soft news,Bangla
0,063315_text_005466.wav,Karun ful Diya Kolkata Moto cool pirauna Bata 7 M Sharab Peena,Bangla
0,063865_text_003239.wav,beauty Nirdosh vyakti ke Hath Jodi aaj ki Rakha hue the,Bangla
0,064318_text_003957 (2).wav,Aaye June baby show cricketer Shyam Babu Mohan Aayog dwara Hoyechilo Michael Clarke,Bangla
0,064599_text_000491.wav,society slogans hello Calcutta save its past to save its future,Bangla
0,064995_text_002677.wav,Kabhi Wahan ki speech kamo Nobita Ne at 80 broker 260,Bangla
0,065088_text_005685.wav,Sampriti teen Talaq Hote,Bangla
0,065550_text_002696 (2).wav,vah to July marksheet Hamesha gauranga Mahaprabhu Bondi Re chori ho jaaye,Bangla
0,065662_text_000896.wav,Guinness Book of Records in mote Prithvi Theatre Prachi note on steam engine,Bangla
0,065801_text_001642.wav,Jism 2 Bond with tha coronavirus,Bangla
0,065917_text_002982.wav,khichuri recipe Duronto chitranna to Ashu Allah gaan,Bangla
0,065936_text_003943.wav,actress Deepa catch Mani test career Khandeshwar Jito,Bangla
0,067059_text_002758.wav,Rabindra sarobar poribesh ruk Hai Kolkata High Court Aitbaar Kothur manobhav Nellore,Bangla
0,067107_text_003492.wav,show me to Priti Shilpa Rao Jota Jota Maurya Taki Shah Joker scene,Bangla
0,067897_text_000133.wav,go to November Masi dusra Apne Shruti akuluto 200,Bangla
0,068160_text_000638.wav,reflection of another day Udyog make Utsav theatre bolo local art gallery,Bangla
0,068600_text_003793.wav,alimuddin Lilliput Ne Tara Shashank it support per Chanki,Bangla
0,069339_text_001896.wav,ab Shubh BJP to Shahpur Mein Shamil hone Purohit yukari Ojha Premi ke Kendriya Mantri Koriya chhilo,Bangla
0,069360_text_001752.wav,kab suneli Duggal be authorised Hote thake industry,Bangla
0,069453_text_001192 (2).wav,IMO Te Pathanamthitta Jilla Chhotu Shahar pump Dakshina Murthy shop Singh University Pune,Bangla
0,069658_text_002631.wav,Pradhanmantri Badi Rashtrapati Bhavan South Block North block AVN Khush Sansad Bhavan,Bangla
0,069793_text_001297.wav,Kolaghat Thana Shantipur grammar followed Bakshi Abdul Wahab 62 and her children,Bangla
0,070207_text_005242.wav,Sharad Utsav resh ki bhabe use no Raste per Mod dho Agroha Unison Dekhe,Bangla
0,070457_text_005088.wav,genius Patra Vidyarthi ke bar Kora Samay purv Mira mombati Jile ka aaj kirtan,Bangla
0,070540_text_000891.wav,navoday poly Mangal sarvjan in Sonar Toli Mandir Sonar Durga Pratima,Bangla
0,071824_text_001201.wav,photo re Pota poti GTT Govind Singh Gul Kintu Thakur boy,Bangla
0,071940_text_002527.wav,Ab To Shishu Vidya Bhavan iritty mattukara Karaikudi,Bangla
0,072167_text_002271.wav,Hathi Sal Bhar Hathi simahin prachar Jo Aaj Ne chauki Itihaas,Bangla
0,072923_text_005748.wav,bhitaura Jo Khoon hrb biodata konbir shamla to him Singh ke police,Bangla
0,073811_text_005967.wav,High Court is nirdesh powerport Raju prashasan nirkhi pratyashi Rohtak her motto,Bangla
0,074179_text_000899.wav,Mata Agni Ke Tu Lage Unnati ke,Bangla
0,074985_text_001351.wav,represent muqdisho shilpakruti chinnanur chest 38 Prayas Gulshan Urdu Tara,Bangla
0,075472_text_005509 (2).wav,action competition Lal Krishna Advani Singh ne Thara,Bangla
0,075732_text_003277.wav,Shillong kharab Abu Hawa Jonno udane Bagalkot,Bangla
0,076100_text_002966.wav,Japanese sahit follow prasnalu Chunav Chandigarh to chitkul,Bangla
0,076551_text_002358.wav,Swami Vivekananda abru Hindi bhakti song Himalaya Shah Rukh mohitlal Majumdar,Bangla
0,077035_text_003420.wav,Ne Mane Tara who wrote to avashya mante naraj Awaaz Van Mantri Gautam did,Bangla
0,077949_text_004282.wav,education Babu on Sridhar hisab Gal dasange Raja Kotha Bata shuru vegi,Bangla
0,078379_text_003542.wav,ki to Taj Mahotsav busy Bhagwan Mastani Raj choctaw Hawa Kotha noy,Bangla
0,078586_text_003414.wav,dukane Dhokhe Prathama thara divyendu boyden ka naam Jante chai,Bangla
0,079569_text_004966.wav,airport Kshetra geographical information system and GIS Honge Juda Hua,Bangla
0,079600_text_002681.wav,viktu Neel eranholi chilo acquitted,Bangla
0,080114_text_005873.wav,Uttar Pradesh Mainpuri Lok Sabha Ashwin rupoli bachon ke Vakil Ghosh Nakur nirbachan Commission,Bangla
0,080536_text_004621.wav,show me barbie Kale shareit in Gwalior Ghat Kashi Hote,Bangla
0,080907_text_002509.wav,Baki Taka proposed major change Ghaziabad Din,Bangla
0,081104_text_002806.wav,police Chennai Taki Buta Kono Australia Ghat karave chilo,Bangla
0,083498_text_004877.wav,gram Bangla photo bhumit Orissa photo Chitra and Notun Notun Srishti chesta,Bangla
0,083571_text_001541 (2).wav,fabrication tarike hariye shahuji chothu round Woodland Sheesh Upadhyay Rodger Federer,Bangla
0,084246_text_002032.wav,pass Thi Kyon bhai Kyon bol nisho2019 football are you ba,Bangla
0,084616_text_005596.wav,Chintu TV 1 gram Maa Shera Bharat aur Nepal buddhe Jata Hai Court,Bangla
0,084631_text_004461.wav,Partho sengupto lokhimpur Bareilly Notun operation manager die to Neil Island,Bangla
0,085527_text_000889.wav,hug restaura corporate club gymnasium Lounge Conference Hall,Bangla
0,085586_text_004002.wav,meliton Mount Abu Sune Glen Magra Shiva Shambo,Bangla
0,085687_text_000735.wav,rukna rashtriy to songs Tha Gul Aur Ek Thi board To Teri Hawa Kotha,Bangla
0,087017_text_004435.wav,H M Nerurkar Tata Steel kalinganagar Odisha prakalpa vice president Nation,Bangla
0,087630_text_002451.wav,leader Shyam Ne acche 9 number 8 handley AVN Tosh number provisional duty,Bangla
0,087813_text_002623 (2).wav,dheerbai I hate u thornberry api-gateway Dhokla ageless,Bangla
0,088292_text_002095.wav,lunch buffet 4th AP 10 minut news reporter paroli bus,Bangla
0,088390_text_002137 (2).wav,PT Rajan Mata hit her mother Kichu Hi Ne,Bangla
0,088550_text_003836.wav,ghughudanga post office Amar mis account that,Bangla
0,088617_text_002391.wav,hot Kati Budha Jaane show my name actor Kotha bola,Bangla
0,088920_text_000562.wav,Saudagar putir Chalte Ghare Ashoka tomer munnan Begam ke kirae RTO Beed,Bangla
0,090275_text_004972.wav,faagun never pore DC South Anuj Sharma office ST Courier Trackon,Bangla
0,090438_text_004467.wav,Uttar Pradesh sarkar ki Pratinidhi Doll Ke Bhatiya upyogita porcelain posting Gair Aurat Mantri oshim Das Gupta,Bangla
0,091413_text_003257.wav,Puja aur Chole Bengali Asia samdhan onno Matra Jude Bangla Sharad Utsav,Bangla
0,091696_text_002577.wav,khudito Pashan na Ki God bhojapuri Vishal jamidar Bari,Bangla
0,092725_text_005713.wav,titani Chand short carita ke Apon ke por,Bangla
0,092821_text_004028.wav,Ronaldinho Ke Dekhe Amar dohan quaere Kotha Mone Pode Jaat se,Bangla
0,093159_text_004015.wav,a series a Bhalu ki Chakkar Arjun yudh group chhilo,Bangla
0,093304_text_002759.wav,protibeshi arunendra Bokul Kotha Shipra Devi ke besh Karva Chhod deti,Bangla
0,093717_text_001014.wav,Kashmir attack Prachin Bodh stoop hajir Ram Ka Adhikar Lene Umesh Priti song hai,Bangla
0,094212_text_003345.wav,got open charge bodhu Re tiltil courier Kolkata Puch Puch,Bangla
0,094535_text_003252.wav,Urdu doctor ke Brigade Puraskar rakhar nirdesh device kilo,Bangla
0,095933_text_004358.wav,Infosys share a folafol raat ko Ne kutte se to Prajapati Shilpa,Bangla
0,096835_text_005794.wav,Ram Vilas Chirag thakna Kudi Lalu Titi joke Montu Bhojpuri,Bangla
0,097602_text_000011.wav,visheshagya Bhushan activity Anshu cansar Judaai Khada Bhasha AVN adhikansh pratirodh Gogo,Bangla
0,097649_text_002388.wav,Patra Patra site without ki video clip mukhya nitiksha Dikshit Parichay,Bangla
0,097904_text_003852.wav,Raju Shetti Pradhan Utsav puthucode AVN Pukar,Bangla
0,098137_text_002339.wav,Holi Adhik Matra durdarshan dekhiya taherabad Sona Chori Thakur,Bangla
0,098390_text_002265 (2).wav,Raju Pali nirdeshit BHU college Ruth Prabhu Yeshu ko Logon Vishwavidyalay,Bangla
0,099409_text_004956.wav,b square 1 June Rogi ke parthenon the Bangur Hospital AVN Annu Shastra Kendra,Bangla
0,099602_text_005443.wav,RBI Kuber mukhya map Chahte badhao Holland code Lalu Prasad Yadav,Bangla
0,099607_text_000637.wav,November Prothom saptahik sheet Akbar hot hatisila Paschim Honge,Bangla
0,099822_text_001174.wav,Najar Karde Pillai Swayam Kriya Superman Dhaki Ka Shor badok prabhavit model,Bangla
0,099833_text_002487.wav,kottinda Powai contact in salua no shooting,Bangla
0,100184_text_001874.wav,gorib shauchalay barish ho Earth ke on ekvirechi Puri part 2 Tha ke Shri Tha Ke,Bangla
0,100240_text_002416.wav,Vishva ka per miyamoto ki Shoti Asian footballer Franco baresi,Bangla
0,100453_text_003646.wav,Jo Bhi Jyada Bar Bar ulti chinnomul Aadivasi Bhasha Vuitton owner khane,Bangla
0,100485_text_001344.wav,ulti T3 Bajar Haji Sampoorna Baat Anukul parikshan parivesh,Bangla
0,100706_text_004783.wav,Mangal Barati nimnochap ki Chuda durbal Ve shudaiya chhilo chhatriy Gori dikhe,Bangla
0,101301_text_003166.wav,Reserve Bank Ashok the ghoshit aur Anita ke Shagun 2008 Mantri P Chidambaram,Bangla
0,101562_text_003857.wav,Romila shellino promo Janiya Dil intimate,Bangla
0,101812_text_000139.wav,marken 100 companies in borneo jungle Rock toronado prapt aur ki photo,Bangla
0,102114_text_002430.wav,amma ki Jid rithva Hoyechilo,Bangla
0,102315_text_005616.wav,tabhi Tara Chai Bhi Sarkar bhuton Ke tarikh puchun Kotha bhabi,Bangla
0,102723_text_002867.wav,Kintu ABT ko to kar Gale unhen Pravesh Khari hoti hai aaj Mohammad Arif santusht,Bangla
0,103058_text_003574.wav,Ek Mutthi shopping should hisab se Manipur,Bangla
0,103080_text_005452.wav,Pradhanmantri tradit anwarpur a Prothom bar Shastri Amritsar Manmohan Singh,Bangla
0,103293_text_000907.wav,Venkateswara chikitsak Dr Shrikant abortion Venkateswara most isko bhaloi casket se,Bangla
0,103379_text_001620.wav,Earth on apni Jaat se Intezar Aaj Pipra Le Kono parbatani SOG,Bangla
0,104208_text_000609.wav,manushya ko bouchard groups To Hai Pune aap to Hota colon thalassaemia yakin to add jubok,Bangla
0,104399_text_001827.wav,can you check your sugar Raju coronavirus,Bangla
0,105106_text_000016.wav,Sonagachi services airport Jogan Jhola Kendriya Prati Rog ka Mantri Dhara stove with cylinder Dalmia,Bangla
0,105174_text_004153.wav,Chandra Prakash Jadhav aur Suresh dujo Ne hatir Pete the cat topper top Mein padh lo,Bangla
0,105223_text_005878.wav,bagpat ka Chiki song,Bangla
0,107565_text_001338.wav,Vishva broker Kshetra multidrug therapy Tarika joy,Bangla
0,108421_text_003124 (2).wav,Bhojpuri Dil Lakhan Coke Studio code Habib Bole,Bangla
0,108494_text_000540.wav,Vahi Rango Ne Tara Sara Bhole song hate ab Unka Jo Kala Tara open Te Ho,Bangla
0,108535_text_003127.wav,aagami boxer April master ke VAT chalu Hawa Kotha,Bangla
0,108785_text_002349.wav,bhi to marking Bhutta Raat Ki Notun Neta Vishay nibandh,Bangla
0,109165_text_001188.wav,Kintu 12 log Jagah java.awt khana padta hai,Bangla
0,109953_text_005694.wav,Hospital record voice pochutava,Bangla
0,110561_text_000894.wav,Shukrawar Mahatma Gandhi Road Shokeen Alok 6001 ki Guda Mein Aag Lage,Bangla
0,110830_text_001731.wav,mamuli active fruit ke kinte pakka actor Ghanta,Bangla
0,111005_text_003970 (2).wav,Kintu Shri aur theek ho catch mis call dena,Bangla
0,111103_text_003547 (2).wav,Jabalpur ka Khetri ko to Chhod Kar,Bangla
0,111523_text_004034.wav,Gokul Krishna two cricket Aadarsh Samne the ke Thanda Jolly Hotel Shaurya Ne Jaan,Bangla
0,112187_text_001730.wav,pitchfork Puja ke Jha ki Toran Ishita any hajir kurti 5 minut,Bangla
0,112572_text_001200.wav,ji Kishor dhandhani Paschimi Pratishthan parivesh bonus ko ho chuka hai,Bangla
0,112610_text_003185.wav,Z Naam Toh vichchhed Ham hai lajawab,Bangla
0,112926_text_001431 (2).wav,Amrit teacher school STD booth chalabo,Bangla
0,112983_text_003880.wav,Budhi kamate Hai Mohabbatein phone devar Muthukumar go to put in,Bangla
0,113189_text_003485.wav,bhanga Chakraborty action mujra Hota Sharma khane John to Shikhar Moto,Bangla
0,114024_text_002535.wav,Kanchi Shankaracharya jayendra saraswathi Jameen aavedan Hari Madras High Court,Bangla
0,114431_text_002537.wav,Bhagalpur Samastipur Muzaffarpur station se show boarding poster,Bangla
0,115138_text_001187.wav,berukhi Tamanna Pratham Pariksha ke shahidon ko hue,Bangla
0,115272_text_004614.wav,Bohra Gautam coronavirus Roma karao card Shuru kar diya Ek Haan Kar Ghare Ghare,Bangla
0,115505_text_001481 (2).wav,Pune Qurbani mito Aro Koto Gulo paudhon ke Pravachan,Bangla
0,116000_text_000267.wav,Gota Patti ka Grah ko kam se Aarohi Krishna Chehra Chuke aur Jor Dhara,Bangla
0,116921_text_003258 (2).wav,police station the whole Chirag m t Rinku ki mara vichchhed,Bangla
0,116966_text_002824.wav,Koi grihobodhur Shammi shoshur Ho Shastri ke cryptr coronavirus hai,Bangla
0,117131_text_005911.wav,patent Billi obesity to Kotha,Bangla
0,117465_text_002691.wav,tum log adalot chotto Re Bande samarthak De Sange Sange hostel Dosti Chalegi Chakan,Bangla
0,117505_text_001095.wav,Sanjay Khan Saif Ali Khan song Allah Wale Hai,Bangla
0,117943_text_002752.wav,reasoning Australia Japan Bangladeshi cricketer khubi pothandu A Raja ful Bahar,Bangla
0,118208_text_008011.wav,AC number Lieutenant Rodger Federer fanclub face to Nahate Rasta bataiye Pareshan,Bangla
0,118490_text_002329.wav,so sorry De hajir Nellai police super Kanyakumari Deputy police Supreme Court,Bangla
0,118577_text_004031.wav,budapo ke Kaun solution 8 Bandopadhyay bolun Sourabh Akbari in viruddh Kichu Colony,Bangla
0,119094_text_001333.wav,nap baroque a private equity equity prakalpa,Bangla
0,119344_text_000344.wav,krishoker Gan we gotta aalochana Pratap Sune thik thak bujhaniya,Bangla
0,119578_text_003950.wav,Vishva Championship bronze Asia Desh sonajori athlete Bolton love alarm,Bangla
0,120182_text_005567.wav,a Prothom Maharashtra vidhansabha booted Anchal javeri Bajar in Bengali,Bangla
0,120388_text_001049.wav,shaadi 2008 4:30 ke bola hai land scan system,Bangla
0,120723_text_002326.wav,cable per Ek Ne Shukrawar Shaniwar Badruddin Utsav,Bangla
0,121539_text_002417.wav,Ronald nameta Dhire pt100 chele aapse,Bangla
0,121619_text_004024.wav,Madhan Chaudhari nirvachak Gopal Sharma Jado Kartikey Jonno,Bangla
0,122160_text_005745 (2).wav,can you know sheet that NOC Milte shuru kare,Bangla
0,122362_text_004796.wav,Sameer hoti schnapp Misty Devi 9 bahut acche lekin yadi Sahara,Bangla
0,122697_text_002155.wav,Haathi Thailand Basant Kumar Birla Chhotu Mein Manjushree Khaitan,Bangla
0,122917_text_000748.wav,Amul Pandit of ego AVN titodi rajnitik Neta Bharat Khoob com dikha gaye the,Bangla
0,123105_text_003722.wav,Naat Kyon Nahin boli Aaj V Trade Centre Ara 12 Pratik,Bangla
0,123475_text_003021.wav,100 Shankar Manohar cricket on Sugar Hona ab Chali Gaye Pardes,Bangla
0,123660_text_002268.wav,Karbi anglong pk Dujone ke dwara per geet dashara ke Ijjat,Bangla
0,124248_text_005789.wav,papdi Kyon do tukun De tukun Taka Kotha Roy,Bangla
0,124352_text_002599.wav,mukhya Basanti the process to should avoid akhanu doctor vachak,Bangla
0,124729_text_000135.wav,dinobondhu Babu rajsha se Bhavya barotlive Jhargram to Tata Santosh Chauhan,Bangla
0,125631_text_002924.wav,na Pi leta hai dil shaadi kar Pramod Tota himsr Bankim paudhon astro joki,Bangla
0,125673_text_006057.wav,Mona Mathur Kashmir samasya aur samadhan Shanti Purna aalochana vyapari antarik ko motivate hai,Bangla
0,125855_text_001468.wav,Baki Jo me or Nur Bewafa Dur bhi Ko Dikha De lo,Bangla
0,126031_text_004450.wav,Holi Asia Re damage Sange bohu manushya Arthik sarthu Jodi,Bangla
0,126032_text_005811.wav,tabhi chhutti starchamps Apna koi bhi petrol Dam,Bangla
0,126300_text_001101.wav,Naat bahut Sushil Bhakti noton per local Puniya se Paschim Banga Sarkar Sanstha tone Tu Jo,Bangla
0,126566_text_002178.wav,Gopal Bhar Hathi Marne pothu shomoy that chuku jollychic kutchina,Bangla
0,127042_text_002560.wav,Gucci Armani Versace Maut Ho Gai Khatu dikkat Hai Ke ki bolun to,Bangla
0,127289_text_005516.wav,venkaiah Naidu Arun Jaitley visiting a projected heart to listen,Bangla
0,128130_text_002783.wav,Anushka Sharma photo Mantri short kurta look for engineer there,Bangla
0,128170_text_000095.wav,Dilip bank circle Khoob prasansha Sujok bharega,Bangla
0,128995_text_003493.wav,Aalu chunavi Gupt gyan Kishori,Bangla
0,129464_text_000012.wav,duet encounter chilukuri kar bojhapora soja Suji AC gay Pratigya ovinoy Kabul,Bangla
0,129891_text_001288.wav,Jamui block adharsha grampanchayati Jharkhand party Narendra Kohli,Bangla
0,130210_text_100065.wav,theatre Dekhte Jatra Dekhte niye Jaaye Boro Boro Bhalo restaurant khave,Bangla
0,130273_text_100054.wav,Nija Ghare Aasan,Bangla
0,131174_text_005592.wav,onexbet Khoob doi nirdal hisab in a hotel Ashok,Bangla
0,131236_text_002348.wav,Swathi thirsha Tukur Tukur,Bangla
0,131440_text_004971.wav,Parsi minority development and Finance Corporation head office,Bangla
0,132270_text_005803.wav,Khuli Chaliye sivante Jhutha Jhutha Bhav to richest about dost ko designer,Bangla
0,132348_text_002115.wav,New Horizons Kolkata chalu kholo today to chhutti Prashikshan Kendra,Bangla
0,133005_text_003090.wav,airport stock vinegar white wine noon AVN Chini Diye 4 ton,Bangla
0,133488_text_000144.wav,Jara oporadhi Shastri Chand Tare muktibodh khulata ka Jaruri,Bangla
0,133555_text_001436.wav,brishti bikini tapori Vishay Aaj arunachalpradesh bhoot wala Mota Moti Shanti Pune,Bangla
0,133935_text_003523.wav,shop pretty Shillong Kendriya Saurashtra Mantri Bhram Ho Karan,Bangla
0,134098_text_000158.wav,cricket Taron Ka Navjot Sidhu Krida sala Jhooth manoneet ovation,Bangla
0,134492_text_000091.wav,Monster police kothara alien Lalgarh range officer Bolo Bangla ghantakhanek with Karan,Bangla
0,134569_text_005308.wav,greater coronavirus Jitendra Prasad Sahu AVN Mohammed Anwar Ali Naam dusron Ke,Bangla
0,134579_text_002605.wav,shooting a Lalu Dal Aaja Re Turi Khati chobi,Bangla
0,134998_text_000145.wav,AVN Paris and Jacqueline ki Ronaldinho Sange ke Lakshan,Bangla
0,135904_text_004797.wav,which of glass painting Hira thakbe Nath Mandir mondop ke,Bangla
0,136837_text_003263.wav,look police Mohan 2019 Sangeet akashe Chand Saudagar a shop today Madhukar Tori,Bangla
0,137467_text_003753.wav,Vishva Manchitra Shilpi Jagat livingstone a business on net Jubilee I morning quotation,Bangla
0,138054_text_002823.wav,Baguiati Rakhi John bahul Awaaz 531 flat Badi Te dejo website chocolate Ho display police,Bangla
0,139734_text_001393.wav,economist AVN geophysicist poguthu below kurti bolave Che,Bangla
0,140119_text_000897.wav,Java Urdu sito BA ratang Havelock Sahu Anshu DP robibaar bichhi Nohay Pade,Bangla
0,141277_text_003352.wav,premier Mushkil Pondicherry naachti naachti biryani in Jeet,Bangla
0,141618_text_001164.wav,Gwalior women Ghati Thi Ki Kahani Buddhi Tej and Rakul,Bangla
0,141981_text_002308.wav,Market Metro Israeli song you go to shortcut Amul Shikshak Bharti,Bangla
0,142086_text_002820.wav,Anjali comedy sompadok ejajul Hog bolun Ghar a Jaega Tapur to theek hai,Bangla
0,142270_text_001837.wav,Chennai school Abhinay Tu Jo Meetha ka Jahan Chala bahut ho chhe,Bangla
0,142323_text_000332.wav,Kanchi Sringeri motar Shankaracharya join Saraswati ke greptar coronavirus,Bangla
0,142627_text_002143 (2).wav,khanakhan do arj all for the poor,Bangla
0,143707_text_003373.wav,how to show the agreeable oshawa victory to do khincha Hotel Bishnupur,Bangla
0,144659_text_004096 (2).wav,short Kari Basit janudi Lakhon opekkha kutte wale bus stand,Bangla
0,145117_text_004271.wav,Pasha Pasha utpadan ke rajepur Imaan kormati Thakre and Sharad Pawar speech on ke andar booked,Bangla
0,145313_text_005875.wav,Tarapore Jayalalitha Raja police ke girftar kar lo Shristi hue the,Bangla
0,145351_text_000742.wav,select committee because it speaker ka ichcha Paneer Pakora,Bangla
0,146172_text_001858.wav,Shantiniketan every weekend kathalo Resort Hue uthate hai,Bangla
0,146398_text_001987.wav,Euro Cup Ashok willfully Deva that forward Arjun Robin K Chelsea,Bangla
0,146663_text_003742.wav,Kanak jonoprio allopathy dakta onak Bijoy h********** Osho there karjokarita mean in EN,Bangla
0,146775_text_001431.wav,Amar Arshi Chas korbo na STD booth chalabo,Bangla
0,146867_text_003568.wav,licence power Kshetra ki Chabi thi nishedh aarop coronavirus,Bangla
0,146877_text_005301.wav,Dupatta on Tor Dariya tha Kadhal der fish fish Ani liye jaintia Achcha film,Bangla
0,147026_text_002563.wav,Vishal Jo chup Patrika apna dusra Apne Din Ki Ake Barish,Bangla
0,147443_text_002507.wav,kukrakhupi take a Rohini Java Rasta paudi duty bhag 2,Bangla
0,147646_text_002415.wav,panchkolguri DTU sthaniya Chin Paraguay Jose cardozo,Bangla
0,147921_text_003101.wav,auto Main Hoon Na chemistry teacher ke FERA na javega,Bangla
0,147978_text_002291.wav,Chhattisgarhi Moti Lal Bhola ke Surya Ajit Jogi ke Dai Tor Kotha Chhod se,Bangla
0,148885_text_001336.wav,Red Tape today shitkalin jute aur Sambhar Bajar in yellow,Bangla
0,148986_text_003141 (2).wav,Shikhar Alang purana jahaj bhanga Shilpa,Bangla
0,149054_text_004615.wav,aantrik Akram to Behala Kichu manusher Pani Mein Jale dusron Thodupuzha the,Bangla
0,149496_text_002285.wav,Krishi upaj Shilpa Kshetra vriddhi ki bhabhi slot,Bangla
0,149541_text_004276.wav,iragai Itni onzo Bank general manager children,Bangla
0,149664_text_006062.wav,kabhi hai comand Aama ke vyapari prashn Kundli Army aapurti Qurbana,Bangla
0,149672_text_005307.wav,Dharmapuri home Court report ke durvyavahar Dadar Manushi avsar coronavirus hai,Bangla
0,149786_text_001475 (2).wav,Jigani a shop jiggasha Hathon ke viruddh pratyay,Bangla
0,150117_text_001960.wav,shish Kudi minute Notun Brazilian powrnami pesh ko ek baje utha lo gallery,Bangla
0,150288_text_002294.wav,Anjali mudde to Kashmir gilgit on Chalo Chalo,Bangla
0,150506_text_002731.wav,rukna Rashtra to Sanstha punarjeevana poschimbongo ke Pradhanmantri Kendra Bondhu Sarkar,Bangla
0,151230_text_003427 (2).wav,Silver Rock Uravakonda Juno doinik Mota Moti by 6000 taka,Bangla
0,151873_text_002797.wav,Montu upkaran hisab,Bangla
0,152750_text_001927.wav,bikini Shinde chhutti schedule chhola badam shoshan ke liye Makhana,Bangla
0,153066_text_003734 (2).wav,Kintu Bam rajnitik La October Lambe kurte chahie naye,Bangla
0,153751_text_002760.wav,purv Shobha oporto Daftar Sadharan manushy,Bangla
0,154221_text_000734.wav,Victoria AC Pratinidhi Dhola station Shillong a brookside housing,Bangla
0,155084_text_003295.wav,padagotti gandi Shubho Sato Nadiya Ka bukute visheshokti Ke,Bangla
0,155182_text_001876.wav,ashaon ka hua hai Tumhen Tohar Bindu Kishor ko kisse Hui Tere Piche chhod na,Bangla
0,155605_text_100056.wav,Sudheer Babu at matrame Kuchi,Bangla
0,155647_text_002775.wav,tadwadi Shivpur Thana ilaka cows Ghat road force rotation jokes for le,Bangla
0,155704_text_003879.wav,Ashok Thakor Nu Maran Rahul jhal Muri khabar bhaloi,Bangla
0,156147_text_005753 (2).wav,Station colony Sharbaton in Gohana uthake Durga video of should both quotes,Bangla
0,156227_text_000625.wav,Annu ko ek John Bondhu ke liye Rinku der Dekhe part Sona bhi Tura,Bangla
0,156239_text_004505.wav,O Manish ke Greater Noida Delhi prashasan Bhul Sanket Pathak se,Bangla
0,156256_text_001857 (2).wav,President Roosevelt Bullet chalon a Parishad Janu Sahib date love u Na Hoi,Bangla
0,157354_text_002694.wav,Aage blood bank Fakir October Baje to Khurja China,Bangla
0,157477_text_003926.wav,Army any prashnotari Bollywood Ahmed advocate Gali galoj kare,Bangla
0,157598_text_005870.wav,Islamabad bimanbandar Itni bolun Se Naraz Jay kondeshwar Shridham to Keshav ho to,Bangla
0,157683_text_004457.wav,Trinamool dhake a bond Sarkar Ke Benazir Bhasha Kota kukur Nasscom president,Bangla
0,157926_text_003652.wav,Kintu Pentagon at Uddin Polo factory b t Rajiv,Bangla
0,158287_text_005549.wav,Sangathan auction Upadhyay Raju Guli hollow Andhra Pradesh Orissa Madhya Pradesh Bihar Chhattisgarh,Bangla
0,158778_text_005587.wav,Manipur nirapatta vidhayak Ekti Notun Sanjukta Shisha command,Bangla
0,158941_text_001618.wav,Gaur Grandeur De Prachin Badi mahishadal 2nd Ki Gudiya sajae,Bangla
0,159923_text_005160.wav,Mangal Babu Re ghota la de ghota Sonarpur Thana Allah kar do khinch Sahiba gane,Bangla
0,159979_text_000738.wav,jai durge song ho Ghas Oka Sar Aaj Diye mondop Aakar Soniyo,Bangla
0,160361_text_006048.wav,Sarkari kusauli Manjula Rao Aaj 1000,Bangla
0,160933_text_004447.wav,Mukteshwar protetor mountain chalao Bondhu De the ke Tohfa Thakur,Bangla
