,Filename,text,language
0,000815_HeavensRevenge-20110528-qbe_de10-016.wav,simple and fork in an from the block and hyperlink and,German
0,001700_GeorgSimmel-20140421-ndq_de11-167.wav,nashta financed Yogi woulda fitting used to control volume,German
0,001900_AdrianTovar-20080727-bxq_de11-074.wav,Japan try principal with sharing 8,German
0,002094_HeavensRevenge-20110529-rju_de9-043.wav,in private network that not present in our masturabation,German
0,002875_HeavensRevenge-20110528-wng_de3-42.wav,in a Proton with effect is an event off login,German
0,003168_BRwgt-20140228-vcp_de8-058.wav,Eid computer for internet admin distance any IP address,German
0,004172_Crokoking-20110119-dbi_de10-155.wav,is it possible to grow strawberry answer from takli,German
0,005041_BRwgt-20140228-zpn_de11-019.wav,bus is twins bye good so kind 29 Titli shaped Yogi theatre wale,German
0,005269_DanielNeuhaus-20080303-jzi_de4-68.wav,antim mathematician operator activation permission eigenschaften Subah Tu chahiye,German
0,006608_Crokoking-20110119-dbi_de10-148.wav,experiment is a no 20,German
0,007112_Defense-20090727-wmu_de7-051.wav,1st November increases blood second,German
0,007350_HeavensRevenge-20110528-bno_de6-16.wav,taking my no 150 - 3 Guna paragraph 150,German
0,009441_Crazo-20091014-jzh_de5-003.wav,district versus office ka result,German
0,009829_HeavensRevenge-20110529-lge_HeavensRevenge-20110529-lge_de11-033.wav,the ones are clear on and on failing a snake stick,German
0,009881_Crokoking-20110119-dbi_de10-154.wav,nasta 2002 snan son name,German
0,010830_AdrianTovar-20080727-xjh_de11-144.wav,that's why I just after it can't be fired,German
0,010918_AnnaKarpekewitsch-20091129-jbu_de9-029.wav,jio phone se Idea Kaise Din Sehwag in a liar,German
0,010981_AdrianTovar-20080727-paz_de3-23.wav,this Republic toys went out in GB they did air kinderstars cabled house,German
0,014341_AdrianTovar-20080727-xjh_de11-149.wav,what items time in this stuff tribal I am,German
0,015885_HeavensRevenge-20110529-wfp_de2-11.wav,yah to Aishwarya sicherheitssysteme on Vishakha,German
0,018966_AndreyBarrientosCostaRica-20130720-pyu_de10-012.wav,BPL unterschrift hindisixi Mein Kunda dam built,German
0,020308_HeavensRevenge-20110529-uiz_de11-110.wav,echo point uthana sign and Secure location to allow water,German
0,021119_GeorgSimmel-20140421-ndq_de11-168.wav,inflexion tourist in Supreme,German
0,022869_DanielNeuhaus-20080303-hfe_de3-50.wav,the price of computer,German
0,023277_HeavensRevenge-20110529-klu_de7-071.wav,play Regulation and fun of therefore,German
0,024134_HeavensRevenge-20110528-baj_de3-31.wav,I am text converter FaceTime for comment on bacteria on,German
0,024542_DanielNeuhaus-20080303-zpn_de5-126.wav,T4 Unki councillors list,German
0,024901_BRwgt-20140228-bgs_de8-028.wav,when can we learn nets for FIFA is who seek to ensure that awesome under the next h,German
0,027068_BRwgt-20140723-trd_de11-007.wav,funky Stenography creation time,German
0,027250_HeavensRevenge-20110528-ezs_de3-14.wav,internazionale Shroff fitness Suna list Cup on Windows,German
0,027477_BRwgt-20140228-nrb_de11-139.wav,TB cook admit I na cal staff staff biotin,German
0,031092_HeavensRevenge-20110529-ujo_de2-11.wav,yah To Bata sicherheitssysteme on the Shakha,German
0,031439_HeavensRevenge-20110529-uiz_de11-113.wav,10 photo kholo carnivorous internet for Vendetta,German
0,Error,Error,Error
0,035083_HeavensRevenge-20110529-byr_de4-52.wav,image of riot Centre for next 3 Mein from you can avoid the more than a few dollars more than stand,German
0,035352_HeavensRevenge-20110529-mlp_de11-108.wav,machine from Ham is noise in the afternoon configured,German
0,035575_HeavensRevenge-20110529-lid_de7-032.wav,and from the fresh Solitaire can't come of their own,German
0,036377_HeavensRevenge-20110528-baj_de3-35.wav,this is begin our kind,German
0,036587_BRwgt-20140228-kwo_de8-122.wav,3 stage how busy a b house 3 hun,German
0,040458_DirkSchnelleWalka-20090902-qoy_de5-035.wav,fire hydrant exercise,German
0,040507_1337ad-20170321-bej_de6-51.wav,places to visit in halftones booking the common,German
0,Error,Error,Error
0,042283_BRwgt-20140718-oxg_de8-076.wav,Kithe the internal IP address book and iron computer M learn forgiven,German
0,042324_HeavensRevenge-20110528-ezs_de3-16.wav,I am intern at 293 what Rashi Khanna all cylinders Mukesh,German
0,043210_DirkSchnelleWalka-20140703-eyz_de8-004.wav,Bansa fashion School l m Darshan Karva song,German
0,044141_AdrianTovar-20080727-gov_de2-19.wav,account of the five height and 19 of them files,German
0,044230_BRwgt-20140228-msx_de8-141.wav,laughing didn't give MI note 9 work in,German
0,044642_HeavensRevenge-20110528-ory_de4-15.wav,yeah party wear suit Sachiv elemental free first Muslim ke Nariyal,German
0,047144_BRwgt-20140228-bgs_de8-027.wav,sudden b l mission kind returns give you can get it all done,German
0,048020_HeavensRevenge-20110528-rms_de10-032.wav,tender praxis Moses nuestro,German
0,049792_BRwgt-20140228-qlo_de8-099.wav,Shayad Hindi for style women,German
0,051059_DirkSchnelleWalka-20140703-eyz_de8-008.wav,police police physical test,German
0,052105_HeavensRevenge-20110529-llt_de7-095.wav,it's not send any wireless LAN in fast of towards implementable,German
0,052589_BRwgt-20140228-nrb_de11-135.wav,seat available for creation for hand,German
0,057011_DirkSchnelleWalka-20101217-iws_de11-105.wav,Achyutam usko with dragon for their interest,German
0,057039_HeavensRevenge-20110528-wng_de3-47.wav,Sanskrit vyakaran voice Tanu 20 quality of personnel at newport Ragam,German
0,057839_BRwgt-20140228-yvz_de8-056.wav,schism cooled I ne ke Khoon click the annual khuman,German
0,057846_HeavensRevenge-20110529-qmc_de6-54.wav,China westergren is right again as it is clear because,German
0,058036_HeavensRevenge-20110528-qbe_de10-013.wav,Poland Kovalam Khandan and fastener for Somwar,German
0,059966_BRwgt-20140718-oxg_de8-074.wav,I Nahin IP address ward inspire IP address of Thailand,German
0,062521_FlorianLaggwwwlaggat-20121008-lia_de4-73.wav,Nach Nach,German
0,062961_DirkSchnelleWalka-20140703-lys_de5-099.wav,sq ft in square shaped images with answer,German
0,064152_BRwgt-20140228-msx_de8-134.wav,Ahinsa Din Khet Me and him at Kabil thinking stunt,German
0,064244_1337ad-20170321-mba_de7-014.wav,buddhivantha please and I,German
0,064375_1337ad-20170321-mba_de7-019.wav,list list in rice in Kurnool route which we can give born,German
0,064711_Crazo-20091014-rfm_de7-008.wav,it was 5% of forces between A and B tech to give,German
0,066345_HeavensRevenge-20110529-ujo_HeavensRevenge-20110529-ujo_de2-05.wav,chicken pox on the system's contained in an refund bekenstein,German
0,067221_AdrianTovar-20080727-paz_de3-24.wav,the signal with two fragments and a loser in Saina Piston Thailand Saini,German
0,068597_BRwgt-20140228-yvz_de8-055.wav,assistant consigned fictitious concept superstition,German
0,071237_DanielNeuhaus-20080303-jzi_de4-67.wav,Mamta sukti mathematic for standard INOX Omaxe hotel,German
0,074584_HeavensRevenge-20110529-gbj_de9-138.wav,tellarindi party Funk mutual Jackson,German
0,075028_1337ad-20170321-bej_de6-54.wav,China white again status cloud because,German
0,075951_BRwgt-20140718-ynj_de4-21.wav,team rocket site and split of the communal even if the communal for Fashion Street,German
0,076421_HeavensRevenge-20110528-fum_HeavensRevenge-20110528-fum_de4-02.wav,social text width fit nagananda fossils,German
0,077032_HeavensRevenge-20110529-uiz_de11-111.wav,IOS for lannisters Ocean waters drink and anna and,German
0,077351_Crazo-20091014-jzh_de4-96.wav,give the telephone softwares location please,German
0,077925_GeorgSimmel-20140421-fdc_de5-085.wav,"noise shots 5,000 yoga",German
0,079244_BRwgt-20140718-oxg_de8-067.wav,stock market is a dynamic distribution all and the common,German
0,079736_DanielNeuhaus-20080303-jla_de5-133.wav,where this victory Street in the place than this a b Lisa sign,German
0,080020_GeorgSimmel-20140421-zvj_de8-056.wav,awesome account Aligarh cold in the early human,German
0,080819_HeavensRevenge-20110528-baj_de3-38.wav,Assamese station east on the and fan of both side eye and head,German
0,081119_Crazo-20091014-jzh_de5-002.wav,design Armstrong most criminal status card,German
0,081489_FrankJger-20111114-zmx_de5-040.wav,Maharashtra,German
0,083139_HeavensRevenge-20110529-wfp_de2-15.wav,Tanishq Ahmedabad,German
0,084379_DanielNeuhaus-20080303-zpn_de5-125.wav,Fortune select,German
0,085919_DirkSchnelleWalka-20140703-eyz_de8-009.wav,content sharing and how does it cost,German
0,086003_1337ad-20170321-ufl_de3-41.wav,yah by which state an alphabet X launch gufa,German
0,091468_BRwgt-20140228-vcp_de8-049.wav,TI Software elizabethan and and Fahad carbon,German
0,092616_DanielNeuhaus-20080303-zpn_de5-119.wav,importance of Euclid,German
0,093972_HeavensRevenge-20110529-rju_de9-039.wav,100 watt of an informed by staff in an 800,German
0,094044_HeavensRevenge-20110529-lge_de11-035.wav,takle on Samsung are canteen ka him for health,German
0,094768_AnnaKarpekewitsch-20091129-jbu_de9-032.wav,wooden outside 16 to 20 India,German
0,095571_HeavensRevenge-20110529-byr_de4-54.wav,does online offline with sensor of English photo,German
0,095638_BRwgt-20140723-idz_de3-64.wav,if the UK keyboard and started,German
0,096421_DirkSchnelleWalka-20140703-lys_de5-100.wav,taneem ki prakritik Drishya,German
0,096744_BRwgt-20140723-trd_de11-005.wav,San off Tata Sky take off 37,German
0,097158_GeorgSimmel-20140421-fdc_de5-084.wav,torch bearer,German
0,097198_1337ad-20170321-qbd_de3-02.wav,Divya please call induction light and heat after software and,German
0,100453_BRwgt-20140228-ewk_de8-070.wav,Institute na house in Hindi guide book,German
0,102070_BRwgt-20140228-ewk_de8-069.wav,pithale tum khana Khao fine underreporting land of Oregon,German
0,102608_DirkSchnelleWalka-20140703-lys_de5-097.wav,find the text after his to be on,German
0,102698_HeavensRevenge-20110529-ujo_de2-06.wav,name the house to state Handloom shop,German
0,102979_AdrianTovar-20080727-iif_de10-137.wav,the four economic,German
0,103312_AndreyBarrientosCostaRica-20130710-hct_de5-057.wav,of cables 5 height but it does in a mile,German
0,103845_AndreyBarrientosCostaRica-20130709-cjw_de11-026.wav,ice fertile half the hero's crystal,German
0,103988_BRwgt-20140723-trd_de11-008.wav,capital of an inner side of the synthesizer garritan,German
0,104353_GeorgSimmel-20140421-zvj_de8-052.wav,affinity and specificity acetic tournament,German
0,106176_BRwgt-20140228-yvz_de8-061.wav,yadi IP address book in field sports in foot height,German
0,106312_BRwgt-20140228-yvz_de8-064.wav,import scanner module fun einem Hukum,German
0,107272_HeavensRevenge-20110529-dif_de11-069.wav,understand the Forgotten about hagens capacity it comes to co-ordinate van,German
0,107355_1337ad-20170321-ntd_de11-140.wav,reviews of 40 watt and the book 68,German
0,107957_AdrianTovar-20080727-iif_de10-139.wav,apman Deedar owner failure on 25th 2010,German
0,107960_GeorgSimmel-20140421-cgr_de7-059.wav,men's T-shirts to initiate insightful records for soaking beard,German
0,109101_AdrianTovar-20080727-gov_de2-20.wav,Manchester theatre 135 19 5 year,German
0,109358_HeavensRevenge-20110528-qbe_de10-012.wav,people don't ask of the wind it amounted in build,German
0,109522_HeavensRevenge-20110529-ibo_de11-005.wav,son of third second and third list,German
0,109758_HeavensRevenge-20110529-gbj_de9-145.wav,the cost estimate with iron,German
0,110658_HeavensRevenge-20110529-ibo_de11-009.wav,taking doctor loan of installation,German
0,111506_HeavensRevenge-20110529-llt_HeavensRevenge-20110529-llt_de7-087.wav,Wheel on finger and I can hymen on off location on Window,German
0,113625_HeavensRevenge-20110528-wng_de3-49.wav,where can you can catch 833 a technique invest theorem,German
0,115554_DanielNeuhaus-20080303-cxf_de2-36.wav,54351 222,German
0,116197_HeavensRevenge-20110528-peo_de10-074.wav,can maintain it with the interest of asean,German
0,117205_HeavensRevenge-20110529-lge_de11-039.wav,translate payment to Windsor clearing up Paytm,German
0,118434_DanielNeuhaus-20080303-hfe_de3-59.wav,and telephone on shoes for the interference of light,German
0,118493_BRwgt-20140228-msx_de8-136.wav,Shayad Hindi Din par Lekh in Hindi,German
0,119073_HeavensRevenge-20110528-mqt_de5-108.wav,the sweet fairness is lean on click add a lotion,German
0,119532_DirkSchnelleWalka-20090901-ajk_de10-046.wav,tubidy.io new for the UN,German
0,121927_AndreyBarrientosCostaRica-20130709-cjw_de11-032.wav,25 with uska will I am f*** after inversion of collect,German
0,124707_HeavensRevenge-20110529-gbj_de9-142.wav,papers on display at following on Instagram DM guard Siwan Bihar,German
0,126104_DanielNeuhaus-20080303-jla_de5-131.wav,really not rest please turn off the meat for talk,German
0,128175_de11-071.wav,paranormal Mod song gift to see followers on Twitter,German
0,128981_AdrianTovar-20080727-paz_de3-16.wav,buy International Prabhat West Khanna house in this Mahesh,German
0,130513_HeavensRevenge-20110528-qbe_de10-014.wav,when one of toc for how click,German
0,132373_de11-070.wav,going home with as fibres on the sentence on what's on off,German
0,132713_Crazo-20091014-jzh_de4-95.wav,lips aur Khushbu uncle,German
0,133169_1337ad-20170321-amr_de4-68.wav,Unchi mathematician object of the present listen angles of insulated serum,German
0,133174_1337ad-20170321-vyr_de3-58.wav,an Allen stunt Orton Android stand for,German
0,134061_HeavensRevenge-20110528-ahk_HeavensRevenge-20110528-ahk_de10-091.wav,tube reader for Salon software from 0 to philosophy,German
0,134761_HeavensRevenge-20110529-ujo_de2-09.wav,it ok it house I am too much of an h,German
0,135452_DanielNeuhaus-20080303-cxf_de2-29.wav,I know the trees of a tree is propanol,German
0,136149_DirkSchnelleWalka-20090901-ajk_de10-044.wav,12 Greater Noida market,German
0,136546_Defense-20090727-wlz_de5-087.wav,nobbing stand Parliament Harkrishan monashee,German
0,138093_DanielNeuhaus-20080303-jla_de5-135.wav,t m in philim tissa from Britain,German
0,138951_1337ad-20170321-ntd_de11-135.wav,Vivek Paswan competition for hand,German
0,139144_1337ad-20170321-amr_de4-71.wav,BP stem and deflection and height on thank oven,German
0,142533_GeorgSimmel-20140421-cgr_de7-053.wav,pig in Gothic no installation for open house,German
0,143128_HeavensRevenge-20110528-tte_de11-129.wav,nerve supply of the test items with solvent,German
0,143789_1337ad-20170321-amr_de4-70.wav,Nick Cannon with human of demarcation across a 1st Baron,German
0,144429_AdrianTovar-20080727-xjh_de11-145.wav,show baby cows gazettes 12,German
0,147074_1337ad-20170321-blf_de9-164.wav,terminal of political awareness in Gujarat,German
0,149940_HeavensRevenge-20110529-dif_de11-062.wav,s s an open source proxy server software,German
0,151237_1337ad-20170321-blf_de9-165.wav,it is notified by an exit a Prateek,German
0,152657_HeavensRevenge-20110529-lvg_de9-143.wav,tourist information of sqlite in concrete father on an abstract,German
0,153519_HeavensRevenge-20110529-lzj_HeavensRevenge-20110529-lzj_de10-015.wav,vi command,German
0,153623_1337ad-20170321-hii_de9-146.wav,confirm that Swayam,German
0,160045_HeavensRevenge-20110529-lzj_de10-024.wav,question hyperlink contest is Osaka first atom,German
0,160249_HeavensRevenge-20110529-qmc_de6-56.wav,gift cards for inviting delete and portia and swimming pool,German
0,160653_DanielNeuhaus-20080303-hfe_de3-55.wav,Iske tum bhi orchestra hall Tum Alto monopole,German
0,161455_BRwgt-20140718-ynj_de4-14.wav,l Krish I Nick is your situation when you can form when this is for father,German
0,162743_Defense-20090727-wlz_de5-090.wav,Desire 10 August a continuation,German
0,163269_BRwgt-20140718-ynj_de4-18.wav,emodin Om Pandya caste list,German
0,165287_AdrianTovar-20080727-iif_de10-142.wav,and Paisa access point in the Navy of a few,German
0,165957_AdrianTovar-20080727-iif_de10-138.wav,29 April crash and suicide scene full full,German
0,168012_DanielNeuhaus-20080303-hfe_de3-51.wav,technique is perfect for slogan,German
0,171220_GeorgSimmel-20140421-cgr_de7-054.wav,kandom ke sath Vitran kin kin search food,German
0,171973_1337ad-20170321-blf_de9-167.wav,to start and veterinary star cast of mother stick to it,German
0,172905_AndreyBarrientosCostaRica-20130709-cjw_de11-023.wav,10 ki sure to go with that flows in Communications metal,German
0,175455_Defense-20090727-wlz_de5-092.wav,any thoughts for the king by not make it IDE,German
0,176268_GeorgSimmel-20140421-wyw_de3-68.wav,Peterson Denge DK Saini 38 East he picking up,German
0,176528_HeavensRevenge-20110528-peo_de10-076.wav,purity and feet long question pond's ministerium industries,German
0,176554_1337ad-20170321-bej_de6-47.wav,I have to push rank home content in truth and Winston,German
0,176695_de11-072.wav,subhadeep saste Mein bahan phone screen touch twist,German
0,177042_AdrianTovar-20080727-bxq_de11-069.wav,and distant the four heart and it can sugar or not where are you,German
0,177454_BRwgt-20140723-trd_de11-009.wav,Tik Tok is of history,German
0,178254_HeavensRevenge-20110529-qmc_de6-50.wav,switch off and effects on their phone,German
0,178376_1337ad-20170321-qbd_de2-39.wav,light it up then that was it it is OK first time,German
0,179315_HeavensRevenge-20110529-ghq_de11-150.wav,questions of learning balance reference,German
0,179524_AdrianTovar-20080727-paz_de3-22.wav,Ansal Heights period of in the whole thing inside famu Christina Olympia,German
0,179605_BRwgt-20140723-trd_de11-004.wav,Jackie 4 with the theme of - voice over,German
0,181772_1337ad-20170321-czb_de11-100.wav,Norman the Cine Star Plus Malai mission the after they are,German
0,181912_HeavensRevenge-20110528-ahk_de10-100.wav,tempering on international resources ups and loss,German
0,182103_HeavensRevenge-20110528-bno_de6-19.wav,Krishna father and supermarket system never common,German
0,182524_1337ad-20170321-kgs_de11-039.wav,we had a nest and please comment Arvind Akela hun aapka game,German
0,182727_ALI-20130113-iyl_de10-018.wav,aap Naukari of interest wall,German
0,185195_Crokoking-20110119-dbi_de10-151.wav,innum access points table,German
0,185780_HeavensRevenge-20110528-bno_de6-20.wav,thefatrat come string the Norman kinda look and listen,German
0,186911_HeavensRevenge-20110528-baj_de3-32.wav,Hero poster board Western classic books Tum just have sex with ghost,German
0,187246_HeavensRevenge-20110529-lzj_de10-019.wav,a comment that X is known for liquid,German
0,188010_HeavensRevenge-20110529-lid_de7-028.wav,lyrically stiefel 800 - 400 sq m fastens bus fare 221,German
0,188210_HeavensRevenge-20110528-rms_de10-034.wav,problem lyrics nation of women from inside,German
0,189070_HeavensRevenge-20110529-uiz_HeavensRevenge-20110529-uiz_de11-105.wav,poster most visited and regular water for at least,German
0,191574_Crazo-20091014-jzh_de5-001.wav,create photo collage,German
0,195439_AndreyBarrientosCostaRica-20130720-pyu_de10-009.wav,purani 10 code 8738,German
0,195621_HeavensRevenge-20110529-kux_de10-068.wav,Houston Texas plant staff have invested and inside the flesh,German
0,197075_HeavensRevenge-20110529-klu_de7-073.wav,the fashion sports wear western dresses king and clubs,German
0,198382_DirkSchnelleWalka-20101217-swz_de7-080.wav,near the window can think like weekends Karnataka win,German
0,200667_1337ad-20170321-yqy_de10-057.wav,breast of organs to Haram,German
0,201159_HeavensRevenge-20110528-bno_de6-12.wav,Craft on sponsorship ABB analogue and with whom,German
0,201512_FrankJger-20111114-zmx_de5-045.wav,function,German
0,204381_DirkSchnelleWalka-20101217-swz_de7-077.wav,Rajasthan Telugu Mulakat Sansthan Nathawat on,German
0,207798_HeavensRevenge-20110528-fum_de4-10.wav,latest countries are from Fossil Aslam mistake next Bayan,German
0,209425_Defense-20090727-wmu_de7-055.wav,China in Trident kids song,German
0,211105_1337ad-20170321-mba_de7-017.wav,The Sangai please refer lets the gun Christ Muslim women in outlook 2007,German
0,211393_1337ad-20170321-ufl_de3-46.wav,main what is an expression in net jacket and about,German
0,211782_HeavensRevenge-20110528-baj_de3-34.wav,porifera quotes on always with your wife is quite fun book stamp with us,German
0,214480_BRwgt-20140228-qlo_de8-096.wav,Kund French Fashion fans with lyrics in English,German
0,219247_HeavensRevenge-20110529-ibo_de11-012.wav,Imam doesn't mean the Gomez and simply sticking plaster long,German
0,219389_HeavensRevenge-20110529-ghq_de11-148.wav,what has the most extensive penis,German
0,220003_HeavensRevenge-20110529-mdg_de8-033.wav,default files in can sqlite and bar,German
0,220068_DanielNeuhaus-20080303-jla_de5-132.wav,tummy fat cutting cake in YouTube,German
0,Error,Error,Error
0,222757_DirkSchnelleWalka-20101217-swz_de7-078.wav,skokka.in Utsav ab Honge,German
0,222984_HeavensRevenge-20110528-ory_de4-12.wav,percentage of minor forest in next to failure for the iPhone 5C,German
0,223802_1337ad-20170321-urq_de11-015.wav,Pincon spirit and reasonable price,German
0,225106_HeavensRevenge-20110529-dif_de11-061.wav,basic container for Mata gift,German
0,225954_HeavensRevenge-20110529-ghq_de11-145.wav,play on,German
0,226563_BRwgt-20140228-msx_de8-137.wav,CNT ke andar Shobha 100 1st,German
0,226933_HeavensRevenge-20110529-wfp_de2-14.wav,IAS kill us and be a star car I will get most,German
0,226992_HeavensRevenge-20110529-kux_de10-066.wav,list of unforgettable it's time it's showtime,German
0,227292_BRwgt-20140723-trd_de11-006.wav,with happy at that the British a star to fall you,German
0,229839_HeavensRevenge-20110529-dif_de11-065.wav,internet on beta of event script Oracle transparent proxy,German
0,230389_HeavensRevenge-20110528-ory_de4-17.wav,my Morgan stylish writing over sirf Asansol gana,German
0,232409_DirkSchnelleWalka-20090901-ajk_de10-040.wav,Hrithik Hrithik Hrithik,German
0,Error,Error,Error
0,232715_HeavensRevenge-20110528-qbe_HeavensRevenge-20110528-qbe_de10-008.wav,convert extract from Prasad styles font from build,German
0,233006_HeavensRevenge-20110529-kux_de10-065.wav,National Dastak,German
0,233831_AndreyBarrientosCostaRica-20130709-cjw_de11-030.wav,kya bye bear Despicable Me 1 list of about,German
0,236017_GeorgSimmel-20140421-ndq_de11-170.wav,PV Sindhu Olympic team in Clash Vaidik,German
0,236172_1337ad-20170321-yqy_de10-058.wav,test of an industry of inside its underside and,German
0,236217_1337ad-20170321-amr_de4-74.wav,Machi machi with a that wasn't at an atheist vasanshah funded,German
0,236355_1337ad-20170321-urq_de11-016.wav,virtual link conditioner for women hairstyle and,German
0,236494_HeavensRevenge-20110529-lzj_de10-017.wav,the comment are taxes for kids in formula in with,German
0,236772_FlorianLaggwwwlaggat-20121008-lia_de4-75.wav,mafi mafi is fine,German
0,238916_1337ad-20170321-ntd_de11-142.wav,used it for soups and start a fashion among youngsters at the famous,German
0,240750_AndreyBarrientosCostaRica-20130710-lud_de10-158.wav,the of prime browser was unveiled by Silver Sable forks,German
0,243460_HeavensRevenge-20110528-tte_de11-128.wav,Vinod song with list of Finance at home brands,German
0,246917_HeavensRevenge-20110529-mlp_de11-107.wav,if you Park headphone gateways Imran with David,German
0,247645_AdrianTovar-20080727-xjh_de11-142.wav,used its faults and start with size and also kissing miss,German
0,247727_HeavensRevenge-20110529-ibo_de11-007.wav,compound interest along the finished Visarjan,German
0,247767_HeavensRevenge-20110528-peo_de10-072.wav,alternativa dost,German
0,248741_HeavensRevenge-20110529-mlp_de11-106.wav,tashan-e-ishq pokathe ka photo Khol button document,German
0,249250_Defense-20090727-wlz_de5-085.wav,Mr nonsense afternoon c5000 program,German
0,249546_1337ad-20170321-vzg_de9-058.wav,nonsense honour 8 intuit,German
0,250358_DirkSchnelleWalka-20140703-lys_de5-101.wav,bust of the poem I am sleep medicine by Ranjan,German
0,253182_1337ad-20170321-hii_de9-145.wav,question on Titan emitted ban,German
0,253355_DirkSchnelleWalka-20140703-lys_de5-098.wav,cal ka tha script from Suchna analyse the following today open,German
0,253892_DirkSchnelleWalka-20101217-swz_de7-081.wav,Alexander McQueen surprise inside eclipse 1,German
0,254022_DanielNeuhaus-20080303-hfe_de3-56.wav,lekin form Kaise Kundan Sawant,German
0,255287_HeavensRevenge-20110529-mlp_de11-103.wav,when is transform your poor,German
0,255858_GeorgSimmel-20140421-wyw_de3-71.wav,K2 international music,German
0,257381_HeavensRevenge-20110529-lvg_HeavensRevenge-20110529-lvg_de9-141.wav,what rhymes with students,German
0,257424_AdrianTovar-20080727-xjh_de11-147.wav,the first track hun FIR favourite ko baby cows gazettes,German
0,257640_HeavensRevenge-20110528-baj_de3-33.wav,which food to an illusion thunder power house ke phone,German
0,259070_1337ad-20170321-bej_de6-56.wav,the first heart Pathan boy in Delhi 2020,German
0,259777_HeavensRevenge-20110528-rms_de10-029.wav,download fun OpenOffice water in a headphone courts at 52 HP fuel,German
0,260575_GeorgSimmel-20140421-wyw_de3-72.wav,Anaika soti hot in a recent,German
0,260812_BRwgt-20140718-oxg_de8-072.wav,yup I will tell you thousands and also I give that,German
0,260997_BRwgt-20140228-vcp_de8-053.wav,kya computer condition time self Abhinandan,German
0,261529_GeorgSimmel-20140421-fdc_de5-079.wav,Imran Khan's in Patna fast Corpus luteum Laga,German
0,263846_BRwgt-20140718-hof_de9-169.wav,Mammootty for Vishnu fitstart 76,German
0,265550_1337ad-20170321-ntd_de11-136.wav,Vikram vintage fucen Sewing istinja,German
0,267043_GeorgSimmel-20140421-zvj_de8-059.wav,zapier Kaise piton anuma,German
0,267454_DirkSchnelleWalka-20101217-iws_de11-100.wav,t-rex normal size in After Effects,German
0,268744_GeorgSimmel-20140421-cgr_de7-055.wav,to an Shadow woman,German
0,269951_HeavensRevenge-20110529-ibo_de11-010.wav,underwater inhalation for combiflam dose,German
0,272950_HeavensRevenge-20110528-fum_de4-06.wav,only internet on the name factors and the Bayan,German
0,274589_AndreyBarrientosCostaRica-20130710-lud_de10-150.wav,the address must to integer by legal field and given,German
0,274640_DanielNeuhaus-20080303-cxf_de2-37.wav,Tippu campal star Divas ke nuskhe,German
0,274960_HeavensRevenge-20110529-lvg_de9-149.wav,open Sea on the Einstein Swai Swai zaxxon,German
0,276733_BRwgt-20140228-vcp_de8-057.wav,teman I Naina full song Hansa thi,German
0,277102_DanielNeuhaus-20080303-jzi_de4-69.wav,we can The tile market from console and interest rate,German
0,278150_HeavensRevenge-20110528-tte_de11-132.wav,SSN establishes an event with the option of 30th Road,German
0,278476_HeavensRevenge-20110529-klu_de7-072.wav,iron is known as most fans here I am Mafia,German
0,279082_HeavensRevenge-20110528-fum_de4-05.wav,Piranha office Ludhiana,German
0,279780_HeavensRevenge-20110529-gbj_de9-141.wav,Aaj Subah crime so but a tiger story,German
0,280310_HeavensRevenge-20110528-baj_de3-39.wav,Sone nadi tapman,German
0,282735_BRwgt-20140723-trd_de11-010.wav,for compiling doors,German
0,Error,Error,Error
0,285870_GeorgSimmel-20140421-ptj_de4-84.wav,before he jivali ke mathematician,German
0,286578_DirkSchnelleWalka-20140703-lys_de5-105.wav,Aisa kaun sa missile enquiries are given,German
0,288178_1337ad-20170321-hii_de9-149.wav,Einstein's him quite phisics UN,German
0,289343_BRwgt-20140718-ynj_de4-19.wav,u Pi match dikhayen,German
0,289708_DanielNeuhaus-20080303-zpn_de5-117.wav,Street hypnosis shoot Sohel please contact importance,German
0,290493_Black_Galaxy-20080530-xzb_de11-104.wav,tasvir ka Qubool Hai start 4 ank,German
0,292938_1337ad-20170321-qbd_de3-03.wav,when you're finished with Tata Sky no convert fencing,German
0,293027_1337ad-20170321-ntd_de11-141.wav,another word for white and craft,German
0,294384_BRwgt-20140228-vcp_de8-050.wav,Mitti muhurtha Naal function hairstyle of Mist for busy and heart,German
0,295320_HeavensRevenge-20110528-qbe_de10-010.wav,list of temperature of Susan,German
0,296640_AndreyBarrientosCostaRica-20130709-cjw_de11-025.wav,Mitra Wale Hath system glass facade technique,German
0,Error,Error,Error
0,297218_HeavensRevenge-20110529-lge_de11-037.wav,whimsically account board mein time Fast and Furious that level Samsung oven,German
0,298323_DirkSchnelleWalka-20140703-eyz_de8-007.wav,is it definitely a winner Pacific with the turks,German
0,302041_DanielNeuhaus-20080303-jla_de5-127.wav,Hath Ke Aage Ki news,German
0,302149_HeavensRevenge-20110529-lid_de7-031.wav,back One Direction fake or real contact murder cases of process face,German
0,302800_DanielNeuhaus-20080303-cxf_de2-33.wav,ya to Fir 2009 is computer of stock cloth,German
0,304560_HeavensRevenge-20110529-ujo_de2-14.wav,Ice skaters and their staff at most,German
0,305068_BRwgt-20140723-trd_de11-012.wav,please sign in for a pink lipstick in 10 Telugu,German
0,305256_AndreyBarrientosCostaRica-20130720-pyu_de10-007.wav,women and in article also came bill,German
0,305520_1337ad-20170321-amr_de4-76.wav,Sanjay mathematic having a need for an experiment in UP,German
0,306227_BRwgt-20140228-msx_de8-135.wav,Indian festivals function Masti zyluli for sauvignon,German
0,306655_HeavensRevenge-20110529-nhk_de9-168.wav,Anant question that soon computer talentnext and brother,German
0,309383_AndreyBarrientosCostaRica-20130709-cjw_de11-029.wav,Bhagwat shaadi it's why would the shit about me,German
0,309783_AdrianTovar-20080727-gov_de2-27.wav,Lal Chauhan 95,German
0,310449_1337ad-20170321-bej_de6-50.wav,Tum Bewafa Ja hun,German
0,311541_1337ad-20170321-ufl_de3-39.wav,John donne on guitar in Bangalore,German
0,312286_BRwgt-20140228-msx_de8-142.wav,Kichad na comment for consistent-return,German
0,313121_HeavensRevenge-20110529-wfp_de2-08.wav,the system would risk faced aunt w b 36,German
0,313759_HeavensRevenge-20110528-ahk_de10-093.wav,the time ka hai man slow Savera guitar for yourself,German
0,314071_Crazo-20091014-rfm_de7-006.wav,bi f*** Zubair cute National computer officers between East India,German
0,314697_DirkSchnelleWalka-20140703-eyz_de8-006.wav,tied to this contribution Sheeran Andhra ke register,German
0,315353_AndreyBarrientosCostaRica-20130710-lud_de10-154.wav,does any getting a signal stack is invite ibuzen ansune min,German
0,318652_BRwgt-20140228-qlo_de8-093.wav,your picture in the wind is conservation,German
0,318665_AndreyBarrientosCostaRica-20130710-lud_de10-157.wav,S stylish sticker Yuva I am caused by internet 7,German
0,319559_Defense-20090727-wlz_de5-086.wav,Norway and Finland on Fossil and,German
0,321294_HeavensRevenge-20110528-wng_de3-44.wav,of these was a given month by icons for fake likes,German
0,321419_Black_Galaxy-20080530-xzb_de11-096.wav,Sankalp system with integrated system and analysis on wind power,German
0,321598_HeavensRevenge-20110529-gbj_de9-139.wav,when we in an investment business,German
0,323083_HeavensRevenge-20110529-lid_de7-030.wav,another Loki looking for farmers next protiprot S face white house ko phone,German
0,324807_GeorgSimmel-20140421-wyw_de3-69.wav,bhakti geet,German
0,325149_BRwgt-20140228-bgs_de8-031.wav,t-34 Namak inviting for bandwidth yaden,German
0,326538_HeavensRevenge-20110528-mqt_de5-111.wav,check offer track is entry sahejna synbiotic aanjana,German
0,328986_DanielNeuhaus-20080303-cxf_de2-35.wav,tall guy on walking style,German
0,329398_1337ad-20170321-urq_de11-019.wav,bus is menswear hooter turn on Tashi liye prayog it happen,German
0,329649_1337ad-20170321-vyr_de3-59.wav,and telephone and Rosewood in left side,German
0,330079_HeavensRevenge-20110529-llt_de7-091.wav,information on an ever increasing had to stand dispersion coronavirus farm grahan,German
0,333617_BRwgt-20140228-zpn_de11-020.wav,Teachers photo call amrut g Sandhu thing owners lifan,German
0,333888_HeavensRevenge-20110528-ahk_de10-095.wav,after startup of timber cream find the quorum,German
0,334523_HeavensRevenge-20110529-ghq_de11-144.wav,just craft that can be fired staff,German
0,335765_HeavensRevenge-20110528-wng_HeavensRevenge-20110528-wng_de3-41.wav,hereby busted and EMF of a closed tufan,German
0,336878_AndreyBarrientosCostaRica-20130710-lud_de10-155.wav,discharge with chinati ghost Middle East and sulphur that,German
0,339525_HeavensRevenge-20110528-woz_HeavensRevenge-20110528-woz_de9-141.wav,school students but a sex stories in the museum,German
0,340566_Crokoking-20110119-dbi_de10-153.wav,ichchadhari Nagin Nache taka,German
0,341343_AndreyBarrientosCostaRica-20130710-hct_de5-055.wav,visitor Visa form for straighten Din and M shoots,German
0,342609_BRwgt-20140228-qlo_de8-100.wav,TIFR life and sliced up with mechanical and fat side America list,German
0,342732_BRwgt-20140228-bgs_de8-026.wav,yah bike and enforced in 1830 for wireless LAN real is your,German
0,343388_1337ad-20170321-czb_de11-101.wav,webenza FIR correct voter id card in Bihar,German
0,344875_HeavensRevenge-20110529-byr_de4-48.wav,I'm going that so I take inside campus kinds of organisation,German
0,345377_HeavensRevenge-20110529-mdg_de8-031.wav,telephone no Makhan by the help of onion,German
0,347803_HeavensRevenge-20110528-tte_de11-126.wav,Tera Ramayan Hai today English grammar forum,German
0,347857_1337ad-20170321-ntd_de11-137.wav,Fahad Shah Faisal and moon up at hagen,German
0,348404_AndreyBarrientosCostaRica-20130709-cjw_de11-028.wav,afunika B ho mil parson 20 to 26 method at Kabil,German
0,349564_Crokoking-20110119-dbi_de10-156.wav,Yonex ke rate of farmers market,German
0,350540_DanielNeuhaus-20080303-zpn_de5-123.wav,yah to man respect,German
0,350958_AdrianTovar-20080727-gov_de2-28.wav,undecided festivals ki 5 Paisa give,German
0,350979_de11-069.wav,understand the Forgotten but having capacity it can sue co-ordinate Bayan,German
0,351788_HeavensRevenge-20110528-ezs_de3-15.wav,toy trust reflector and Shine Nagpur from staff,German
0,352359_HeavensRevenge-20110528-ory_de4-10.wav,how your greatest countries are the following next next player,German
0,354741_HeavensRevenge-20110528-mqt_de5-105.wav,traffic rule for Mr damper for Visa Habib,German
0,355085_1337ad-20170321-yqy_de10-054.wav,staff and living suffered to meditate,German
0,355596_AndreyBarrientosCostaRica-20130710-hct_de5-060.wav,doctor ke pass usko form 68,German
0,356084_GeorgSimmel-20140421-wyw_de3-67.wav,Thiruthani Baitha product,German
0,356617_AdrianTovar-20080727-paz_de3-20.wav,the state should select the normal size of Inland executable seat,German
0,356909_BRwgt-20140718-oxg_de8-075.wav,PF the internet IP address,German
0,358052_HeavensRevenge-20110529-lvg_de9-146.wav,the cost of cameras on speaker connectors at Swayam,German
0,360247_HeavensRevenge-20110529-lge_de11-042.wav,Twister slides 2013,German
0,360837_BRwgt-20140723-idz_de3-67.wav,Siddharth,German
0,362091_BRwgt-20140228-yvz_de8-060.wav,soda while a computer scientific,German
0,364229_AndreyBarrientosCostaRica-20130709-cjw_de11-031.wav,bahut Josh and sabotaged to visit their families in Seoul,German
0,366526_1337ad-20170321-yqy_de10-051.wav,the sangapur display function year,German
0,367256_Crazo-20091014-rfm_de7-009.wav,tablets for what exactly videos,German
0,367370_AdrianTovar-20080727-xjh_de11-146.wav,the present status define in Hindi thought on standard and extinct,German
0,370629_GeorgSimmel-20140421-cgr_de7-057.wav,economics 8 b b has its own it was itself and lost,German
0,373023_1337ad-20170321-ntd_de11-144.wav,the fight with industry of that and if I had to offer,German
0,374587_HeavensRevenge-20110529-klu_de7-069.wav,what are the best way out screenshot,German
0,375389_AdrianTovar-20080727-iif_de10-134.wav,thile why is a food chain in the product Chinese hair stylist and under,German
0,375609_HeavensRevenge-20110529-kux_de10-073.wav,methods of software Khan Suna Krishna parcel service,German
0,377739_AnnaKarpekewitsch-20091129-jbu_de9-033.wav,private server can Email integration of AC given to Hassan,German
0,378022_Black_Galaxy-20080530-xzb_de11-099.wav,if you can this circuit is going to Z Square,German
0,378814_HeavensRevenge-20110529-nhk_de9-166.wav,in ethereum is digital watch in cans or not,German
0,378964_Defense-20090727-wlz_de5-091.wav,this land is time wonder girl their thirties,German
0,381641_BRwgt-20140228-vcp_de8-054.wav,beauty inside if in that,German
0,387562_1337ad-20170321-ntd_de11-139.wav,David Cook come with an advocate of a biscoff brn,German
0,387597_1337ad-20170321-kgs_de11-036.wav,Evelyn sakhiyon working you when you are under a own up to game,German
0,392461_GeorgSimmel-20140421-fdc_GeorgSimmel-20140421-fdc_de5-076.wav,owner fasal Gin alcohol associate modern list,German
0,392540_1337ad-20170321-blf_de9-161.wav,Ashwin off,German
0,395280_HeavensRevenge-20110528-bno_de6-13.wav,sweater border design to make it right sinciput hafted,German
0,396509_BRwgt-20140228-ewk_de8-071.wav,height of the booth on the Titan Season 2,German
0,397079_FrankJger-20111114-zmx_de5-041.wav,inherit Rai height from my height of tables,German
0,397440_HeavensRevenge-20110529-ibo_de11-013.wav,Android apps back Khan,German
0,398005_DanielNeuhaus-20080303-jla_de5-128.wav,2018 Tum Andhra open,German
0,398228_HeavensRevenge-20110529-nhk_de9-170.wav,fun things we stick to comment,German
0,400380_HeavensRevenge-20110528-ezs_HeavensRevenge-20110528-ezs_de3-10.wav,craters and meaningful and took SummerSlam Dhaam,German
0,400809_1337ad-20170321-urq_de11-021.wav,assistant course in net vehicle there kutta,German
0,400947_HeavensRevenge-20110529-ujo_de2-10.wav,top 10 shoes women Twinkle Khan,German
0,401131_DirkSchnelleWalka-20101217-swz_de7-079.wav,didi ki Thal mobile phone ki baat kar rahe the lokgeet,German
0,404143_HeavensRevenge-20110529-rju_de9-045.wav,confidence once with all of your b,German
0,404375_BRwgt-20140228-qlo_de8-097.wav,310 divyakant site owner craft by thought,German
0,404654_HeavensRevenge-20110529-rju_de9-040.wav,kids poem,German
0,406426_HeavensRevenge-20110529-tng_de8-113.wav,saisangeet in groups in inspired gang,German
0,407011_GeorgSimmel-20140421-wyw_de4-03.wav,Kusha Kapila ke phone peach Veeram Padam block first test list,German
0,407127_FrankJger-20111114-zmx_de5-043.wav,open and,German
0,407428_AndreyBarrientosCostaRica-20130710-lud_de10-153.wav,tikeshwar discard you Baat unhen for their Aashiq Nache take up,German
0,408564_AdrianTovar-20080727-gov_de2-26.wav,Vikram species Krrish ki Zain change not allowed,German
0,408765_HeavensRevenge-20110528-ahk_de10-099.wav,Pizza Chalisa with lyrics Alisha 96 my father and mother,German
0,411194_HeavensRevenge-20110528-fum_de4-04.wav,Unix machine using tapping,German
0,411512_1337ad-20170321-vzg_de9-062.wav,7853 Vatan,German
0,414609_AndreyBarrientosCostaRica-20130720-pyu_de10-006.wav,please been is this problem in babies in word,German
0,415591_BRwgt-20140718-hof_de9-170.wav,impact not not defined the sticker documentum,German
0,416142_HeavensRevenge-20110528-qbe_de10-017.wav,Dekho men Tata Hexa price in formula in with Garden,German
0,416483_AndreyBarrientosCostaRica-20130720-pyu_de10-005.wav,zoned and how was never in them build,German
0,417592_1337ad-20170321-vzg_de9-057.wav,computer not perfect,German
0,418667_HeavensRevenge-20110528-ahk_de10-094.wav,Samsung air conditioner but ful form the sweaters first time,German
0,419581_GeorgSimmel-20140421-zvj_de8-053.wav,the computer consists of opinion,German
0,419891_HeavensRevenge-20110528-woz_de9-142.wav,papers on off we are following is the currency network as a,German
0,419931_GeorgSimmel-20140421-fdc_de5-081.wav,Athar Aamir Khan latest pics,German
0,420205_DirkSchnelleWalka-20140703-lys_de5-103.wav,the sweetness of lighting fixtures design,German
0,420722_Black_Galaxy-20080530-xzb_de11-100.wav,Krishna medicine at least the first mission passed away,German
0,422056_BRwgt-20140718-hof_de9-173.wav,I need for sending an investigative journalist is problem lose musically,German
0,422498_1337ad-20170321-hii_de9-147.wav,balance better telephone number swine fever year and its bye,German
0,424442_DirkSchnelleWalka-20140703-eyz_de8-003.wav,auto Kasi Chakki not reflect back to the iPhone,German
0,426263_AdrianTovar-20080727-bxq_de11-068.wav,the address Prakash staff lyric list prices function notes,German
0,426864_HeavensRevenge-20110529-lid_de7-033.wav,popular alarm technician grade 2,German
0,427329_BRwgt-20140718-hof_de9-171.wav,is a to comment have a Ishq E Nabi Ki tarikh Ka Manga photography,German
0,Error,Error,Error
0,430792_Defense-20090727-wlz_de5-084.wav,topper kaise ho kaun ho gana uska Aaj,German
0,430961_HeavensRevenge-20110529-rju_HeavensRevenge-20110529-rju_de9-038.wav,thirunama 17 Subah is on speed internet and b and believed,German
0,432516_1337ad-20170321-qbd_de2-38.wav,I am on the sofa,German
0,432736_BRwgt-20140228-yvz_de8-058.wav,Hero computer internet admin distance I ne IP address,German
0,432803_HeavensRevenge-20110529-wfp_de2-10.wav,first intrusion Mann film Aamir Khan,German
0,433814_FrankJger-20111114-zmx_FrankJger-20111114-zmx_de5-038.wav,Sushant Singh,German
0,435513_BRwgt-20140723-idz_de3-69.wav,guitar tuning Indian father,German
0,435747_HeavensRevenge-20110529-nhk_de9-165.wav,used its blood pressure was an unhandled polity,German
0,436481_HeavensRevenge-20110528-woz_de9-146.wav,because you can understand that's near me,German
0,437023_1337ad-20170321-qbd_de2-36.wav,definition of an industry that and water to air in can,German
0,438687_HeavensRevenge-20110529-wfp_de2-13.wav,infant phone hand UPS tracking,German
0,439908_BRwgt-20140228-msx_de8-138.wav,cynosure of an iron metal bed with son,German
0,440751_1337ad-20170321-urq_de11-020.wav,use of protocol and nutrition who think on his life,German
0,441143_1337ad-20170321-ufl_de3-37.wav,heartbeat in BPS and game,German
0,441384_AndreyBarrientosCostaRica-20130710-hct_de5-054.wav,horse dance by S I never steam to form two sets for this event sign,German
0,Error,Error,Error
0,442961_1337ad-20170321-amr_de4-69.wav,marketing consultant,German
0,443624_GeorgSimmel-20140421-wyw_de3-70.wav,kya infinite Shaitani Hai Kisne likha town out Super figure,German
0,444248_HeavensRevenge-20110528-fum_de4-08.wav,is home facilities along with you please advise you that I love you can between the characteristic of your,German
0,445114_1337ad-20170321-amr_de4-73.wav,mathematics of August along the version of the physical 10 revision trapped,German
0,446682_HeavensRevenge-20110529-mdg_de8-037.wav,Optima steamer Wiki,German
0,448956_HeavensRevenge-20110528-ezs_de3-19.wav,pure silicone strap customer Mein gift,German
0,449556_HeavensRevenge-20110529-lge_de11-034.wav,some creative prints on it since I have missed the world,German
0,449723_HeavensRevenge-20110528-wng_de3-50.wav,episoft intuitive and go away after great a seamless using xylene,German
0,450595_BRwgt-20140228-zpn_de11-022.wav,pursuit of final of an instant pot,German
0,450760_AnnaKarpekewitsch-20091129-jbu_de9-031.wav,IP addressing can interrupt eminent,German
0,452365_AdrianTovar-20080727-gov_de2-25.wav,why halt and alter system iron feels it can Pakistan then hostel,German
0,453983_1337ad-20170321-kgs_de11-041.wav,tough to get short and distance to form fillup for,German
0,456211_AdrianTovar-20080727-paz_de3-21.wav,in concrete for Hata theatre and Iceland Jesus Christ quotes and its,German
0,457775_BRwgt-20140228-kwo_de8-119.wav,3 Sal to Indian thungon Stalin,German
0,460115_HeavensRevenge-20110529-nhk_de9-172.wav,the document not present running MI portable or not,German
0,460995_GeorgSimmel-20140421-wyw_de4-02.wav,text b b b Mahananda first visit,German
0,461928_AdrianTovar-20080727-bxq_de11-075.wav,biggest win the sky Twitter kundru khane Hathway,German
0,463905_HeavensRevenge-20110528-baj_de3-37.wav,Siddharth Malhotra and BPS army game,German
0,464552_Crazo-20091014-rfm_de7-003.wav,I am going to write class in restful swanson,German
0,465833_DanielNeuhaus-20080303-hfe_de3-58.wav,uninstall the open interest on soft power,German
0,466278_HeavensRevenge-20110528-ory_de4-14.wav,lyrically I need access to change event in his farm,German
0,466314_HeavensRevenge-20110529-lzj_de10-020.wav,Akon phone ki Rahman best white colour where are you,German
0,469482_AndreyBarrientosCostaRica-20130709-cjw_de11-024.wav,this is a technique for the Indian B in where can I get it,German
0,470906_HeavensRevenge-20110529-gbj_de9-140.wav,Tum back to school student doing stunts,German
0,472986_HeavensRevenge-20110528-peo_de10-069.wav,paper kites per gana staff cartoon with this kind inside a play,German
0,473588_ALI-20130113-iyl_de10-022.wav,in my next song hot romantic love,German
0,474810_HeavensRevenge-20110528-tte_de11-131.wav,is software control and becomes website for when they are,German
0,476856_HeavensRevenge-20110529-byr_de4-50.wav,bajheera refers to avoid congestion control stunt wala,German
0,477858_1337ad-20170321-mba_de7-020.wav,office wear dress kurta gives toilet,German
0,478161_AdrianTovar-20080727-paz_de3-25.wav,fish kite phone hu star - can find text solve an illusion art fair,German
0,479728_ALI-20130113-iyl_de10-025.wav,screen Intercity seat Kitni seat available,German
0,481052_ALI-20130113-iyl_de10-021.wav,document of text is employer for before your home,German
0,482340_1337ad-20170321-bej_de6-52.wav,directive and Awesome facts,German
0,482612_HeavensRevenge-20110529-uiz_de11-114.wav,implement IP based on sex offenders in the and Vikram,German
0,482881_BRwgt-20140228-nrb_de11-138.wav,skipped staff visits book and staff common,German
0,484753_HeavensRevenge-20110528-mqt_de5-109.wav,Austin Sharif help was invited 10 no,German
0,484873_DirkSchnelleWalka-20101217-iws_de11-101.wav,West Indies,German
0,Error,Error,Error
0,492080_AdrianTovar-20080727-xjh_de11-143.wav,iska panchasheel is where a form in the sky high Cafe,German
0,492702_BRwgt-20140228-qlo_de8-095.wav,English is your kind of it tell Us Paar Hai,German
0,493357_HeavensRevenge-20110528-fum_de4-03.wav,who is a public are formed with A and B Block Faisal Aslam fast result,German
0,494920_HeavensRevenge-20110529-mlp_HeavensRevenge-20110529-mlp_de11-102.wav,TOEFL exam,German
0,495258_Crazo-20091014-rfm_de7-010.wav,sodium St School palava full form,German
0,496546_HeavensRevenge-20110528-mqt_HeavensRevenge-20110528-mqt_de5-102.wav,take liver kya master and distance non-smoking Anshu Itna k,German
0,497482_HeavensRevenge-20110529-mlp_de11-110.wav,Oppo phone uthana sign and Secure location of your to Allah Hota,German
0,497506_FrankJger-20111114-zmx_de5-046.wav,insights head with test,German
0,497823_HeavensRevenge-20110528-mqt_de5-110.wav,son of coronavirus stop related Bayan,German
0,498081_AdrianTovar-20080727-iif_de10-143.wav,I need starter ship a can of tuna,German
0,498121_HeavensRevenge-20110528-bno_de6-17.wav,the father kitna time zone for building yaakov,German
0,499535_Crazo-20091014-rfm_de7-004.wav,kis office address of Guntur district,German
0,500025_AdrianTovar-20080727-iif_de10-136.wav,Jo Mini 8 months visa ko is Kitni,German
0,501712_1337ad-20170321-vyr_de3-55.wav,skit on the of kasht item item monopolar,German
0,503118_HeavensRevenge-20110528-bno_de6-18.wav,assisting the normal lock and for 30 years old for his penis,German
0,503727_1337ad-20170321-ufl_de3-45.wav,carpet hartron,German
0,507039_HeavensRevenge-20110529-kux_de10-071.wav,adjust fan price for the software,German
0,507760_HeavensRevenge-20110528-ory_de4-13.wav,text message from the item class text from paneer,German
0,511488_1337ad-20170321-ufl_de3-44.wav,what is a was given month why can't power for glass better,German
0,514353_HeavensRevenge-20110528-ahk_de10-092.wav,Amit Honda first loan,German
0,514491_1337ad-20170321-urq_de11-022.wav,in pursuit of an orphanage standard,German
0,515018_1337ad-20170321-amr_de4-75.wav,mathematics khanan at was with contract in angle listen synonym,German
0,517057_AndreyBarrientosCostaRica-20130720-pyu_de10-011.wav,Dehat I need a women dispovan news in Kan,German
0,517268_Crazo-20091014-cey_de11-057.wav,5 x 5 x 6 plus,German
0,Error,Error,Error
0,519786_HeavensRevenge-20110529-wfp_de2-09.wav,it ok tater house I am too much of an h,German
0,Error,Error,Error
0,520768_BRwgt-20140718-hof_de9-177.wav,who killed Ashwin that padathil Kumta thali in Surat,German
0,522326_BRwgt-20140718-ynj_de4-16.wav,magnet Aasan Kone School first muslim,German
0,524026_BRwgt-20140228-nrb_de11-133.wav,and nothing Uske Rishta tha so Thailand Vs Krrish 4,German
0,524444_GeorgSimmel-20140421-ndq_de11-165.wav,Anthony to study must consider in capital sign,German
0,525918_HeavensRevenge-20110528-mqt_de5-106.wav,one touch strips for his Wrestlemania concinna,German
0,525990_GeorgSimmel-20140421-fdc_de5-078.wav,important weltkrieg differentiation toys lunch Flipkart online,German
0,526365_BRwgt-20140228-bgs_de8-030.wav,Tesla of integers freshwater and far from the Indus river Norman,German
0,526733_HeavensRevenge-20110528-ezs_de3-13.wav,Siddharth Colaba inland for grahan,German
0,527169_HeavensRevenge-20110529-klu_de7-070.wav,system pure gane suits more than 3 hours reception,German
0,527189_DirkSchnelleWalka-20090901-ajk_de10-045.wav,an eventual of Triphala covid-19,German
0,532418_AdrianTovar-20080727-iif_de10-141.wav,Bikaner is on in Panipat nets back anytime visit Swayam,German
0,532483_1337ad-20170321-urq_de11-023.wav,just Baat Sabko Pata are 2000 communica transmitted,German
0,534178_1337ad-20170321-czb_de11-102.wav,within book some,German
0,534815_HeavensRevenge-20110529-ibo_de11-008.wav,Dept of members and directors International,German
0,535431_BRwgt-20140228-zpn_de11-026.wav,I thought I'd have to have a stealth,German
0,536168_GeorgSimmel-20140421-ndq_de11-166.wav,symbols of teacher in caustic soda instead we are in,German
0,537269_HeavensRevenge-20110528-mqt_de5-104.wav,techwiser falling from the sky,German
0,538887_HeavensRevenge-20110529-tng_HeavensRevenge-20110529-tng_de8-111.wav,Stark hit song Khan Swayam follows function Mein Metal Fusion,German
0,539669_Defense-20090727-wmu_de7-049.wav,interesting going to school Christ is beside side lying at side LED,German
0,540291_HeavensRevenge-20110528-fum_de4-11.wav,tasvir and Johnson that one process for Visa,German
0,540655_HeavensRevenge-20110529-lvg_de9-147.wav,pensy Patari Telephone by vier and stripes 5,German
0,544047_de11-065.wav,internet and B of preventing squid effect as transparent proxy,German
0,546210_1337ad-20170321-blf_de9-160.wav,total expenditure of the unity Atif and schooling of maximum marks Quora,German
0,546239_HeavensRevenge-20110528-tte_de11-127.wav,owner free notes on the software and give your to Fallen,German
0,547103_Crazo-20091014-cey_de11-051.wav,decipher great for one signal,German
0,548107_DirkSchnelleWalka-20101217-swz_de7-082.wav,gift card request limit fritzl jaati Hoon Chandan,German
0,548129_1337ad-20170321-hii_de9-148.wav,Surat Cinema by Siya and,German
0,548717_HeavensRevenge-20110529-mdg_de8-036.wav,man Khan Main To Mehandi for telephone,German
0,549658_1337ad-20170321-blf_de9-166.wav,nithari sector 31 comes under,German
0,549777_GeorgSimmel-20140421-cgr_de7-058.wav,treatment of holy spirit in Khan,German
0,554790_HeavensRevenge-20110529-rju_de9-041.wav,purana gana fashion fan 52,German
0,556055_HeavensRevenge-20110528-peo_de10-075.wav,PS2 value on stem September monsoon on suggestion,German
0,556528_BRwgt-20140718-ynj_de4-20.wav,kimat Ki Roti person for fashion Se gane with cutting condom,German
0,557571_HeavensRevenge-20110528-rms_de10-028.wav,tilai Suman website for venomous interpretation,German
0,558989_DirkSchnelleWalka-20101217-swz_de7-083.wav,used under the Mahi pm of Thailand,German
0,560431_BRwgt-20140723-idz_de3-68.wav,Siddharth main gate designs and it is Sahi fish catching,German
0,560535_de11-063.wav,and hearts and Windows were prescribed,German
0,563102_HeavensRevenge-20110528-peo_HeavensRevenge-20110528-peo_de10-067.wav,history of inside dikha Knocking on button time delay query,German
0,563317_1337ad-20170321-vyr_de3-62.wav,message Dekho fal item is out lucky event,German
0,564037_HeavensRevenge-20110529-lid_de7-036.wav,Akshara Singh ka B for words of 1 is,German
0,565212_DirkSchnelleWalka-20140703-eyz_de8-010.wav,I guess that's ok farsons Beta Shukla Pyar,German
0,565880_BRwgt-20140228-zpn_de11-021.wav,assists you ko synextic is your good kite net,German
0,566107_HeavensRevenge-20110529-uiz_de11-106.wav,taknik Upadhyay ka photo Khol document icecream,German
0,566479_1337ad-20170321-ntd_de11-143.wav,history of forming the head of a,German
0,568116_BRwgt-20140723-idz_de3-60.wav,why I think footista and asean,German
0,568402_BRwgt-20140228-nrb_de11-134.wav,which staff is syllabus langify Hai staff,German
0,570204_DirkSchnelleWalka-20140703-eyz_de8-011.wav,if it inspires and has music at anus causes,German
0,571838_HeavensRevenge-20110529-kux_HeavensRevenge-20110529-kux_de10-064.wav,desktop inside it confirm Viram and methods they are,German
0,572179_HeavensRevenge-20110529-klu_de7-067.wav,twist in the LBS plan UTI dose after school students as powerful and find that,German
0,572194_HeavensRevenge-20110529-wfp_de2-12.wav,and I'm sure there are few site for Leon,German
0,573183_HeavensRevenge-20110528-woz_de9-147.wav,where is IT City telephone number why no fear and stripes why,German
0,574011_BRwgt-20140228-ewk_de8-072.wav,yah by voter booth on earth,German
0,576668_GeorgSimmel-20140421-zvj_de8-054.wav,beauty shop in Kota finish,German
0,577047_HeavensRevenge-20110529-llt_de7-092.wav,parantu rathalos networking tips to study Sonal and answer Shahid,German
0,577557_DirkSchnelleWalka-20090901-ajk_de10-043.wav,820 Pikachu number plate,German
0,577851_1337ad-20170321-qbd_de3-01.wav,in functions would diminish loan quickly accurate,German
0,578139_AdrianTovar-20080727-gov_de2-23.wav,EVS chapter 4th Alice in only Baje bar,German
0,578941_HeavensRevenge-20110529-ujo_de2-07.wav,where is first AC and candy house to problem was a funnel,German
0,579057_BRwgt-20140228-bgs_de8-022.wav,when the spirit of latest ministry Kenneth w Knight,German
0,580384_HeavensRevenge-20110529-kux_de10-069.wav,give the sky inside the place,German
0,582707_AdrianTovar-20080727-bxq_de11-070.wav,I never drink with just fibres on the synthons one note song,German
0,582829_HeavensRevenge-20110529-lid_de7-029.wav,important face card is important for faasos characters at exactly Riders,German
0,585115_HeavensRevenge-20110528-ory_de4-11.wav,tasviren Jan 16 to 20,German
0,586110_1337ad-20170321-hii_de9-151.wav,search for phellogen Pelican,German
0,586462_HeavensRevenge-20110529-mdg_de8-038.wav,a torque can be part of a good sign,German
0,590279_AnnaKarpekewitsch-20091129-jbu_de9-034.wav,super services in static IP address in form 7 and result,German
0,590562_HeavensRevenge-20110528-baj_de3-36.wav,Lagana Krishna Bhajan and f*** hard to ensure a nice quotes on our question,German
0,594498_ALI-20130113-iyl_de10-026.wav,custom table clock signal flip house,German
0,594548_BRwgt-20140718-ynj_de4-15.wav,u Pi balance elements video for so long kennels,German
0,594948_1337ad-20170321-kgs_de11-034.wav,Deepak Sampat ambulance Akhilesh in Skype ID,German
0,594998_HeavensRevenge-20110529-dif_de11-064.wav,diet for Thyroid,German
0,597143_GeorgSimmel-20140421-cgr_GeorgSimmel-20140421-cgr_de7-051.wav,MK set plastic,German
0,598269_ALI-20130113-iyl_de10-023.wav,reason for refund is thank comment harkins percent,German
0,599536_AnnaKarpekewitsch-20091129-jbu_de9-026.wav,Manthan D IP addressing medium post adhesive and a preformed acceleration,German
0,600505_1337ad-20170321-urq_de11-018.wav,I Nada could have is it was the pure heated,German
0,601754_HeavensRevenge-20110529-byr_de4-47.wav,if I'm used for Thailand by Nigam Arsenal's calculation,German
0,601926_AdrianTovar-20080727-bxq_de11-076.wav,fanuc its movie schweizer and give its unlimited on Shisha height,German
0,602475_GeorgSimmel-20140421-ptj_de4-79.wav,kimat Mata ka mandir Kaise screenshot in in Python seimitsu Orton in,German
0,605881_BRwgt-20140228-bgs_de8-025.wav,TV signal and spits yellow spirit first health,German
0,605883_Defense-20090727-wmu_de7-050.wav,iski Tanhai ke mans ka video,German
0,606455_BRwgt-20140228-msx_de8-140.wav,for them during the first month year in eagan,German
0,608900_DirkSchnelleWalka-20090901-ajk_de10-047.wav,Apollo physical stamina and strength,German
0,608996_HeavensRevenge-20110529-ujo_de2-08.wav,latest important question for bioinformatics,German
0,611108_HeavensRevenge-20110528-mqt_de5-107.wav,Pizza is forever and enquiry Rakha Putti Daman,German
0,611848_FrankJger-20111114-zmx_de5-044.wav,Jesus Christ,German
0,611975_BRwgt-20140228-vcp_de8-056.wav,schism Kund Aaine Ke kul Clinton Yakub Memon,German
0,612738_DirkSchnelleWalka-20101217-swz_de7-076.wav,aavishkar few and then mother can give birth,German
0,612757_1337ad-20170321-vzg_de9-060.wav,when the prescribing for habitant mahatva in where,German
0,613556_BRwgt-20140228-qlo_de8-094.wav,PPF account which state have cyclist conservation Canadian,German
0,614543_GeorgSimmel-20140421-ptj_de4-85.wav,mathematician such an account get income,German
0,616114_HeavensRevenge-20110528-mqt_de5-103.wav,Itna is refundable for it to list of lists Suzanne,German
0,616324_HeavensRevenge-20110528-tte_de11-125.wav,kaun sa first statement where he was discussed with the software,German
0,618088_GeorgSimmel-20140421-zvj_de8-057.wav,Iman Iman as having salt in,German
0,618564_Crazo-20091014-rfm_de7-002.wav,China whitelist not Union gold list with us version,German
0,618595_DanielNeuhaus-20080303-jzi_de4-74.wav,mathematics film all things present of 300,German
0,618695_Crazo-20091014-rfm_de7-007.wav,free Fashion special bonus for fashion School,German
0,620983_DanielNeuhaus-20080303-jzi_de4-72.wav,TV function,German
0,622904_DirkSchnelleWalka-20140703-lys_DirkSchnelleWalka-20140703-lys_de5-096.wav,Kana Kana Ka Bayan,German
0,623985_DirkSchnelleWalka-20101217-swz_de7-075.wav,Vishnu DJ Nigam contractor list,German
0,624751_HeavensRevenge-20110528-qbe_de10-015.wav,vi command block sukanta Mohan,German
0,625205_Crazo-20091014-cey_de11-049.wav,this software can I signal decoder,German
0,625707_DanielNeuhaus-20080303-hfe_de3-57.wav,team is mahine,German
0,626667_Crazo-20091014-jzh_de5-004.wav,Dushman Dushman Tu Ha,German
0,627279_HeavensRevenge-20110528-woz_de9-145.wav,techos,German
0,627372_AndreyBarrientosCostaRica-20130709-cjw_de11-027.wav,bhai catastrophic contains more bi from net National plastic sign,German
0,628639_BRwgt-20140228-qlo_de8-101.wav,Keep Calm its so I am give you know all district with a chicken,German
0,628872_HeavensRevenge-20110529-dif_de11-066.wav,Tekken in health Austin internet Felton,German
0,Error,Error,Error
0,631159_GeorgSimmel-20140421-zvj_de8-051.wav,suspicious software can I f*** himself at wedding,German
0,631727_1337ad-20170321-vyr_de3-61.wav,Pushpa thanks 49 equation from perfect organ up,German
0,631862_HeavensRevenge-20110528-peo_de10-070.wav,movie review on political on that side,German
0,633253_1337ad-20170321-vzg_de9-053.wav,new company listed on the first listening is the SI unit,German
0,633880_BRwgt-20140718-hof_de9-174.wav,transfers both can telephone 10 tourist given by,German
0,634372_BRwgt-20140718-oxg_de8-071.wav,opt out on the date but it isn't it,German
0,634700_HeavensRevenge-20110529-klu_de7-065.wav,the cricket spin hall to 15 port,German
0,634723_HeavensRevenge-20110529-llt_de7-088.wav,Disha head on photo in super boxing,German
0,635051_GeorgSimmel-20140421-zvj_de8-058.wav,it comes to time infinite heart means Aane IPL Kaise,German
0,635092_1337ad-20170321-yqy_de10-056.wav,affair for school student list,German
0,638510_GeorgSimmel-20140421-ndq_GeorgSimmel-20140421-ndq_de11-162.wav,analytical e marketing class 8,German
0,638678_GeorgSimmel-20140421-fdc_de5-082.wav,lipstick under under him front load with a heart on his drum kit,German
0,639838_1337ad-20170321-kgs_de11-038.wav,note some sign up game is mistake,German
0,641811_HeavensRevenge-20110528-qbe_de10-011.wav,Rahatani ETV Manasu film Louis income,German
0,641832_BRwgt-20140228-vcp_de8-052.wav,ya price in that I nashpati fisher ictect and window,German
0,642248_BRwgt-20140723-idz_de3-66.wav,if you buy online from 20 SL,German
0,642901_HeavensRevenge-20110529-ghq_de11-146.wav,it has been described as a function on teeth hurt on standard and accessories,German
0,647362_HeavensRevenge-20110529-llt_de7-090.wav,topisone pata hai lekin of car can file in the handmaiden,German
0,648139_DanielNeuhaus-20080303-jzi_de4-73.wav,mathematician forest rest house office Officer jobs,German
0,649895_1337ad-20170321-mba_de7-016.wav,anthapura Kunda,German
0,650066_1337ad-20170321-qbd_de3-04.wav,Yahan in direction that develops for talent,German
0,650112_AnnaKarpekewitsch-20091129-jbu_de9-027.wav,to telephone number give the snow and I am forget MI,German
0,650176_HeavensRevenge-20110529-lzj_de10-021.wav,the comments are taxes in flower for home,German
0,650471_BRwgt-20140228-kwo_de8-117.wav,interest in the Expo 9 sheep in the system and flag,German
0,650860_DanielNeuhaus-20080303-cxf_de2-34.wav,the computer virus in China operate fake and Frank,German
0,651408_HeavensRevenge-20110528-qbe_de10-009.wav,spoken l track record PM of a window 12,German
0,652611_ALI-20130113-iyl_de10-027.wav,does it never block a held 14 sale Mein laser,German
0,653775_HeavensRevenge-20110529-lid_de7-034.wav,awesome 4th practice to share a few Cosmo City game,German
0,654324_HeavensRevenge-20110529-klu_HeavensRevenge-20110529-klu_de7-064.wav,Stanford items act of treason,German
0,655018_AnnaKarpekewitsch-20091129-jbu_de9-028.wav,Megha clients can see any IP address in Thailand,German
0,655059_DirkSchnelleWalka-20101217-iws_de11-097.wav,income taxation by the images of viswasam,German
0,655624_1337ad-20170321-czb_de11-095.wav,YouTube Monu East Asian tour list,German
0,656067_DanielNeuhaus-20080303-hfe_de3-52.wav,Mithun Outlook the SSL cypher techniques,German
0,658000_HeavensRevenge-20110529-ghq_de11-149.wav,what are the most from Windows 10 via ghost after blenheim,German
0,659362_HeavensRevenge-20110528-woz_de9-143.wav,protein finished in house class in concrete and abstract noun,German
0,659764_DanielNeuhaus-20080303-zpn_de5-120.wav,crocs shoes,German
0,660178_HeavensRevenge-20110528-ory_de4-16.wav,Madan Singh ko nasht home first loan,German
0,663210_DanielNeuhaus-20080303-jzi_de4-75.wav,mathematics kind of movies of the mic in Tekken 3,German
0,664381_HeavensRevenge-20110528-rms_de10-030.wav,Aaina Anjuman snap on Friday streets of you go,German
0,665125_HeavensRevenge-20110529-tng_de8-115.wav,Tekken 3 Din should speed of death an Inside Out,German
0,666983_GeorgSimmel-20140421-zvj_de8-055.wav,assistance and fictitious concept 2:15,German
0,667782_HeavensRevenge-20110528-ezs_de3-11.wav,the theatre of the finished Amavas lund order theatre is an AWS Lambda,German
0,668201_de11-067.wav,ya to convert 6 class in first click,German
0,669298_Crazo-20091014-cey_de11-055.wav,Annu Singh + first van,German
0,669488_HeavensRevenge-20110529-rju_de9-046.wav,so much that you start I am your strength,German
0,670276_HeavensRevenge-20110529-gbj_HeavensRevenge-20110529-gbj_de9-136.wav,TOEFL ETS the most and Shan a composite Oram Indian,German
0,672905_FlorianLaggwwwlaggat-20121008-lia_de4-74.wav,Mati Mati,German
0,674151_HeavensRevenge-20110528-bno_HeavensRevenge-20110528-bno_de6-11.wav,scorm cloud based it can overcome any kind,German
0,674579_BRwgt-20140228-kwo_de8-115.wav,stick and seed and shoots beautiful of the earth and can society,German
0,675053_BRwgt-20140228-ewk_de8-068.wav,restart Fakir antim computer minutes ball python,German
0,Error,Error,Error
0,677016_ALI-20130113-iyl_de10-024.wav,Twitter link contest is avsar ke first Telugu,German
0,679451_HeavensRevenge-20110528-woz_de9-149.wav,open Xeon X prize Ivan B wires x and,German
0,681362_DanielNeuhaus-20080303-jla_de5-126.wav,Fort conquer without list,German
0,683389_HeavensRevenge-20110529-mdg_de8-034.wav,tip tip Paus nibandh Bank,German
0,683663_HeavensRevenge-20110529-lzj_de10-023.wav,Indian 510 comment hard and fast,German
0,684325_1337ad-20170321-yqy_de10-055.wav,aftermorning does Merit and uninstall started telling control,German
0,685966_Black_Galaxy-20080530-xzb_de11-098.wav,Pune station to kin kin for 9 exam date sorting covers,German
0,686504_DanielNeuhaus-20080303-hfe_de3-54.wav,I'll start and common interest on tax on pension income,German
0,687869_BRwgt-20140228-ewk_de8-063.wav,so I need and importance of community and Kasim,German
0,688698_1337ad-20170321-urq_de11-014.wav,incliner connect via kaun sa 6 8 violin,German
0,689293_GeorgSimmel-20140421-ndq_de2-01.wav,Mansa suit 658,German
0,691482_HeavensRevenge-20110529-tng_de8-120.wav,3 padam syllables mission Din Byan ration montien,German
0,692219_HeavensRevenge-20110529-lid_HeavensRevenge-20110529-lid_de7-027.wav,oculus 2 Phase 1 come my speakerphone connection and brother,German
0,694168_DanielNeuhaus-20080303-jzi_de4-70.wav,we can an optimal way of Australia,German
0,695736_AdrianTovar-20080727-paz_de3-17.wav,give me school onsite and she is wearing,German
0,699245_BRwgt-20140723-trd_de11-011.wav,Geeta Shlok,German
0,699672_HeavensRevenge-20110528-rms_HeavensRevenge-20110528-rms_de10-027.wav,the final per blockheads Putin Samy Aliza,German
0,699796_AndreyBarrientosCostaRica-20130720-pyu_de10-004.wav,Jat Express in this situation is no you don't Aadam build,German
0,700313_HeavensRevenge-20110529-lzj_de10-016.wav,I am fork and I am from the block and hyperlink and,German
0,702969_BRwgt-20140228-nrb_de11-141.wav,Ki Aaegi main height growth of star thank you should,German
0,705065_HeavensRevenge-20110529-mdg_de8-032.wav,touch mobile telephone most rewarding frequenting the housing,German
0,707745_DirkSchnelleWalka-20101217-iws_de11-103.wav,manasthan Saumya dwara,German
0,709035_Crazo-20091014-cey_de11-058.wav,Hanuman code Axis bank on famous,German
0,711195_DanielNeuhaus-20080303-jla_de5-129.wav,house Norman from velocity with a screenshot key,German
0,714010_Black_Galaxy-20080530-xzb_de11-101.wav,Westindies of circuits PDF,German
0,714213_1337ad-20170321-hii_de9-150.wav,just am I would internet runs after live stream,German
0,714339_AdrianTovar-20080727-paz_de3-19.wav,the house lekhan thatching starfish The Monk,German
0,714858_de11-064.wav,spinner sketch for Thailand,German
0,716441_BRwgt-20140228-nrb_de11-132.wav,assist and start the season schedule with the of district Hatia 11 12,German
0,716642_BRwgt-20140228-ewk_de8-066.wav,about the author of that it is the internet,German
0,717772_HeavensRevenge-20110529-tng_de8-116.wav,industry award in child's gift and that mean,German
0,720170_HeavensRevenge-20110529-mdg_de8-039.wav,when is Cafe their start point for pure,German
0,720524_HeavensRevenge-20110529-gbj_de9-144.wav,pic of Tum apna and with hooks or concrete merise Palat song,German
0,720846_AdrianTovar-20080727-gov_de2-22.wav,fish Tikka International of Oxford,German
0,722306_BRwgt-20140718-oxg_de8-070.wav,SM Street na house in Hind Inox,German
0,722665_HeavensRevenge-20110529-dif_de11-063.wav,in health and Wellness replaced it,German
0,722697_HeavensRevenge-20110529-uiz_de11-108.wav,Russian from homelessness in the afternoon launched in cricket,German
0,723220_DanielNeuhaus-20080303-jla_de5-130.wav,tell me about the meat eating deposite on the stomata sign,German
0,725475_BRwgt-20140228-nrb_de11-140.wav,Tanki Tanki Tanki 246,German
0,727170_1337ad-20170321-czb_de11-103.wav,penis pump from your bottom,German
0,727375_1337ad-20170321-urq_de11-017.wav,Ananda of a bond enzyme,German
0,727902_DirkSchnelleWalka-20140703-lys_de5-104.wav,equifinance Ham kya koi for your house,German
0,728211_BRwgt-20140723-trd_de11-003.wav,imply medium for education,German
0,728734_1337ad-20170321-amr_de4-67.wav,manfors Upadhyay mathematics for standard in experiments with spelling,German
0,730516_BRwgt-20140228-kwo_de8-121.wav,what's time is it speech on the month of,German
0,732206_Defense-20090727-wmu_de7-054.wav,turn on with drinking waiting type point,German
0,735100_1337ad-20170321-ufl_de3-40.wav,perfect warendorf under 1500,German
0,735188_1337ad-20170321-yqy_de10-053.wav,Indian and western sarcastic abundance and,German
0,735608_AndreyBarrientosCostaRica-20130710-hct_de5-061.wav,Standard 6 ohm I need for a software,German
0,737130_Crazo-20091014-cey_de11-053.wav,how do user can I get in a digital signature for wonder,German
0,738240_Defense-20090727-wmu_de7-056.wav,tsp tarnished Mein Kab Hogi Aamir Khan,German
0,739190_HeavensRevenge-20110529-mlp_de11-109.wav,tatsam for some of these Ashok Gupta and Co CA,German
0,739457_1337ad-20170321-hii_de9-152.wav,call Agam,German
0,739567_HeavensRevenge-20110529-tng_de8-114.wav,Lemon Tree Restaurant who was the pole Havells,German
0,740629_1337ad-20170321-kgs_de11-040.wav,Vodafone m s,German
0,740829_1337ad-20170321-ufl_de3-43.wav,time Boston,German
0,741125_HeavensRevenge-20110528-baj_HeavensRevenge-20110528-baj_de3-30.wav,effect Karta booster Monster 2 good,German
0,741302_BRwgt-20140723-idz_de3-63.wav,father give your life and your writing,German
0,741342_AnnaKarpekewitsch-20091129-jbu_de9-030.wav,mention an Naman best buy something,German
0,741425_DirkSchnelleWalka-20101217-iws_de11-104.wav,tasvir ka Qubool Hai song,German
0,741693_1337ad-20170321-mba_de7-015.wav,answer and guide,German
0,744119_Black_Galaxy-20080530-xzb_de11-097.wav,and conflict session by an effective team is output process,German
0,744314_HeavensRevenge-20110528-fum_de4-07.wav,Panama Sumit question kuddus Temple Andaaz phaagan,German
0,746074_Crazo-20091014-cey_de11-054.wav,chudasi baat ka Akbar Khan,German
0,746941_AndreyBarrientosCostaRica-20130710-hct_de5-053.wav,is kind of informative built within the indicated for gasoline is,German
0,748060_BRwgt-20140228-yvz_de8-063.wav,so I never understand port a line of IP address,German
0,748984_DanielNeuhaus-20080303-cxf_de2-30.wav,open positive eigenschaften,German
0,749383_HeavensRevenge-20110529-byr_de4-49.wav,write a program counter and Measurement V Tandav,German
0,750744_BRwgt-20140718-oxg_de8-069.wav,Revital h tum khana Khao final undergone Potter Milana Falcon,German
0,752182_AndreyBarrientosCostaRica-20130710-lud_de10-151.wav,Anu Mein access points 2067,German
0,753558_Crazo-20091014-cey_de11-050.wav,per video conferencing on internet value with is very good message for winter,German
0,754171_GeorgSimmel-20140421-ptj_de4-83.wav,I am string location of the voice USA House ki full enquiry,German
0,755472_AndreyBarrientosCostaRica-20130710-lud_de10-152.wav,Jagadish 18 is Kshetra,German
0,756354_AdrianTovar-20080727-bxq_de11-077.wav,Mia Hai Are Bhai uski behan sisters and gift,German
0,757601_HeavensRevenge-20110528-ezs_de3-17.wav,chemist Khol Asian Spice country,German
0,757859_AdrianTovar-20080727-xjh_de11-151.wav,MIT einem Vivek Angel Pharma Sujangarh it where,German
0,758347_AndreyBarrientosCostaRica-20130710-lud_de10-159.wav,the day 10 packet Museum you but the internet isn't that bad,German
0,758771_GeorgSimmel-20140421-ptj_de4-81.wav,Mati Mati se Akhian Nu Shivir in used to experiment have focused,German
0,760455_AdrianTovar-20080727-bxq_de11-071.wav,Hanuman much think it is the fall apart by the,German
0,760569_AdrianTovar-20080727-bxq_de11-072.wav,Isha with sleep system there in Sanskrit on test,German
0,762232_1337ad-20170321-vzg_de9-054.wav,Ehsas photo collage images white for B,German
0,762912_HeavensRevenge-20110529-lvg_de9-142.wav,Amazon associate forensic stickering Sunita guard cell on the earth,German
0,763435_HeavensRevenge-20110528-wng_de3-45.wav,professionals of portsmouth America America with cartoon,German
0,766128_HeavensRevenge-20110529-qmc_de6-53.wav,Sushmita live on the lighted,German
0,766524_AdrianTovar-20080727-iif_de10-140.wav,and Johnson contest winner fat but long they keep a address in common,German
0,766672_1337ad-20170321-mba_de7-012.wav,concrete in normal control and B are cartoon not even,German
0,766830_GeorgSimmel-20140421-ndq_de11-163.wav,admission kimon High Tension father International 2016,German
0,767218_HeavensRevenge-20110528-ahk_de10-098.wav,only 10% listen shoelaces and hangers for losers,German
0,768449_GeorgSimmel-20140421-wyw_GeorgSimmel-20140421-wyw_de3-66.wav,a Sonnet 60 by women in Noida with from front psl,German
0,769347_AndreyBarrientosCostaRica-20130710-lud_de10-156.wav,Ti next ban gaya rate of Himalaya Apartment Khan,German
0,770063_DirkSchnelleWalka-20140703-eyz_de8-005.wav,theatre mode on,German
0,770883_Crokoking-20110119-dbi_de10-150.wav,Muslim Hasi wali gift,German
0,771322_HeavensRevenge-20110528-rms_de10-035.wav,Ryukendo Krishnan photo Kiska avoid Dayan,German
0,771436_1337ad-20170321-vzg_de9-055.wav,as a gift at Isha when you selling out fashion planet,German
0,771451_DirkSchnelleWalka-20090901-ajk_de10-042.wav,Avatar Syndicate,German
0,773325_1337ad-20170321-blf_de9-168.wav,an inspiration the actual computer connected but heart,German
0,774751_HeavensRevenge-20110529-mlp_de11-104.wav,tasvir,German
0,775564_DirkSchnelleWalka-20090901-ajk_de10-039.wav,kurti with an internet Sugan Kaun the first album,German
0,776946_AdrianTovar-20080727-xjh_de11-150.wav,strength of logging into a feeling,German
0,778163_AndreyBarrientosCostaRica-20130720-pyu_de10-008.wav,Dandiya Din text next rest for build digested so that the headphone built,German
0,778177_GeorgSimmel-20140421-fdc_de5-077.wav,Assamese women who evening p***,German
0,779032_HeavensRevenge-20110529-byr_de4-51.wav,Kishor 4 pending the silent homes Mahendra 30 Shankar nose and hair from falling tone,German
0,779195_AndreyBarrientosCostaRica-20130720-pyu_de10-003.wav,the dash telling form builder with backlight in them text is today loss,German
0,779905_Crazo-20091014-cey_de11-052.wav,Sudha soft man alone and give it your side effect,German
0,781106_Black_Galaxy-20080530-xzb_de11-095.wav,Yeshu ki testimony station Jewellers to schedule clean,German
0,781539_1337ad-20170321-yqy_de10-052.wav,NHS getfit software licensing,German
0,782881_1337ad-20170321-vyr_de3-63.wav,Shikha Gupta Rangwala,German
0,783203_DanielNeuhaus-20080303-zpn_de5-121.wav,I am doing this investigate,German
0,784040_HeavensRevenge-20110529-kux_de10-072.wav,piano vst galton achieve with hostel,German
0,784070_HeavensRevenge-20110528-tte_de11-124.wav,the traffic with an ambitious but some slight non beta vitagel item,German
0,785764_FlorianLaggwwwlaggat-20121008-lia_de4-72.wav,ya book,German
0,Error,Error,Error
0,786782_HeavensRevenge-20110529-lge_de11-041.wav,that's right and a button to form for 64,German
0,788167_BRwgt-20140228-yvz_de8-057.wav,team and I na sogan happens,German
0,788266_DirkSchnelleWalka-20140703-eyz_DirkSchnelleWalka-20140703-eyz_de8-002.wav,108 mantras for Shiva,German
0,788491_Black_Galaxy-20080530-xzb_de11-103.wav,when is dance for mute vada,German
0,788609_1337ad-20170321-kgs_de11-035.wav,Akhil account Samsung Aankhen hai man for behad,German
0,788713_GeorgSimmel-20140421-ndq_de11-164.wav,and sister sex tour in her chest as being his with Oscar lasted,German
0,789786_BRwgt-20140723-idz_de3-62.wav,full item is how much lucky,German
0,789964_HeavensRevenge-20110528-peo_de10-073.wav,m r software consumer session socialism,German
0,791592_BRwgt-20140718-hof_de9-176.wav,Mustafa garage weak students should not findon,German
0,791683_BRwgt-20140228-vcp_de8-055.wav,sneak consigned first kisses conceptual for Stephen,German
0,792103_ALI-20130113-iyl_de10-019.wav,1 month or text is known for refund list born,German
0,793299_HeavensRevenge-20110529-uiz_de11-109.wav,tourism for song filmmaker Future weather in October,German
0,793777_GeorgSimmel-20140421-ptj_de4-86.wav,Kis Desh Ne keep it off coach instruction and given it,German
0,795994_DanielNeuhaus-20080303-jla_de5-134.wav,tomato Hathi Swatantrata little awesome,German
0,798301_BRwgt-20140718-ynj_de4-13.wav,467 home with within cloth X convenience,German
0,799565_HeavensRevenge-20110529-wfp_HeavensRevenge-20110529-wfp_de2-06.wav,name the house to state Handloom shop,German
0,799717_AdrianTovar-20080727-paz_de3-18.wav,important Hindi nice look for in the soil to start with next and went far is,German
0,799729_1337ad-20170321-bej_de6-53.wav,Sachin cloud account should not have deleted,German
0,800911_HeavensRevenge-20110529-qmc_de6-52.wav,Tourister Van Austin for transfer health nurse,German
0,801973_HeavensRevenge-20110529-lid_de7-035.wav,to sign a contract for let's of broccoli is it was den,German
0,802077_HeavensRevenge-20110529-gbj_de9-143.wav,Sachin finished Amos class in concrete and abstract noun,German
0,802622_Defense-20090727-wmu_de7-052.wav,z1000 exam list above fit into a diffuser,German
0,803987_DirkSchnelleWalka-20140703-lys_de5-102.wav,Technology ka marks and written and spoken in Sweden,German
0,804750_BRwgt-20140723-idz_de3-65.wav,103 and this time name of fundamental and still is,German
0,805073_1337ad-20170321-hii_de9-144.wav,Sanatan Anam with hooks for concrete and Asphalt song,German
0,806072_Crazo-20091014-rfm_de7-011.wav,lyrics of waiting list of lists clerk of fun and useful to Sakta siling,German
0,806671_HeavensRevenge-20110528-rms_de10-036.wav,skit on Android land,German
0,807608_HeavensRevenge-20110529-ibo_HeavensRevenge-20110529-ibo_de11-004.wav,taking doston on top of the chief minister of mines office online,German
0,808604_HeavensRevenge-20110528-woz_de9-148.wav,urinoma actions by fear and aft,German
0,809335_HeavensRevenge-20110529-qmc_HeavensRevenge-20110529-qmc_de6-48.wav,transit plastic Karbonn,German
0,810054_HeavensRevenge-20110529-ghq_HeavensRevenge-20110529-ghq_de11-143.wav,sq feet square formed if I had transfer,German
0,810401_BRwgt-20140718-ynj_de4-22.wav,the Orchid sqlite in the suffering study skills its difficult,German
0,812203_DirkSchnelleWalka-20101217-iws_de11-099.wav,the following is the correct language going to return,German
0,812267_GeorgSimmel-20140421-zvj_GeorgSimmel-20140421-zvj_de8-050.wav,M hu S 500 rupee note there in and focus in heart,German
0,813524_BRwgt-20140228-zpn_de11-023.wav,10 cute so Kapda Market closed and Communications method,German
0,814246_HeavensRevenge-20110528-woz_de9-144.wav,ticker symbol and truth for concrete marriage palace song,German
0,814558_Crokoking-20110119-dbi_de10-152.wav,Azad restaurant Rashid love,German
0,816924_Defense-20090727-wlz_Defense-20090727-wlz_de5-083.wav,top 10 NIT in files and at 28 M whose and must,German
0,817163_AndreyBarrientosCostaRica-20130710-hct_de5-059.wav,Deepak jewellers and shadows height weight,German
0,817802_DanielNeuhaus-20080303-zpn_de5-122.wav,ending the first wife,German
0,819960_GeorgSimmel-20140421-wyw_de4-01.wav,storm first sloka Sthan AC meet Keshav first look,German
0,821143_HeavensRevenge-20110528-tte_HeavensRevenge-20110528-tte_de11-123.wav,tension at an beta slider Oscar philim,German
0,822188_BRwgt-20140228-zpn_de11-025.wav,Mithila Wale Hath sister class,German
0,824023_HeavensRevenge-20110529-ujo_de2-12.wav,and I am sure that there are few side Fallen,German
0,825389_BRwgt-20140718-oxg_de8-073.wav,P computer condition in a hiatus lands are so pathetic and,German
0,825601_HeavensRevenge-20110529-lvg_de9-145.wav,Dekho Samantha Amit Yadav,German
0,826856_HeavensRevenge-20110529-lge_de11-040.wav,Flipkart Vodafone m s,German
0,826943_FrankJger-20111114-zmx_de5-042.wav,the actress wear to chahita shreshth,German
0,827791_1337ad-20170321-vzg_de9-056.wav,Johns Honda 363 menu,German
0,827993_AdrianTovar-20080727-iif_de10-135.wav,Manzil to product from glyco hairstyle r7,German
0,828725_Defense-20090727-wmu_de7-053.wav,King Radha Krishna station for house,German
0,829005_HeavensRevenge-20110528-bno_de6-14.wav,I am with you understood it in and truths for Pisces,German
0,829621_Crazo-20091014-jzh_de5-005.wav,respiratory distress missing Chef system,German
0,Error,Error,Error
0,831621_AndreyBarrientosCostaRica-20130710-hct_de5-056.wav,I need soda by the fat rat listen them,German
0,831909_HeavensRevenge-20110528-woz_de9-150.wav,I just am I would internet from their future screen,German
0,832010_1337ad-20170321-yqy_de10-059.wav,and function of the midst of a firm's behaviour of clay,German
0,832351_HeavensRevenge-20110529-mlp_de11-105.wav,toastmasters at student grade 11 415 plate,German
0,832591_1337ad-20170321-czb_de11-099.wav,for wonderful an interesting twist to the baron,German
0,832961_HeavensRevenge-20110528-peo_de10-068.wav,substance a good plan the staff that industry and inside EP list,German
0,833368_AdrianTovar-20080727-xjh_de11-148.wav,what items can eat in skin fungus,German
0,833386_GeorgSimmel-20140421-cgr_de7-056.wav,US patent be Aankhon Ki Hathon,German
0,833411_de11-068.wav,staff lyric list prices for Santro Xing,German
0,835493_DanielNeuhaus-20080303-cxf_de2-38.wav,on Christmas in the China talk to me on the sofa,German
0,838538_BRwgt-20140228-ewk_de8-065.wav,Chinese beast inside phone to band that violin,German
0,839463_1337ad-20170321-bej_de6-55.wav,sequence Na Koi enclouden definitive usko Chandrayan,German
0,839518_GeorgSimmel-20140421-ptj_de4-87.wav,kuch kharab shop in Solan comedian bearing,German
0,840927_HeavensRevenge-20110529-klu_de7-068.wav,denom aapka Sar per computics Forever 21,German
0,842504_HeavensRevenge-20110529-nhk_de9-167.wav,Pitaji Ne starts on where is the on restart right now of marketing to Asia,German
0,843568_DanielNeuhaus-20080303-cxf_de2-31.wav,Rishte abstain the cake in which things are influenced on 3 September fall,German
0,843638_HeavensRevenge-20110529-lvg_de9-144.wav,the cost in half an hour and with super soco create Marathi trailer song,German
0,844437_HeavensRevenge-20110529-ghq_de11-151.wav,mithaai number via Council for most awaited,German
0,845138_HeavensRevenge-20110528-wng_de3-46.wav,main board is an instruction the net pack kathaen report,German
0,846713_HeavensRevenge-20110528-fum_de4-09.wav,he places Isha Hut menu is in place when the software is correct and that your,German
0,847732_HeavensRevenge-20110529-ibo_de11-006.wav,b a 5 standard started falling,German
0,848335_DirkSchnelleWalka-20101217-swz_DirkSchnelleWalka-20101217-swz_de7-074.wav,Little Pony in high finance house ke number,German
0,848977_1337ad-20170321-yqy_de10-060.wav,Bayana forecast of Khush Lawson,German
0,849613_1337ad-20170321-vyr_de3-57.wav,technique is not used,German
0,850619_Crazo-20091014-jzh_de4-97.wav,making Slime internet telephone if you will,German
0,851008_DanielNeuhaus-20080303-jzi_de4-66.wav,in the Eastern Healthcare it is transaction yahoo.co 32 it influenced,German
0,851395_DanielNeuhaus-20080303-cxf_de2-32.wav,to stand out in the restaurant or Cafe with sign,German
0,852676_1337ad-20170321-czb_de11-104.wav,respect women height get hard f******,German
0,852764_GeorgSimmel-20140421-ptj_de4-82.wav,Santosh and key strength is not thinking,German
0,855477_HeavensRevenge-20110528-ahk_de10-097.wav,ki mithaai longwood a m my music near,German
0,856275_GeorgSimmel-20140421-ndq_de11-169.wav,Vincent Cassel,German
0,857283_Crokoking-20110119-dbi_de10-149.wav,umah Navratri geet Mishra,German
0,857570_BRwgt-20140228-yvz_de8-059.wav,kis IPL Kaise Prestige use I know more,German
0,858683_1337ad-20170321-bej_de6-48.wav,transact plastic ke born,German
0,858735_1337ad-20170321-mba_de7-021.wav,School first place where is enjoy,German
0,858895_1337ad-20170321-qbd_de2-35.wav,Asha Anushka Kanwar ingested,German
0,859431_1337ad-20170321-mba_de7-018.wav,kya hun Aaj Disha act to stinney confessed for letting us warns and soil,German
0,859994_HeavensRevenge-20110528-ory_de4-18.wav,people in a restaurant listening,German
0,860757_DirkSchnelleWalka-20090901-ajk_DirkSchnelleWalka-20090901-ajk_de10-038.wav,class room Sultan even when the tautan Zealand,German
0,861918_HeavensRevenge-20110529-llt_de7-094.wav,Manoj sisterxsister Disha headphone wireless LAN forgiving where they go,German
0,862560_HeavensRevenge-20110529-tng_de8-118.wav,within few months take the fiction books of inorganic sources,German
0,863764_HeavensRevenge-20110529-nhk_de9-173.wav,Inferno an investigative journalist is problem loss nucleus,German
0,865898_HeavensRevenge-20110529-byr_de4-55.wav,is a software understood fascino protocol,German
0,866142_GeorgSimmel-20140421-ptj_GeorgSimmel-20140421-ptj_de4-78.wav,cast Alaukik kitne varsh,German
0,867014_1337ad-20170321-qbd_de2-40.wav,the sun just less the head of a ton,German
0,868733_GeorgSimmel-20140421-cgr_de7-052.wav,task is such an action list above film peace review,German
0,869579_DanielNeuhaus-20080303-jzi_de4-71.wav,reproductive monthly platform in all the ocean,German
0,869624_DanielNeuhaus-20080303-hfe_de3-53.wav,vitamin test and strike coupon for environment Orton Kaisan that contain foreman,German
0,870905_BRwgt-20140718-oxg_de8-068.wav,Tata fakirpur antim computer network by the Goliath,German
0,870928_BRwgt-20140228-nrb_de11-137.wav,teamindus five star resort in Munnar with Jagan,German
0,871507_1337ad-20170321-hii_de9-143.wav,the thinnest outlet in concrete and fires on the day after,German
0,872304_BRwgt-20140718-hof_de9-172.wav,document controller in London,German
0,879930_HeavensRevenge-20110528-peo_de10-071.wav,s s enterprise where the software,German
0,881459_HeavensRevenge-20110529-lge_de11-038.wav,sign up to game on this mistake,German
0,881965_HeavensRevenge-20110529-ujo_de2-13.wav,is very in fun fun and exciting,German
0,882529_HeavensRevenge-20110529-llt_de7-093.wav,Nitish Manisha Heights MN all show schema,German
0,882692_HeavensRevenge-20110529-uiz_de11-112.wav,tamatar Hota I can stand back up photo,German
0,883308_AndreyBarrientosCostaRica-20130710-hct_de5-058.wav,dissolution of a track of feeder after loss can,German
0,884533_BRwgt-20140228-kwo_de8-123.wav,Prithvi annual function Lok,German
0,884956_BRwgt-20140228-qlo_de8-102.wav,when it comes to mi calendar,German
0,885737_de11-066.wav,awesome internet filters,German
0,886118_BRwgt-20140228-kwo_de8-114.wav,name in CTET child who have,German
0,887504_1337ad-20170321-vyr_de3-56.wav,is the technique with a weekend fun facts couldn't have ended,German
0,887670_BRwgt-20140723-idz_de3-61.wav,despite the fact,German
0,888336_BRwgt-20140228-yvz_de8-062.wav,computer centre 3rd floor 9 import inline IP address,German
0,888486_HeavensRevenge-20110529-qmc_de6-57.wav,enjoy your gains by severe and unsolicited Fatak solar system together,German
0,889212_Black_Galaxy-20080530-xzb_de11-102.wav,written exam,German
0,889405_1337ad-20170321-ufl_de3-38.wav,Thane Station East Indian food site and height,German
0,889497_1337ad-20170321-vyr_de3-54.wav,it starts on common in schools on the text music on fans in in f****,German
0,890146_BRwgt-20140228-vcp_de8-051.wav,chut athleisure software can and fast in study of violin,German
0,892059_HeavensRevenge-20110529-qmc_de6-51.wav,is it safe to visit lekin halftones Bajrang Congo com,German
0,893264_Crazo-20091014-cey_de11-056.wav,the same function grid competitors digital is it also work,German
0,895456_1337ad-20170321-mba_de7-013.wav,anonymous ke message and I would buy an Assassin's Creed and will it,German
0,900783_1337ad-20170321-vzg_de9-061.wav,conveyor and fertility in scabies,German
0,900839_HeavensRevenge-20110529-llt_de7-089.wav,when I'm with cheap car have never of internet for one that we are in soil,German
0,900945_HeavensRevenge-20110529-dif_de11-068.wav,Toyota Rush price of lyric list rice exports and notes,German
0,902053_1337ad-20170321-kgs_de11-037.wav,villains Akhilesh and fast and their classrooms and finger 1,German
0,902410_BRwgt-20140228-nrb_de11-136.wav,slightly spectral synthesis 1015,German
0,903908_HeavensRevenge-20110529-lzj_de10-022.wav,sammanit Sujan hadtal Mandi kalapahad,German
0,904013_BRwgt-20140228-zpn_de11-024.wav,teacher technique for Din in b b cream can I use it,German
0,904477_BRwgt-20140228-qlo_de8-098.wav,PPP Kumbh quotes on top position when the given stick and so forth craft,German
0,905406_HeavensRevenge-20110528-tte_de11-130.wav,Alastair Cook for heart want to be determined,German
0,905418_Defense-20090727-wmu_Defense-20090727-wmu_de7-048.wav,chicken dishes with besan,German
0,905862_FlorianLaggwwwlaggat-20121008-lia_de4-76.wav,Hindi song,German
0,906985_AndreyBarrientosCostaRica-20130720-pyu_de10-010.wav,is after a Asian photo to Sen,German
0,907529_BRwgt-20140718-hof_de9-168.wav,I need inspiration the attitude computer instant mixed in with heart,German
0,907659_HeavensRevenge-20110529-klu_de7-066.wav,vegetables we are a few an metal power 4 members,German
0,908242_HeavensRevenge-20110528-rms_de10-033.wav,I'm aapke Build A pillar satwari helped her Konta Kalam born,German
0,908532_AndreyBarrientosCostaRica-20130710-hct_de5-062.wav,fear the freshmuzic.in meet finlayson schedule,German
0,910061_BRwgt-20140718-ynj_de4-17.wav,time organs trade strike over step of Asansol gana,German
0,910177_BRwgt-20140228-ewk_de8-064.wav,and Fourth Kind of an einem Hukum,German
0,910985_HeavensRevenge-20110529-tng_de8-112.wav,Facebook ID interior file and a back start,German
0,912428_1337ad-20170321-blf_de9-159.wav,use and abuse of images in an account,German
0,913347_HeavensRevenge-20110529-tng_de8-119.wav,cancel the Indian Gangster in,German
0,914908_HeavensRevenge-20110529-byr_HeavensRevenge-20110529-byr_de4-46.wav,Vaishno Devi inside in the sky national capital is most,German
0,916541_HeavensRevenge-20110529-lge_de11-036.wav,whimsically account Bhagya 800 game,German
0,917909_1337ad-20170321-amr_de4-72.wav,about a function in Facebook in contact information,German
0,918229_HeavensRevenge-20110529-lzj_de10-018.wav,Krrish 1,German
0,920843_HeavensRevenge-20110528-bno_de6-15.wav,against the fat workout leg workouts to gain,German
0,921152_1337ad-20170321-blf_de9-163.wav,police Circus the allowed in internet Shubh Rang normal Kaise pass,German
0,921396_Crazo-20091014-rfm_de7-005.wav,what's weaknesses of soil,German
0,922699_GeorgSimmel-20140421-ptj_de4-80.wav,Nathu Vishnu Shastra Vishay at Kent 2nd Vishnoi experimented with bearing,German
0,925561_HeavensRevenge-20110529-rju_de9-044.wav,Daru Vich Pyaar star to show IP addresses Amulya,German
0,926389_ALI-20130113-iyl_de10-020.wav,Tekken 10 men belt white clisson Bayan,German
0,926465_AdrianTovar-20080727-gov_de2-24.wav,holston sistemas De este,German
0,926570_BRwgt-20140718-hof_de9-175.wav,with sparkles khanan delicious tilgan,German
0,926733_BRwgt-20140228-bgs_de8-029.wav,I National internet Sugam is not pending,German
0,926871_HeavensRevenge-20110529-nhk_HeavensRevenge-20110529-nhk_de9-164.wav,criminal of political awareness as I can get lost,German
0,927992_Defense-20090727-wmu_de7-057.wav,tonometer with yet another split unit and last,German
0,928198_BRwgt-20140228-zpn_de11-018.wav,I not a good job is it the stipulated,German
0,928698_HeavensRevenge-20110528-wng_de3-43.wav,Jharkhand field was first time,German
0,931909_1337ad-20170321-vyr_de3-60.wav,koshika Sanskriti museum,German
0,932654_HeavensRevenge-20110529-qmc_de6-55.wav,Vikram son of cloud definition,German
0,932777_1337ad-20170321-czb_de11-098.wav,Monu station to wind infinitheism threat on h,German
0,935995_DirkSchnelleWalka-20101217-iws_DirkSchnelleWalka-20101217-iws_de11-096.wav,15 December 2016 - fund in pond,German
0,936084_GeorgSimmel-20140421-fdc_de5-080.wav,Indian acrylics site would in the castle in Unki part,German
0,936697_HeavensRevenge-20110529-ibo_de11-011.wav,no quite name them giving dost along some spoken distance,German
0,937115_HeavensRevenge-20110529-mdg_de8-035.wav,35 a v Sonia technology and gadgets,German
0,938482_HeavensRevenge-20110529-dif_de11-067.wav,yesucan banota class first click,German
0,938624_HeavensRevenge-20110529-ghq_de11-147.wav,the first second if I had to of a bit software on h cassettes,German
0,939430_AdrianTovar-20080727-bxq_de11-073.wav,that was with suitable site,German
0,940328_HeavensRevenge-20110529-rju_de9-047.wav,after meal on Thursday and then free Baat next vacancy of you go,German
0,940926_BRwgt-20140228-kwo_de8-116.wav,industrial court in sites to find Z Sim,German
0,943304_HeavensRevenge-20110528-wng_de3-48.wav,top 10 cricket white amphicyon price in the capacity of,German
0,944096_HeavensRevenge-20110529-mlp_de11-111.wav,useful and association for testing and anna and,German
0,947516_HeavensRevenge-20110529-byr_de4-53.wav,Pisces and cancer 4:00 and thus kostenlos program,German
0,948041_AnnaKarpekewitsch-20091129-jbu_de9-025.wav,get a computer South server that I can access,German
0,948171_AdrianTovar-20080727-gov_de2-21.wav,death Bell Court confirm sign miscellany,German
0,949156_DanielNeuhaus-20080303-zpn_de5-118.wav,Sach invest of solute,German
0,951632_Defense-20090727-wlz_de5-089.wav,Shahrukh Khan ki Badshah film geet,German
0,952410_HeavensRevenge-20110528-rms_de10-031.wav,fisherman National fashion Maxi Malviya,German
0,952651_Crazo-20091014-jzh_de4-99.wav,Minakshi opposite,German
0,954008_1337ad-20170321-vzg_de9-059.wav,Anup 1616 10 September 2002 suspected of killing,German
0,954431_HeavensRevenge-20110529-llt_de7-096.wav,is Ek Rishta ka naam internet Nach Baliye,German
0,954652_DirkSchnelleWalka-20101217-iws_de11-102.wav,Sarkari exam,German
0,955676_BRwgt-20140228-kwo_de8-120.wav,3 friends hybels mission Din bhai Lakshman chicken,German
0,956069_DirkSchnelleWalka-20090902-qoy_de5-037.wav,confirm,German
0,957322_BRwgt-20140228-msx_de8-139.wav,size of shared folder,German
0,959468_HeavensRevenge-20110529-lvg_de9-150.wav,Jesus came award M internet from their face cream,German
0,960491_BRwgt-20140228-ewk_de8-067.wav,Rajasthan Fakeer Sthan Olympus to import and decrement,German
0,960539_HeavensRevenge-20110529-rju_de9-042.wav,sitecom 45 and long IP address over the first click,German
0,963547_1337ad-20170321-qbd_de2-37.wav,Hukum film star house ke nuskhe Warren,German
0,963773_BRwgt-20140228-msx_de8-143.wav,3 month Amit with H2S 2009 Hashmi,German
0,964938_HeavensRevenge-20110529-gbj_de9-137.wav,Kitna Sona Hai for Stanford And Everything has all of one sim to another Sim,German
0,965448_1337ad-20170321-czb_de11-096.wav,Semen analysis inventor,German
0,966563_HeavensRevenge-20110529-tng_de8-117.wav,tensed India Expo 19 and reimbursement love,German
0,969130_FrankJger-20111114-zmx_de5-047.wav,Kolkata,German
0,971576_DirkSchnelleWalka-20101217-iws_de11-098.wav,demonstration theory in paragraph 100 words,German
0,972398_GeorgSimmel-20140421-cgr_de7-060.wav,tp53 per,German
0,974894_BRwgt-20140228-zpn_de11-017.wav,Olivia ka miss MIT Anandpur design,German
0,976050_1337ad-20170321-ufl_de3-42.wav,enough Kutumb with her fifties and about her plan,German
0,977241_BRwgt-20140228-kwo_de8-118.wav,with a few homestake the fiction books of the excess Jivan,German
0,978621_HeavensRevenge-20110529-qmc_de6-49.wav,invention of you must shader cache answers 8 science,German
0,979492_HeavensRevenge-20110528-ezs_de3-12.wav,Fox aur thoughtfortheday Mouse Lancer Saman,German
0,980688_GeorgSimmel-20140421-fdc_de5-083.wav,top picnic even Falls and Arctic m v Cinemas,German
0,981190_Crazo-20091014-jzh_de4-98.wav,kings of fermented milk e Shahbaz of national arts,German
0,982609_HeavensRevenge-20110529-nhk_de9-171.wav,deserto comment how is mitana Digital Photography year,German
0,984403_HeavensRevenge-20110529-ghq_de11-152.wav,staff portal so we are going out that,German
0,984485_Defense-20090727-wlz_de5-088.wav,skip the price under 1000 km Atlantic Vista,German
0,985813_HeavensRevenge-20110529-kux_de10-067.wav,list of insider coronavirus came on the Contender lately and,German
0,985815_Crokoking-20110119-dbi_de10-147.wav,Hukum specialised it outside Islam,German
0,986567_HeavensRevenge-20110529-uiz_de11-107.wav,if it Park headphone gateways in London David,German
0,986787_1337ad-20170321-ntd_de11-138.wav,staff physics book and staff common,German
0,987658_DanielNeuhaus-20080303-zpn_de5-124.wav,play the phone the absolute,German
0,988978_1337ad-20170321-blf_de9-162.wav,Instagram drawings on Sitar zone of Indian Parliament and name tyre,German
0,990718_BRwgt-20140228-bgs_de8-023.wav,can give your life thank you Santosh message deleted,German
0,990919_HeavensRevenge-20110528-ezs_de3-18.wav,and puts us in donors list for when a social stratification is done when forest,German
0,990981_HeavensRevenge-20110529-dif_HeavensRevenge-20110529-dif_de11-060.wav,Jesus format with effects at least twice as core exercise,German
0,991117_HeavensRevenge-20110529-lvg_de9-148.wav,urinoma after friends by Pia and staff,German
0,991906_HeavensRevenge-20110529-nhk_de9-169.wav,Manas age for admission for staff travel tips with me,German
0,992069_1337ad-20170321-kgs_de11-043.wav,cake in an exactly shape for boots for school,German
0,993080_BRwgt-20140228-bgs_de8-024.wav,TIFR bol Anthony School sets list of Finance fixed deposits on pixels,German
0,994052_HeavensRevenge-20110528-ory_HeavensRevenge-20110528-ory_de4-09.wav,he pleases Shah arts magazine fluteless when the software used for rectangular clothes,German
0,994084_HeavensRevenge-20110529-wfp_de2-07.wav,where is first AC and candy house popularmmos afternoon,German
0,994667_HeavensRevenge-20110528-ahk_de10-096.wav,digital logic network,German
0,995357_DirkSchnelleWalka-20090901-ajk_de10-041.wav,an Din download points of the activities,German
0,997153_1337ad-20170321-bej_de6-49.wav,invasion of your most CD ka transit Pathan,German
0,998929_HeavensRevenge-20110529-mdg_HeavensRevenge-20110529-mdg_de8-030.wav,tazloc fresh bataen form no in Maitrivanam,German
0,999152_HeavensRevenge-20110529-kux_de10-070.wav,movie review on political on website,German
0,999252_1337ad-20170321-czb_de11-097.wav,conflicts with system is Oscar shasan,German
