,Filename,text,language
0,hin_0001.wav,aapke Hindi Pasand karne per Khushi Hui,hindi
0,hin_0002.wav,Sath hi main Lekh per Kuchh badlav Kiye Hain aap ki tippani Mile To Achcha rahega,hindi
0,hin_0003.wav,aap se Apeksha hai ki Bhavishya Mein is Prakar ke aur bhi le kahan se prapt Honge,hindi
0,hin_0004.wav,Unka Rachit Kavya sangrah Hriday Ganga Nav bhasha mein prakashit ho chuka hai,hindi
0,hin_0005.wav,aajkal nimnalikhit prashnon per kam kar raha hun,hindi
0,hin_0006.wav,Sharir Mein Pitt Agni ka Pratinidhi hai,hindi
0,hin_0007.wav,unke Vishal lekhan Karya ka sahityik aur European Darshan per grahan Prabhav pada hai,hindi
0,hin_0008.wav,is Lekh per Magar Kafi baten Aisi Jinka Praman Lekh per Diya jana avashyak hai,hindi
0,hin_0009.wav,perimeter Shakal De hi,hindi
0,hin_0010.wav,Hui hi Kaju Mohi Harsh Vishesh e,hindi
0,hin_0011.wav,Panch tatva Hai Mitti Aakash Jal Agni aur Vayu,hindi
0,hin_0012.wav,yah likh Delhi ka Lal Kila ke bare mein hai,hindi
0,hin_0013.wav,to yogdan Karne Walon Ko Jo Sahi samajh mein aata hai likh diya jata hai,hindi
0,hin_0014.wav,Dr Patel aapke Holi se sambandhit Le Ke Liye dhanyvad,hindi
0,hin_0015.wav,Sang AVN rajyon se sambandhit vishayon Ka Faisla Uchch nyayalay dwara Kiya jata hai,hindi
0,hin_0016.wav,Australia ke Kale ke liye khojen,hindi
0,hin_0017.wav,main Paryatan bhugol per aapka Lekh padha bahut Achcha Lekh hai,hindi
0,hin_0018.wav,Urja ke strot ke liye khojen,hindi
0,hin_0019.wav,kamal bharatvarsh ka rashtriy Pushp hai,hindi
0,hin_0020.wav,yah Asia Ki Sabse Badi awasiya Colony kahlati hai,hindi
0,hin_0021.wav,Ek Manav Kriya ke roop Mein yah Vigyan aur abhiyantriki se puratan hai,hindi
0,hin_0022.wav,Rajya Ka Nirman Kai varsh ke Aandolan ke paschat vah,hindi
0,hin_0023.wav,Guru Sikh De Rai per Hi Gaya,hindi
0,hin_0024.wav,Mujhe nirantar ki jankari acchi lagi,hindi
0,hin_0025.wav,Purnima ji dhanyvad sujhav ke liye,hindi
0,hin_0026.wav,Wikipedia sadasya Shyam aur Wikipedia ke naam sadasya ke Karya ke anusar,hindi
0,hin_0027.wav,Jamshedpur Se prakashit Hindi Dainik,hindi
0,hin_0028.wav,Bheem ulta Kabhi aur Shayar Hai,hindi
0,hin_0029.wav,Iske Badle Mein Tum Kuchh aur Mang lo,hindi
0,hin_0030.wav,Ras Singar tha aur Bhasha Thi Bridge,hindi
0,hin_0031.wav,Braj Kala AVN Sanskriti,hindi
0,hin_0032.wav,Prachin kal Mein Rishi Muni Bhagwan ka Dhyan Karte The,hindi
0,hin_0033.wav,Dhan ka Arth Hota Hai dravya,hindi
0,hin_0034.wav,Gagan ka Arth Hai Aakash,hindi
0,hin_0035.wav,Ek Teesra Naam Hindustan utpati Fasi ya hinduon ki Bhumi,hindi
0,hin_0036.wav,Inka aakarshan Hai Khas stml,hindi
0,hin_0037.wav,Shri Krishna Pandav Sabhi Gaye bhishm ke pass,hindi
0,hin_0038.wav,Himalaya per baisa yah Desh chinh,hindi
0,hin_0039.wav,Pratham Samanya AVN ditiya Vishesh,hindi
0,hin_0040.wav,Priti ka Arth hota hai Nirman,hindi
0,hin_0041.wav,Wiki Yatra se Kendriya freaky ganarajya Hetu Yatra guide,hindi
0,hin_0042.wav,Hawai prant ka ek Dweep,hindi
0,hin_0043.wav,Shobha deti Sujan ko Jinke gun hi shreshth,hindi
0,hin_0044.wav,Unki aatmkatha Hai Satya ke prayog,hindi
0,hin_0045.wav,Agra ka Arth hota hai Anurodh,hindi
0,hin_0046.wav,lagao ka Arth hota hai more,hindi
0,hin_0047.wav,hay tattva,hindi
0,hin_0048.wav,Anya Akshar Puche jaane wale Sawal baki sab,hindi
0,hin_0049.wav,templet ke prayog ke udaharan ke liye Dekhen Aacharya Ramchandra Shukla lekhak,hindi
0,hin_0050.wav,yahoodi Dharm ka Dharmik Granth,hindi
0,hin_0051.wav,Vishesh ka Arth Hota Hai vishisht,hindi
0,hin_0052.wav,tab Hanumant nikat Chali Gaya,hindi
0,hin_0053.wav,Girija Suna ho ya Katha,hindi
0,hin_0054.wav,anuvad ke liye Aapka kya Kahana aap Kuchh Bhi Kahe aap ki kshamta Atul hai,hindi
0,hin_0055.wav,Mugal shasan Ne Islam Dharm Ko badhava Diya aur kisanon per kar Badha Diya,hindi
0,hin_0056.wav,udaharan ke liye Ramayan Lekh Dekhen,hindi
0,hin_0057.wav,kripya Chaupal par Charcha Mein Bhag le,hindi
0,hin_0058.wav,ine Ki lagbhag Har Kahani Mein Patron Ki Soch ghatnaon se Pradhan hoti thi,hindi
0,hin_0059.wav,aapka Wikipedia per sakriya yogdan banaa Rahega aisi ummid hai,hindi
0,hin_0060.wav,Hindi Haiku Kavitha per is Samay Vishesh Roop se Karya kar raha hun,hindi
0,hin_0061.wav,Adhunik bhautik Vigyan Mein pratyek Karya ke liye Urja ko avashyak bataya gaya hai,hindi
0,hin_0062.wav,Buddhi Bal maramu Tor Mai Pada hua,hindi
0,hin_0063.wav,Wikipedia per Milkar Khushi Hui Sanjay,hindi
0,hin_0064.wav,ya Lake Sura ke bare mein hai,hindi
0,hin_0065.wav,aap ka Uttar Mujhe Aur likhane Ke Liye prerit Karega,hindi
0,hin_0066.wav,Australia ke rashtriy cricket team hai,hindi
0,hin_0067.wav,vishad ka Arth hota hai Dukh,hindi
0,hin_0068.wav,Kabhi iski Asia Ki Sabse Badi Colony Mein ginti hoti thi,hindi
0,hin_0069.wav,Shiksha ke star ko bhi accha Mana jata hai,hindi
0,hin_0070.wav,kripya aap ka sadasya prusth per Parichay De,hindi
0,hin_0071.wav,aapke dwara likha gaya Lekh Ayurved Kafi Jankari bhara hai,hindi
0,hin_0072.wav,Chandragupt dwitiya ke Samay Mein Kshetriya tatha sanskritik vistar hua,hindi
0,hin_0073.wav,Wikipedia sadasya Vijay Thakur aur Arvind unke Karya ke anusar,hindi
0,hin_0074.wav,kya is Vishay ko Chaupal Mein Rakhna uchit hoga dhanyvad,hindi
0,hin_0075.wav,football stadium ke liye khojen,hindi
0,hin_0076.wav,Adhik Ban Pade to Adhik Uttam,hindi
0,hin_0077.wav,Ram ne Rishi Vishwamitra ke yahan rahakar Shiksha prapt ki thi,hindi
0,hin_0078.wav,Tum pahle bhojan karo aur FIR Vishram kar lo,hindi
0,hin_0079.wav,Bhavan ka Arth hota hai Mahal,hindi
0,hin_0080.wav,Bhuvan ka Arth hota hai teeno Lok,hindi
0,hin_0081.wav,are dost kalikal to data Dukh Mahan,hindi
0,hin_0082.wav,prasiddh ritikal ke kavi,hindi
0,hin_0083.wav,Unka sabse Bhayanak Roop Khali Hai arthat Kala Roop,hindi
0,hin_0084.wav,Wikipedia ke bare mein Jankari Dene Wale prashn,hindi
0,hin_0085.wav,Manavta Ka Arth hota hai Manav hone ke gun,hindi
0,hin_0086.wav,Sahyog ke liye dhanyvad Manish,hindi
0,hin_0087.wav,yah kilava Sthal Bhi Hai Jahan se Bharat ke Pradhanmantri Swatantrata Diwas,hindi
0,hin_0088.wav,chikitsa ka Arth hota hai Ilaaj,hindi
0,hin_0089.wav,Chayan ka Arth hota hai chunav,hindi
0,hin_0090.wav,Vardan ka Arth hota hai Devi devtaon ya Ishwar ke dwara Kiya Gaya Anup raha hai,hindi
0,hin_0091.wav,Shah arthat Badshah ya Samrat,hindi
0,hin_0092.wav,Shastra Bhartiya Vigyan ke Granth,hindi
0,hin_0093.wav,Sita man Bharosa tab bhai,hindi
0,hin_0094.wav,Hindu European Bhasha bolane wale Desh,hindi
0,hin_0095.wav,Vicky Yatra se Sikkim Hetu Yatra guide,hindi
0,hin_0096.wav,Sangram ka Arth Hota Hai yuddh,hindi
0,hin_0097.wav,Suni Hanumant Hriday ATI Bhave,hindi
0,hin_0098.wav,Hindi sahitya kosh Pratham Bhag,hindi
0,hin_0099.wav,Vastav Mein atyant Sundar Lekh hai,hindi
0,hin_0100.wav,Ved Smriti Mein naam bhi Saath Prakar ke Bataye gaye hain,hindi
0,hin_0101.wav,Dhaar Jila aitihasik aur sanskritik Roop se mahatvpurn Sthan Rakhta hai,hindi
0,hin_0102.wav,mere sampadan mein Hamesha aise hi prashnon ke shuruaat hi pradhanta rahi hai,hindi
0,hin_0103.wav,5 bacchon ke Parivar Mein teesre Sthan per the,hindi
0,hin_0104.wav,vaise bhi Hindi ka upyog internet par bahut jyada Nahin Hai,hindi
0,hin_0105.wav,Janm se to aadami ke aadami Saman hai,hindi
0,hin_0106.wav,main Hindi sahitya Se Juda Hua hun,hindi
0,hin_0107.wav,Kai baudh Gautam Buddh ki Upasna Bhi Karte Hain,hindi
0,hin_0108.wav,venue lekhan mein bhi Patra AVN ghatnaon ka istemal Nahin karte,hindi
0,hin_0109.wav,Geeta aur Bahar Jo tha Ek sath tha,hindi
0,hin_0110.wav,Hari Mandir tab Banava,hindi
0,hin_0111.wav,Bharat mein bhi Kafi lokpriya hai,hindi
0,hin_0112.wav,manushya dwara Prachin Tum Jaat dhaatu Sona Hai,hindi
0,hin_0113.wav,Dhyan se Hamen Apne Jivan Ka uddeshy samajhne Mein sahayata milati hai,hindi
0,hin_0114.wav,ise Savan ke mahine Mein Gaya jata hai,hindi
0,hin_0115.wav,Urja Pravesh Dwar Saja Ke Liye khojen,hindi
0,hin_0116.wav,Main To bahut Chhota yogdan Diya Hai,hindi
0,hin_0117.wav,Garhwal Bharat ke Uttaranchal prant ka ek Pramukh Kshetra hai,hindi
0,hin_0118.wav,Duryodhan ke Janm ke din hi Kunti Ke Putra Bheem ka bhi Janm hua,hindi
0,hin_0119.wav,is Prakar ki Shikayat darj karane ke liye Kisi Vakil Ki avashyakta Nahin Hoti,hindi
0,hin_0120.wav,Purush Shabd ka prayog prayog Kavya Mein Adhik Hota Hai,hindi
0,hin_0121.wav,football Khiladi ke liye khojen,hindi
0,hin_0122.wav,Upar ke udaharan ke anusar,hindi
0,hin_0123.wav,Guru Purnima Varsha Ritu ke Aarambh Mein Aati Hai,hindi
0,hin_0124.wav,isliye Tum pahle Shankar Bhagwan ko prasann karo,hindi
0,hin_0125.wav,kar di Gai Dhyan dilane ke liye dhanyvad,hindi
0,hin_0126.wav,Prachin Bharat ke Ek Vansh ka naam,hindi
0,hin_0127.wav,Hamari Sanskriti Mein 7 ka mahatva,hindi
0,hin_0128.wav,Kalidas Naam Ka shabdik Arth Hai Kali ka sevak,hindi
0,hin_0129.wav,Wikipedia ke kisi Lekh par Charcha karne ke liye banae Gaye prashn,hindi
0,hin_0130.wav,Manav Ka Arth Hota Hai manushya,hindi
0,hin_0131.wav,uchtam nyayalaya Ne Kaha Ki,hindi
0,hin_0132.wav,Mahal ka Arth hota hai Bhawan,hindi
0,hin_0133.wav,Priya na per hi sarvartha jaaun,hindi
0,hin_0134.wav,udaharan ke liye Dekhen Banaras,hindi
0,hin_0135.wav,Yog Ek nirdharit sankhya ke varsh,hindi
0,hin_0136.wav,Karnatak aur Tamilnadu ki Seema per bas Aaya Shahar mukhya Roop,hindi
0,hin_0137.wav,Sachiv Sangh line Nav paath Gaya,hindi
0,hin_0138.wav,Suni Prabhu Vachan abhishan Harshi Dahej pad Ganj,hindi
0,hin_0139.wav,prakritik Shishu Eva Leela dekhi bhaiyon Mohini Mohan,hindi
0,hin_0140.wav,saurmandal se sambandhit Lekh,hindi
0,hin_0141.wav,Neha ka Arth hota hai lagao,hindi
0,hin_0142.wav,Ek Sandesh ka sanskaran Satyajeet Rai ki mukhya Prist ke sath,hindi
0,hin_0143.wav,Raja ka Arth hai prant ya Pradesh,hindi
0,hin_0144.wav,Vicky Yatra se Darjeeling Hetu Yatra guide,hindi
0,hin_0145.wav,2 varsh vahan kam karne ke bad Hindustani Academy Mein Adhyapak niyukt hue,hindi
0,hin_0146.wav,Anya prayog Hetu Dekhen varg,hindi
0,hin_0147.wav,bahut sara Ne Hai Karya hai aapka,hindi
0,hin_0148.wav,Sikh Dharm Punjab ka mukhya Dharm hai,hindi
0,hin_0149.wav,do ek hi ling ke log,hindi
0,hin_0150.wav,Kafi sankhya Mein Yahan pratishthit log maujud the,hindi
0,hin_0151.wav,Garhwal ka Sahitya tatha Sanskriti bahut samriddh hain,hindi
0,hin_0152.wav,unke ab tak do Kahani sangrah AVN do Kavita sangrah prakashit Ho chuke hain,hindi
0,hin_0153.wav,Urja ki ikai ke liye khojen,hindi
0,hin_0154.wav,city of London ke liye khojen,hindi
0,hin_0155.wav,sal ki Anya Pramukh Ritu Hai sheet Ritu Varsha Ritu Vasant Ritu,hindi
0,hin_0156.wav,main Wiki per Kuchh mahatvpurn samagri Dene Ka Prayas kar raha hun,hindi
0,hin_0157.wav,ya Prabhu Charitra Pavitra suhava,hindi
0,hin_0158.wav,more vidhayak Priti ATI Hui,hindi
0,hin_0159.wav,aap mujhse ummid mat kijiye,hindi
0,hin_0160.wav,hinduon ki atyant Pavitra Nadi Ganga ka udgam Sthal mukhya Himalaya Ki Dakshin shreniya hai,hindi
0,hin_0161.wav,ISI Tarah Kisi Karya ka uddeshy AVN mahatva ka Sahi Gyan Ho pata hai,hindi
0,hin_0162.wav,isliye Main Aisa Badla karna chahta Nahin hun,hindi
0,hin_0163.wav,Desh Ka Naam suvith Sang hai,hindi
0,hin_0164.wav,yah Jameen Ke Niche Hota Hai,hindi
0,hin_0165.wav,Krishi karna aur yah Udyog,hindi
0,hin_0166.wav,aapko Wikipedia per sakariya dekhna Ek sukhad Anubhav hai,hindi
0,hin_0167.wav,Maine koshish ki Magar Kam Nahin hua,hindi
0,hin_0168.wav,Mangal ka Arth hota hai Shubh Pavan Kushal ityadi,hindi
0,hin_0169.wav,main Ishita ATI adhama Subhav,hindi
0,hin_0170.wav,yah Vikramaditya ki Rajya ki rajdhani thi,hindi
0,hin_0171.wav,urmul aata hai Sanskrit ka Shabd hai,hindi
0,hin_0172.wav,Sambhav hai ki iska Avishkar isase bhi bahut pahle vah Ho,hindi
0,hin_0173.wav,Wikipedia sadasya Vijay Thakur aur anunaad Singh ke Karya ke anusar,hindi
0,hin_0174.wav,bhugol ke paramparik vibhajan hai prakrutik bhugol tatha Manav bhugol,hindi
0,hin_0175.wav,Hindi Wikipedia par copyright ke Niyam ke anuvad ki jarurat hai,hindi
0,hin_0176.wav,Kahani upnyas patrakarita thambalay Khan film,hindi
0,hin_0177.wav,Wikipedia ke sadasya shreshth tatha unke antargat Aane Wale sadasya sambandhit prashn,hindi
0,hin_0178.wav,manushya ka Arth Hota Hai manushya,hindi
0,hin_0179.wav,avashyakta Hai To Keval sanyukt Prayas ki dhanyvad,hindi
0,hin_0180.wav,Maharshi Vyas Mahabharat mahakavya ke lekhak,hindi
0,hin_0181.wav,use Dar Ka Jo deep raha ho sachmuch Surya Saman,hindi
0,hin_0182.wav,Tari Arjuna Teri Tu Jaan,hindi
0,hin_0183.wav,Ram Lakhan Sita Sahit bus hu Surah bhoop,hindi
0,hin_0184.wav,yah Tata Parivar ka parivar vruksh,hindi
0,hin_0185.wav,ab Dekhi Prabhu pad Ganj,hindi
0,hin_0186.wav,Puran ka Arth hota hai Itihaas,hindi
0,hin_0187.wav,Parsi Dharm ka Granth samuh,hindi
0,hin_0188.wav,Muni Puni Ke Ras Lekh,hindi
0,hin_0189.wav,dravya padarth Ki avastha Hai jabki dravya Swayam padarth,hindi
0,hin_0190.wav,koi bhi chij Jaise Manav gay aashram,hindi
0,hin_0191.wav,main Kavi tatha lekhak hun,hindi
0,hin_0192.wav,Nahin lekhan ko likhane mein jyada Samay Jata Hai Sudhar ki tulna mein,hindi
0,hin_0193.wav,Prayag Vishwavidyalay Mein adhyapan ke dauran Hindi sahitya kosh ke sampadan mein Sahyog Diya,hindi
0,hin_0194.wav,Urdu Farsi tatha Arbi ke atirikt Sanskrit Se Bhi janmi Ek Hind Arya Bhasha hai,hindi
0,hin_0195.wav,ismein Nritya sambandhit ghatnaon ka ullekh hai,hindi
0,hin_0196.wav,sanyukt Rajya America aur Australia ke Anek Paryatan Kshetra iska udaharan hai,hindi
0,hin_0197.wav,Jarur Mila Dena chahie Mujhe vah prastut pahle nahin mila,hindi
0,hin_0198.wav,Sath Hi Ek Jagah per lekhan chhodkar Baki Jagah se mita diya Jaaye,hindi
0,hin_0199.wav,ISI Naam Ke upnyas kram ke liye Yahan jaen Harry Potter upnyas,hindi
0,hin_0200.wav,Priti Na Pad Saroj man Mahi,hindi
0,hin_0201.wav,Vigyan ki Sabhi Shakha Mein ganit ka upyog Kiya jata hai,hindi
0,hin_0202.wav,ine nadiyon Ke Karan Uttar Bharat ki Bhumi Krishi ke liye upjau hai,hindi
0,hin_0203.wav,Iske Vishay mein kaha jata hai,hindi
0,hin_0204.wav,ise aise hi Jari rakhen,hindi
0,hin_0205.wav,yah sankhya Har varsh badh rahi hai,hindi
0,hin_0206.wav,Ashok ki Rajya Mein Maurya Vansh ka behad vistar hua,hindi
0,hin_0207.wav,Suno Sakha Najuk ka swabhav,hindi
0,hin_0208.wav,kya Karan Hai jaise ki Lekh lamba hai Itni Aadhi,hindi
0,hin_0209.wav,Gagan mulaitha Sanskrit ka Shabd hai,hindi
0,hin_0210.wav,sabse purana jeevit Sahitya rigved hai jo Sanskrit bhasha mein likha gaya hai,hindi
0,hin_0211.wav,Kendra Rajya ko Aise nirdesh De sakta hai jo is sambandh mein avashyak hun,hindi
0,hin_0212.wav,bhai ka Arth hota hai Dar,hindi
0,hin_0213.wav,Sanatan athva Vaidik Dharm ka dusra Naam,hindi
0,hin_0214.wav,Maiya ka Arth hota hai Brahma Jaal,hindi
0,hin_0215.wav,is Taramani avastha ki Shaili Mein Bhav kam hai Shabd Adhik,hindi
0,hin_0216.wav,Sansar Mein Keval do tatva Hai Ek Soundarya aur dusra Satya,hindi
0,hin_0217.wav,Arthshastra Lekh Mein Sudhar ke liye dhanyvad,hindi
0,hin_0218.wav,you are arthat Jeev ka Parmatma se Milan,hindi
0,hin_0219.wav,yuddh ka Arth hota hai Ravan,hindi
0,hin_0220.wav,Dahi Bharat Pune Prabhu pad Pankaj,hindi
0,hin_0221.wav,Pakistan tatha Bharat mein bhi prayukt Somwar ka Roop,hindi
0,hin_0222.wav,sarvottam ka Arth Hota Hai sarvshreshth,hindi
0,hin_0223.wav,ise samikaran isliye Kaha jata hai ki ismein Samta chin,hindi
0,hin_0224.wav,Unse Ek Ka Naam Tha Daksh,hindi
0,hin_0225.wav,Apne mat ki shuruaat Karen samarthan ya virodh ke sath,hindi
0,hin_0226.wav,Nayan ka Arth Hota Hai Aankh,hindi
0,hin_0227.wav,main Hindi ke Maulik Lekh likhta hun,hindi
0,hin_0228.wav,Mahila Shiksha apne aap Mein Mahila utthan ka Karan Nahin Ban Sakte,hindi
0,hin_0229.wav,Birha ka Arth Hota Hai vyog,hindi
0,hin_0230.wav,hi Giri Ruchi bus Khaga SOI,hindi
0,hin_0231.wav,yah Braj bhasha mein Rachit hai,hindi
0,hin_0232.wav,Mere vichar Mein vote se Lekh banana Sambhav hai,hindi
0,hin_0233.wav,Udaipur Bhartiya Rajya Rajasthan ka ek Jila hai,hindi
0,hin_0234.wav,Yog Ek Aur Tu sankshipt Vishay hai aur dusri aur Kafi vyapak,hindi
0,hin_0235.wav,Kuchh shabdon ke purv ek se Adhik upsarg Bhi lag sakte hain,hindi
0,hin_0236.wav,Uttarakhand ke do Bhag Hai Garhwal aur Kumaon,hindi
0,hin_0237.wav,Tumhara Mohi Dar Su hati dinner,hindi
0,hin_0238.wav,Kripa karke mujhe batane ka kasht Karen,hindi
0,hin_0239.wav,Bulleh Shah Guru vah hai jo Gyan De,hindi
0,hin_0240.wav,20 vi Shatabdi ke Aarambh Mein angreji shasan se Swatantrata Prapti ke liye Sangharsh chala,hindi
0,hin_0241.wav,Unki is Pustak ka Bharat AVN Britain Mein Saman Swagat Hua Hai,hindi
0,hin_0242.wav,atah sirf Hindu Samaj ka varnan karna uchit Nahin Hai,hindi
0,hin_0243.wav,Itihaas group se Gorakhpur bahut prasiddh hai,hindi
0,hin_0244.wav,kisi ke sath Hindi kavita Mein prayog Yug ka Aarambh Mana Ja sakta hai,hindi
0,hin_0245.wav,Uttar Pradesh bharat mein hua,hindi
0,hin_0246.wav,Vivek ka Arth hota hai buddhi,hindi
0,hin_0247.wav,Lochan Sajal Jori kar do,hindi
0,hin_0248.wav,iska Arth Hai Bhumi Mein Jal Ho,hindi
0,hin_0249.wav,Bhardwaj hinduon ke Ek Mahan Rishi hai,hindi
0,hin_0250.wav,Kalidas ke natak ke Patra,hindi
0,hin_0251.wav,iska Harry Potter ki lagbhag Har EK Pustak Mein varnan hai,hindi
0,hin_0252.wav,Ritu ka Arth hota hai Komal,hindi
0,hin_0253.wav,madad ke liye bahut dhanyvad,hindi
0,hin_0254.wav,Aadhar ka Arth hota hai Samman,hindi
0,hin_0255.wav,jeet ka Arth hota hai Vijay,hindi
0,hin_0256.wav,Wikipedia ka Pratham nirvachit Le khushit Hua Ramayan,hindi
0,hin_0257.wav,suharto ka antim sanskar Aaj,hindi
0,hin_0258.wav,is Kshetra ki Seema ke sath sath Vyas,hindi
0,hin_0259.wav,bahut mehnat se tatha lagbhag pura likha gaya Lekar Ja,hindi
0,hin_0260.wav,urf ka Arth hota hai Chhati,hindi
0,hin_0261.wav,Mahanadi ki Sanskriti ka Pravah,hindi
0,hin_0262.wav,Kai log ise Hindi ka ek Roop mante Hain,hindi
0,hin_0263.wav,Saathi ho sake to Shikayat prastut per use Shikayat Ka Jawab Diya Jaaye,hindi
0,hin_0264.wav,chhayavad Yug Hindi sahitya ka ek yuddh,hindi
0,hin_0265.wav,Bharat ke Jammu aur Kashmir Pradesh ka ek Nagar hai,hindi
0,hin_0266.wav,Hare Kisi Na Kisi Ved Se Juda Hua Hai,hindi
0,hin_0267.wav,world Bhasha ki sabse Chhoti ikai hai,hindi
0,hin_0268.wav,pratyek Atariya Pariyojna Mein Mera Sahyog rahega,hindi
0,hin_0269.wav,khag Mrig brind Dekhi manobhave,hindi
0,hin_0270.wav,unke bus jaane ke bad yah Kshetra Garhwal Ke Raja Ko Karde Ne Laga,hindi
0,hin_0271.wav,Aisa sirf Purnima ke din Sambhav Hota Hai,hindi
0,hin_0272.wav,Nishi charane kar Maran video gana,hindi
0,hin_0273.wav,Hindi aur Sanskrit Mein Uttrakhand ka Arth Uttari Kshetra ya Bhag Hota Hai,hindi
0,hin_0274.wav,Kumauni ka Astitva bhi Vaidik kal se hai,hindi
0,hin_0275.wav,dharohar Sangathan ke liye khojen,hindi
0,hin_0276.wav,kar hi Sada Sevak par Priti,hindi
0,hin_0277.wav,iska mukhya Bhavan Rashtriya Virasat ghoshit Kiya Ja chuka hai,hindi
0,hin_0278.wav,Uttar Disha Char dishaon mein se ek hai,hindi
0,hin_0279.wav,UN Dinon masur ke sabhi college Madras Vishwavidyalay se sambandh the,hindi
0,hin_0280.wav,Bhasha Vigyan ke liye khojen,hindi
0,hin_0281.wav,kya mujhe surakshit Karne Ka Adhikar mil sakta hai,hindi
0,hin_0282.wav,yah Bharat mein Hone Wali Ek Soundarya Pratiyogita hai,hindi
0,hin_0283.wav,tab angered Uthi nice Iru Sajal Nayan Kar Jori,hindi
0,hin_0284.wav,yah wale do Pramukh Bhasha Hai Jahan se Maithili ka vistar hua,hindi
0,hin_0285.wav,Jannat avgun Prabhu man Khao,hindi
0,hin_0286.wav,Mein Kavita Kosh ka sadasya hun,hindi
0,hin_0287.wav,Mukhtar bhejo ki Mandir ke Pradhan Devta se sambandhit Hote Hain,hindi
0,hin_0288.wav,Ab Jo Main Kahta Hun Uska Palan karo,hindi
0,hin_0289.wav,is Rajya Ka Lekh dekhne ke liye Yahan jaen Jammu aur Kashmir,hindi
0,hin_0290.wav,yah Shabd Ritu ke Kafi Kareeb hai,hindi
0,hin_0291.wav,maharishi Mahesh Yogi ka nidhan,hindi
0,hin_0292.wav,maharishi Mahesh Yogi ka nidhan,hindi
0,hin_0293.wav,Ayodhya Prasad Khatri per Dhyan aakarshit karne ke liye dhanyvad,hindi
0,hin_0294.wav,vyavsay Se Main Ek sangnak,hindi
0,hin_0295.wav,udaharan ke liye Dekhen Hindi sahitya,hindi
0,hin_0296.wav,Varna ka Arth hota hai Vachan,hindi
0,hin_0297.wav,Veeram ke bhai the unke Anya bhai the Bharat aur Lakshman,hindi
0,hin_0298.wav,unhone do Patra bhi prakashit kiye Hindi mein Arjun tatha Urdu mein Tej,hindi
0,hin_0299.wav,Prachin Roman Dharm Mein Unki samathula Devi thi veenus,hindi
0,hin_0300.wav,Hanuman ki Poonch Mein Lagan na Pai Aag,hindi
0,hin_0301.wav,Kahin Na Jaaye ATI Durg Vishesh e,hindi
0,hin_0302.wav,Janata party ko hataya gaya hai,hindi
0,hin_0303.wav,hi mama pad Sadharan chirunama,hindi
0,hin_0304.wav,per main abhi Sara Hindi ka vyakaran Jaanta hun vah Kafi Aasan hai,hindi
0,hin_0305.wav,use Samay Garhwal Mein Prithvi Shaw ka Rajya tha,hindi
0,hin_0306.wav,is Lekh Mein gaytri Mantra ke bare mein Jankari De Jaani chahie,hindi
0,hin_0307.wav,Mere Wikipedia print per aapka swagat hai,hindi
0,hin_0308.wav,Yahan Bhartiya Itihaas ki Vishesh ghatnao ki Suchi hai,hindi
0,hin_0309.wav,Aisa pratit karaya jata hai ki dusri Bhasha Hai ine gunon se hi nahin hai,hindi
0,hin_0310.wav,yah to acchi likhi Gai hoti hai ya Buri,hindi
0,hin_0311.wav,Hindi ke vidwan suprasidh lekhak V Kavita,hindi
0,hin_0312.wav,fidaa hi Te Kahe Na Hoi Dukha Re,hindi
0,hin_0313.wav,Bhartiya vaigyanik ke liye khojen,hindi
0,hin_0314.wav,Satyajeet Rai ki ek prasiddh Hindi film hai,hindi
0,hin_0315.wav,sampurn Kumaon mein koi ek Shakti Na Thi Jo Sabko Apne adhin kar paate,hindi
0,hin_0316.wav,Uttar aur purv ke bich ki Disha,hindi
0,hin_0317.wav,Bharat mein Jharkhand Pradesh ka ek Jila hai,hindi
0,hin_0318.wav,baudh Dharm ke pravartak the,hindi
0,hin_0319.wav,Devi Bhagat Raghupati ATI Pavani,hindi
0,hin_0320.wav,Khadi boli ka Vikas sabse pahle aaj ke Paschimi Uttar Pradesh mein hua,hindi
0,hin_0321.wav,Vidha kam Guna ka lahsun bhav,hindi
0,hin_0322.wav,Aata Hai Yahan Ke Gramin Maithili ko apni matrubhasha ke roop Mein prayog Karte Hain,hindi
0,hin_0323.wav,agar aap angreji Wikipedia per hai tu,hindi
0,hin_0324.wav,Wikipedia sadasya Manish Vashisht aur Arvind unke Karya ke anusar,hindi
0,hin_0325.wav,per Ritu aur Mausam Mein Kuchh Antar hai,hindi
0,hin_0326.wav,Subhadra Kumari Chauhan ki mitrata college Jivan Mein Hi Judi thi,hindi
0,hin_0327.wav,1 8 2 sharp theek hai Kushal Mangal,hindi
0,hin_0328.wav,Asha ka Arth Hota Hai ummid,hindi
0,hin_0329.wav,Kashmir mein Banai Gai film,hindi
0,hin_0330.wav,Akhil ka Arth Hota Hai sampurn vyapak,hindi
0,hin_0331.wav,kisanon ka Akhil Bhartiya Sammelan,hindi
0,hin_0332.wav,Vismay ka Arth hota hai Australia,hindi
0,hin_0333.wav,Sudhi ka Arth hota hai Smaran,hindi
0,hin_0334.wav,Aam Taur per Swarg ka Arth prayukt hota hai Jiska Arth Hai Awaaz,hindi
0,hin_0335.wav,yani Itihaas se purv ka Itihaas,hindi
0,hin_0336.wav,Sandesh ke liye dhanyvad Rajiv main theek hun,hindi
0,hin_0337.wav,Munni Siddh ka gana,hindi
0,hin_0338.wav,sandrbh Mein dena jaruri hai,hindi
0,hin_0339.wav,yah Vayu Gale Mein rahti hai,hindi
0,hin_0340.wav,Jile ka Mukhyalay Udaipur hai,hindi
0,hin_0341.wav,ISI Samay Kauwa you bhasha mein Arabi Farsi Turki bhasha ke Kai Shabd prayukt Hone Lage,hindi
0,hin_0342.wav,ATI Vichitra Kahin Ja Tu Suna he,hindi
0,hin_0343.wav,dusri aur Bhag bhi rashtriy mahatva ka Sthan hai,hindi
0,hin_0344.wav,FIR Gautam Buddh Ne unhen prachar karne ke liye bhej diya,hindi
0,hin_0345.wav,vistar se samajhne ke liye Swarn ko Dekhen,hindi
0,hin_0346.wav,Aaj Hai Garhwal Mandal mein hai,hindi
0,hin_0347.wav,Govind Rai jakar Unki God Mein baith Gaye,hindi
0,hin_0348.wav,Kari Bichar Karo ka bhai,hindi
0,hin_0349.wav,ya Rishi Muni bhi hua,hindi
0,hin_0350.wav,is Gomati Talab ke upar navghat hai,hindi
0,hin_0351.wav,Shant ka ek Shahar hai,hindi
0,hin_0352.wav,Vigyan ki is Shakha ko bhautik Shastra Kaha jata hai,hindi
0,hin_0353.wav,aisa lagta hai ki alag Prist Rakha Gaya hissa theek hai,hindi
0,hin_0354.wav,Uttar Aur Paschim ke bich ki Disha,hindi
0,hin_0355.wav,Rajiv aapka kam Kafi Achcha hai,hindi
0,hin_0356.wav,Upasana Sanskrit Mul ka Shabd hai,hindi
0,hin_0357.wav,ab Shri Ram Katha ATI Pavan,hindi
0,hin_0358.wav,Tumhen Jaan hun Kabhi Mor Subah hun,hindi
0,hin_0359.wav,mukhya Lekh Meri Jeevan kahani,hindi
0,hin_0360.wav,isliye Main Koi naya Panna likh sakta Nahin hun,hindi
0,hin_0361.wav,iska Prabhav mukhyata hi Nagar Mein Hua Hai,hindi
0,hin_0362.wav,Hindi sahitya kosh bhag 2,hindi
0,hin_0363.wav,Asia ke Madhya ka Kshetra,hindi
0,hin_0364.wav,Aadhar ka Arth hota hai Mul,hindi
0,hin_0365.wav,Rajeev ji aapki sujhav ka dhanyvad,hindi
0,hin_0366.wav,purn Lekh Naam prayog Hetu Dekhen purn Likhna,hindi
0,hin_0367.wav,American Football League ke liye khojen,hindi
0,hin_0368.wav,sampurn Bharat ke kisanon ka Sammelan,hindi
0,hin_0369.wav,Waqt Ka Arth hota hai Samay,hindi
0,hin_0370.wav,Angrej Bharat Mein Aaye To The Vyapar karne Kintu Ban Baithe shasak,hindi
0,hin_0371.wav,Rachna ka Arth hota hai Nirman,hindi
0,hin_0372.wav,satyug Manav Ka pahla Swarna Yug,hindi
0,hin_0373.wav,Udaipur Rajasthan plant ka ek Nagar hai,hindi
0,hin_0374.wav,udisa ki Rajniti ke liye khojen,hindi
0,hin_0375.wav,Bhavishya Puran Mein Bhavishya Mein Hone Wali ghatnaon ka varnan hai,hindi
0,hin_0376.wav,Britain Mein Basi Bhartiya Mul ki lekhak hai,hindi
0,hin_0377.wav,Yahan Shabdkosh Nahin Rakhna chahie,hindi
0,hin_0378.wav,Rajdhani banne ke bad Is Shahar ka Aakar nirantar Badh Raha Hai,hindi
0,hin_0379.wav,main is Lekh Mein Kafi sandrbh laga diye Hain,hindi
0,hin_0380.wav,Chhati ka Vivah bhi Guruji ke sath hua tha,hindi
0,hin_0381.wav,Hindi mein Hi Ko likhane ki Disha mein bahut Teji I hai,hindi
0,hin_0382.wav,sabse raja aur rani Balak Govind Rai Ke Bhakt Ho Gaye,hindi
0,hin_0383.wav,Sang Na Re Bahu Ki Banava,hindi
0,hin_0384.wav,Gautam Buddh Nagar Bhartiya rajya Uttar Pradesh ka ek Jila hai,hindi
0,hin_0385.wav,Kali Mitti ki Parat hone ke Karan Bhumi upjau hai,hindi
0,hin_0386.wav,Bharat mein aisa Nahin Hua Hai,hindi
0,hin_0387.wav,namaste Rajiv Mere vichar se Paryatan bhugol ab theek hai,hindi
0,hin_0388.wav,Prakriti Vigyan ki ek Vishal Shakha hai,hindi
0,hin_0389.wav,dakshini America ke Uttar mein sthit hai,hindi
0,hin_0390.wav,pure Nagar Mein Dharmik Jagah Jaisa Kuchh nahin mila hai,hindi
0,hin_0391.wav,yah Mera vyaktigat sujhav Hai,hindi
0,hin_0392.wav,Mohit Aarti Mohan Prabhu Bandhan Mohan Rakhi,hindi
0,hin_0393.wav,Hindi sahitya ka aadhunik Kal tatkalin rajnitik gatividhiyon Se prabhavit Hua,hindi
0,hin_0394.wav,Dekhi Sahil prasann Marne bhaiyon,hindi
0,hin_0395.wav,per main Kisi samasya Ka Samadhan kar sakta Nahin hun,hindi
0,hin_0396.wav,Paryatan bhugol Ek per Samay dene ki meri Puri koshish Rahegi,hindi
0,hin_0397.wav,atah aap tatkal usse yuddh Karke uska Vadh Karen,hindi
0,hin_0398.wav,prakrutik Drishya aadi ka chitran deshkal ke anusar Aur sankshipt Ho,hindi
0,hin_0399.wav,Magadh aadhunik Patna tatha Gaya Jile aur Aas Paas ke Kshetra,hindi
0,hin_0400.wav,is Sahyog Hetu bhi bahut dhanyvad,hindi
0,hin_0401.wav,are Shabd ka Arth hai shreshth aur pragatishil,hindi
0,hin_0402.wav,Apollo Abhiyan is yatra ka pahla Kadam,hindi
0,hin_0403.wav,Akhil Bhartiya Andolan pure Bharat mein vyapt Aandolan,hindi
0,hin_0404.wav,Vallabh ka Arth hota hai Priya,hindi
0,hin_0405.wav,kahat kathin Samjha kathin sadhan kathin Vivek,hindi
0,hin_0406.wav,Harry Potter ke liye khojen,hindi
0,hin_0407.wav,Unki do bete the Nar aur Narayan,hindi
0,hin_0408.wav,Berlin ki deewar Ka 1 Bhag,hindi
0,hin_0409.wav,per yah Sambhav Na Ho saka,hindi
0,hin_0410.wav,Bhartiya Prashasnik Seva ka ek Pramukh Prashasnik pad hai,hindi
0,hin_0411.wav,Bharat ka sabse bada jansankhya ke Aadhar per Rajya hai,hindi
0,hin_0412.wav,Bhutan Mul Roop se Charo taraf se Sthal Se Gira aur parvatiya Kshetra hai,hindi
0,hin_0413.wav,Islam Mein devtaon ki aur moortiyon ki Puja karna Mana Hai,hindi
0,hin_0414.wav,computer programming bhasha ke Vikas ka yah Agla Kadam tha,hindi
0,hin_0415.wav,Brahman jaati Ravan ke liye yah Dekhen bramhan,hindi
0,hin_0416.wav,Aisa Mana Jata Hai Ki Kali Devi ki Puja se unhen Jyotish ka gyan Mila,hindi
0,hin_0417.wav,Hindi Bal Sahitya ki bahut Samridh Parampara hai,hindi
0,hin_0418.wav,Dhyan Se Dekhne par Pata Chala Ki vahan per Kuchh Aur bhi hai,hindi
0,hin_0419.wav,karlo Sudhi Nahi Raghuvir Banki,hindi
0,hin_0420.wav,yah Vigyan prodyogiki tatha aushadhi Kshetra Mein pradan ki Jaati Hai,hindi
0,hin_0421.wav,pura Kshetra samtal upjau hai,hindi
0,hin_0422.wav,Hindi filmon ke liye Diye Jane Wale sabse purane aur pratishthit Puraskar hai,hindi
0,hin_0423.wav,7 Rishi Ne unhen Yagya ki Diksha Di,hindi
0,hin_0424.wav,Bharat mein Prachin Kal Se Hi Shiksha ka mahatva samajh liya tha,hindi
0,hin_0425.wav,ISI Prakar senya Sahyog bhi Badha hai,hindi
0,hin_0426.wav,dishoom Aarti Saras Nath Mein gai,hindi
0,hin_0427.wav,curry dandvat saprem Shiv Sanmukh kar Jori,hindi
0,hin_0428.wav,is kaal mein Rashtriya Bhavna Kafi Vikas hua,hindi
0,hin_0429.wav,Suno Ram kar Saja swabhav,hindi
0,hin_0430.wav,main Samaj Seva lekhan tatha Shiksha ko Kafi Pasand karta hun,hindi
0,hin_0431.wav,Unki Kavita Mein Prayas Sabhi Alankar Paye Jaate Hain,hindi
0,hin_0432.wav,Tumble ho ya koi Devta Ho,hindi
0,hin_0433.wav,Dhyan dilane ke liye aabhar,hindi
0,hin_0434.wav,namaskar aap ki sahayata Hetu pahle to dhanyvad,hindi
0,hin_0435.wav,Dakshin se Teesra Mandap Hai Khas Mahal,hindi
0,hin_0436.wav,Sahi prayog ka hai udaharan ke liye prant ka naam,hindi
0,hin_0437.wav,aapka block-based sahi hai Jaisa aap use Chahte Hain,hindi
0,hin_0438.wav,Vaishnav sampraday Bhagwan Vishnu ko Ishwar Marne Walon ka samprday,hindi
0,hin_0439.wav,vinati kar Jori kar Ravan,hindi
0,hin_0440.wav,Dekha Vidhi bichari sab layak,hindi
0,hin_0441.wav,Meri Baton ki aur Dhyan dijiye,hindi
0,hin_0442.wav,isliye Kho Hindi cinema le ke sath Mila Diya Jaaye,hindi
0,hin_0443.wav,upayukt takniki ke liye khojen,hindi
0,hin_0444.wav,Desh Ka Naam Paschim Germany hai,hindi
0,hin_0445.wav,upanyas ke lekhak ko upanyas kar Kahate Hain,hindi
0,hin_0446.wav,Hindu tatha Sikh Dharm mein Guru ka Arth Dharmik netaon se bhi Lagaya jata hai,hindi
0,hin_0447.wav,Mantra per kar uska Abhiman Aur Bhi badh gaya,hindi
0,hin_0448.wav,yahan se Sangharsh ka Daur Shuru hua,hindi
0,hin_0449.wav,Unka Ek Kavita sangrah prakashit Hua Hai,hindi
0,hin_0450.wav,Hui hi sacche gaye Din Chari,hindi
0,hin_0451.wav,Ek Din Raja Vishwamitra apni Cena ko Lekar Vashisht Rishi ke aashram mein Gaye,hindi
0,hin_0452.wav,yah Pustak chhayavadi Kavita ki prarambhik pustak hai,hindi
0,hin_0453.wav,Bhagwan Vishnu ko Ishwar Marne Walon ka samprday,hindi
0,hin_0454.wav,yah Hindi film mein Behtar Abhinay ke liye Abhinetri,hindi
0,hin_0455.wav,mujhe lagta hai ki iska naam badalkar Bhartiya vidwan kar dena chahie,hindi
0,hin_0456.wav,kalkaam gun dosh swabhav,hindi
0,hin_0457.wav,yah Rajniti mein sakriy hain aur Bikaner se Bhartiya Janata Party ke Lok Sabha Sansad hai,hindi
0,hin_0458.wav,unhone Anek Vigyan sambandhit pustake bhi likhi hai,hindi
0,hin_0459.wav,yah Ek aitihasik Nagar hai,hindi
0,hin_0460.wav,yah Sanskrit Mein likhe gaye hain,hindi
0,hin_0461.wav,donon Mein Bada Antar tha,hindi
0,hin_0462.wav,Ram Tumhari Priya Tumhara Priya Ram hi,hindi
0,hin_0463.wav,Upar D-Link mein aap dekh sakte hain ki kya hal hai Hindi pk ka,hindi
0,hin_0464.wav,main Paryatan bhugol Ko Ek Bar vartani aur vyakaran ki Drishti se dekh Leti hun,hindi
0,hin_0465.wav,Alankar Prayas abhi Alankar hai,hindi
0,hin_0466.wav,Raja Jo mahadweep ke apne Bhag mein shaktishali ho,hindi
0,hin_0467.wav,Prakash Hindi Wikipedia Mein Sahyog ke liye aabhar,hindi
0,hin_0468.wav,Jankari Mein vriddhi ke liye dhanyvad,hindi
0,hin_0469.wav,aapke prashansa ke Sundar shabdon ke liye dhanyvad Mitul,hindi
0,hin_0470.wav,Jab Sath Hai do Pradhanmantri,hindi
0,hin_0471.wav,man Karam Vachan Ram Sevak,hindi
0,hin_0472.wav,isliye Ek mein Harry Potter Patra vyakti ka varnan hai,hindi
0,hin_0473.wav,Sunu khagesh Nahin kachu Rishi dushan,hindi
0,hin_0474.wav,Nari bibas Nar Sakal Gosai,hindi
0,hin_0475.wav,can't Mein boli jane wali Bhasha hai,hindi
0,hin_0476.wav,aapane bacchon ke lekhak per Dhyan dekar Achcha kam Kiya Hai,hindi
0,hin_0477.wav,Vasant Ritu Varsha ki ek Ritu Hai jismein vatavaran ka tapman Prayas ukhad rahata hai,hindi
0,hin_0478.wav,yah 4 mahine Mausam Ki Drishti se sarvshreshth Hote Hain,hindi
0,hin_0479.wav,Wikipedia sadasya Krishna Yogesh Aur arvindam Ke Karya ke anusar,hindi
0,hin_0480.wav,Lucknow Bhartiya rajya Uttar Pradesh ki rajdhani hai,hindi
0,hin_0481.wav,Bhartiya Rajya Chhattisgarh ka ek Jila hai,hindi
0,hin_0482.wav,ine ka Arth is Prakar hai,hindi
0,hin_0483.wav,Sanatan Dharm hindu dharm ka dusra Naam,hindi
0,hin_0484.wav,Kuchh hi sadiyan Mein Kashmir Ghati Mein Muslim bahumat ho gaya,hindi
0,hin_0485.wav,Mandir Mein Bhai na Bhawani,hindi
0,hin_0486.wav,Maya Te Asi Rachi Nahin Jaaye,hindi
0,hin_0487.wav,band Awadhpuri ATI Pavani,hindi
0,hin_0488.wav,computer Vigyan ke liye khojen,hindi
0,hin_0489.wav,yah Jile ka ek Prachin AVN aitihasik Sthal hai,hindi
0,hin_0490.wav,chhayavad ka prarambh Janaki Prakashan se hi Mana jata hai,hindi
0,hin_0491.wav,Fasi sahityakar ke liye khojen,hindi
0,hin_0492.wav,angreji tatha Anya Paschimi bhasha mein inhen Giri Kaha jata hai,hindi
0,hin_0493.wav,Unka naamkaran bhi ISI Sanstha mein hua,hindi
0,hin_0494.wav,Maiya Bhagwati Suno Tumhen do,hindi
0,hin_0495.wav,Hamen Delhi Bharat ki rajdhani ke aashram Kshetra Mein Rah raha hun,hindi
0,hin_0496.wav,Jaruri Nahin ki jankari Rochak Ho,hindi
0,hin_0497.wav,aapki sujavan ke liye dhanyvad,hindi
0,hin_0498.wav,Dhan ka Arth hota hai Badal,hindi
0,hin_0499.wav,Aise Jaisa aap sab ki Rai Ho Usi ke anusar Karya kiya jaaye,hindi
0,hin_0500.wav,Pune Shirur Baithe Aasan,hindi
0,hin_0501.wav,is cal ki Pahli mukhya film Thi Nayak,hindi
0,hin_0502.wav,Harry Potter ki sari kahaniyan kalpanik hai,hindi
0,hin_0503.wav,Vasudev is Balak ko Apne Ghar Le Aaye,hindi
0,hin_0504.wav,Gaon Ke Logon Ne Aag Dekhi to Kareeb Aaye,hindi
0,hin_0505.wav,yah Yahan ki Rajya Sarkar ki rajbhasha ki hai,hindi
0,hin_0506.wav,is Pradesh ki nadiyan Bhartiya Sanskriti Mein sarvadhik Sthan rakhti hai,hindi
0,hin_0507.wav,incharge Thana Mein Nivas Karne Ki Main Tujhe chhut deta hun,hindi
0,hin_0508.wav,sankshep Mein Keshav Ki Saheli proud aur Gambhir hai,hindi
0,hin_0509.wav,Bharat ka sabse bada jansankhya ke Aadhar per Rajya hai,hindi
0,hin_0510.wav,Brahma ji Ne unhen Praja Mein vriddhi karne ki aagya De,hindi
0,hin_0511.wav,Wikipedia ka pharmacy avtaran hai,hindi
0,hin_0512.wav,Kahi so pragat hoti Keno bhai,hindi
0,hin_0513.wav,vi apni Praja ko Putra samajhte the,hindi
0,hin_0514.wav,Jile ka Mukhyalay Lucknow hai jo Rajya ki rajdhani bhi hai,hindi
0,hin_0515.wav,bhutpurv soviyat Sangh ki To lagbhag Har bhasha mein is kitab ka anuvad hua hai,hindi
0,hin_0516.wav,Nirala ji per aap ka Vishesh Karya hai,hindi
0,hin_0517.wav,jabki Quran Mein Aisa Kuchh Nahin Hai,hindi
0,hin_0518.wav,Bhasha Parivar aapas Mein sambandhit bhashan ka parivar Hota Hai,hindi
0,hin_0519.wav,inke bich ka aapas me sambandh inke vyaktigat prashnon per Dekha Ja sakta hai,hindi
0,hin_0520.wav,yah Ek atyant Prachin Shahar hai,hindi
0,hin_0521.wav,Nadi Punit Amit Mahima Aarti,hindi
0,hin_0522.wav,Bali aur sugriv mein Bhayanak yuddh hua,hindi
0,hin_0523.wav,Jivan Janm Safal mama bhaiya,hindi
0,hin_0524.wav,yah Desh mukhyata Pahadi Hai Keval dakshini Bhag mein thodi si samtal Bhumi hai,hindi
0,hin_0525.wav,kya aap Jante Hain Bhag Mein Diya Gaya Tak Lekh per bhi ho,hindi
0,hin_0526.wav,malinam Agar Iske aage hain Sare Rajkumar,hindi
0,hin_0527.wav,ise nirvachit karne ke liye dhanyvad,hindi
0,hin_0528.wav,vague ka Samanya Arth hota hai Gati Chaal,hindi
0,hin_0529.wav,Bharat ka ek mukhya tyohar Hai Holi Jo Vasant Ritu Mein Manaya jata hai,hindi
0,hin_0530.wav,Sant Kahani Aisi nitida Shannon,hindi
0,hin_0531.wav,Uma jog Jap daant apnana mcbratney name,hindi
0,hin_0532.wav,Magar Harry Voldemort ki pakad se is bar bhi Bhag nikalta hai,hindi
0,hin_0533.wav,Shiv darshan ke aadhunik American Aacharya,hindi
0,hin_0534.wav,iska Kuchh Karan Shiksha ka star Raha Hai To Kuchh rajnitik,hindi
0,hin_0535.wav,Shivaji ki sena ka Rang Ke Liye prasthan karte samay ka ek Chitra dekhiae,hindi
0,hin_0536.wav,Is Tarah Ke Anya lekhakon ke bare mein bhi Jankari De to Achcha hoga,hindi
0,hin_0537.wav,Desh Naam Desh naam hai,hindi
0,hin_0538.wav,ise Kalidas ki Nagari ke naam se bhi Jana jata hai,hindi
0,hin_0539.wav,is Pustak Mein ine Logon ke sath Judi ghatnao ka varnan hai,hindi
0,hin_0540.wav,Ujjain Bhartiya Rajya Madhya Pradesh ka ek Jila hai,hindi
0,hin_0541.wav,Jagdeep Akhil Lok kar Rao,hindi
0,hin_0542.wav,Chhattisgarh prant ke Bastar jila mein sthit hai,hindi
0,hin_0543.wav,unhone Kavita upnyas aur natak likhe,hindi
0,hin_0544.wav,Srishti Bij Jagat Janani Bhavani,hindi
0,hin_0545.wav,Hindi Wikipedia Par Kisi Prakar ki madad ke liye aap mujhse Sampark kar sakte hain,hindi
0,hin_0546.wav,Vipra Roop Dhari ka Pita Gaya,hindi
0,hin_0547.wav,Farsi Kala ke liye khojen,hindi
0,hin_0548.wav,Aisa 5 varsh Tak chalta Raha,hindi
0,hin_0549.wav,Jile ka Mukhyalay Gautam Buddh Nagar hai,hindi
0,hin_0550.wav,HAL hi Mein unhone antrashtriy Vigyan Sanskriti aur Chetna Kendra ki sthapna ki hai,hindi
0,hin_0551.wav,inmein Se rigved Ki Rachna sabse pahle hui thi,hindi
0,hin_0552.wav,Inka Samay Shukla Yug Ke antargat Aata Hai,hindi
0,hin_0553.wav,yah Prit Guru Shabd ke bare mein hai,hindi
0,hin_0554.wav,Uttaranchal Anek nadiyon ka udgam Sthal hai,hindi
0,hin_0555.wav,Chand Sukh Lagi Janam satakoti,hindi
0,hin_0556.wav,Raksha Bandhan nirvachit Lekh ghoshit hua,hindi
0,hin_0557.wav,atah ya Tika Muslim Aakraman ke bad ki ho sakti hai,hindi
0,hin_0558.wav,Fir Bhi Vasudev Se Bole hain tahat mein ab Balak Roop ho jata hun,hindi
0,hin_0559.wav,Shiksha Mein Dharmik Shiksha Ka samavesh Ho,hindi
0,hin_0560.wav,Tu Meri Ya Khuli Ghoshna Sune Sakal Sansar,hindi
0,hin_0561.wav,aap Sabhi Ke Sahyog ke liye bahut dhanyvad,hindi
0,hin_0562.wav,ameriki football Pad Ke Liye khojen,hindi
0,hin_0563.wav,Vaidik Yug arthat Ved Kal,hindi
0,hin_0564.wav,baith jaaiye Teri Hi Mandir Ravan,hindi
0,hin_0565.wav,Dekhi Param Pavan tab aashram,hindi
0,hin_0566.wav,Sangam Sahitya Isha ke aaspaas ka Tamil Sahitya,hindi
0,hin_0567.wav,Hindi ke Ek Pramukh lekhak,hindi
0,hin_0568.wav,Rahim bhi ISI Samay hue,hindi
0,hin_0569.wav,ine nadiyon ke kinare Anek Dharmik Vas sanskrutik Kendra sthapit hai,hindi
0,hin_0570.wav,Vichitra Baat yah hai ki Unki school ki padhaai Kuchh 5 Sal hi Rahi,hindi
0,hin_0571.wav,Jile ka Mukhyalay Ujjain hai,hindi
0,hin_0572.wav,Aapko Hindi Wikipedia par yogdan Karte Pakar Mujhe Khushi Hui,hindi
0,hin_0573.wav,vartman Mein Yahi bhashaen prayog ki Jaati Hai,hindi
0,hin_0574.wav,Mumbai mein Behtar Jivan ke liye unhone Kafi Sangharsh Kiya,hindi
0,hin_0575.wav,tab Prabhu Bhardwaj per hi gaye hun,hindi
0,hin_0576.wav,yah sab Hindu pauranik Charitra hi hote hain,hindi
0,hin_0577.wav,computer Vigyan ke liye khojen,hindi
0,hin_0578.wav,Bangla aur Marathi Sahitya natak ke Kshetra mein bahut Samrat Hain,hindi
0,hin_0579.wav,bahut se log Aisa kar rahe hain,hindi
0,hin_0580.wav,Hindi Ki Boli Thi Jo vartman Samay Mein Ek Bhasha hai,hindi
0,hin_0581.wav,programming bhasha mein bhi Mukt strot Ke Darshan Ko badhava mil raha hai,hindi
0,hin_0582.wav,Rishi Nikah muniba Gati Dekhi,hindi
0,hin_0583.wav,Yahi par Unka Naam Azad prasiddh hua,hindi
0,hin_0584.wav,Barauni Ram gunasheela swabhav,hindi
0,hin_0585.wav,yah Lekh mukhta angreji Mein Hai Uska Sudhar karna hai,hindi
0,hin_0586.wav,tum log vahan jakar use prapt karo,hindi
0,hin_0587.wav,Manish Mein Hindi Wikipedia ka ek Prabandhak hun,hindi
0,hin_0588.wav,Sab Hai Mere muh ke andar,hindi
0,hin_0589.wav,ameriki football ke Saman ke liye khojen,hindi
0,hin_0590.wav,Van ka Arth hota hai jungle,hindi
0,hin_0591.wav,Chand ki sabse pahle Charcha rigved Mein Hui Hai,hindi
0,hin_0592.wav,Bulla Vachan Niti ATI Pavan,hindi
0,hin_0593.wav,Yahi Hai Radha Ka Krishna Prem,hindi
0,hin_0594.wav,Uske bad sampadan Swatantra lekhan aur anuvad Karya,hindi
0,hin_0595.wav,Sadak dwara Patna Gaya Delhi AVN Kolkata se Sidha Sampark,hindi
0,hin_0596.wav,Kanch ke yogya ho Ne kijiye,hindi
0,hin_0597.wav,angreji AVN Bangla bhasha mein Anek rachnaon ka anuvad,hindi
0,hin_0598.wav,iske liye unhone Apne Naam Tak badaliye,hindi
0,hin_0599.wav,Bharat mein sabse Jyada jansankhya wala Pradesh Uttar Pradesh hai,hindi
0,hin_0600.wav,Uttar Sikkim Bhartiya Rajya Sikkim ka ek Jila hai,hindi
0,hin_0601.wav,unhone ki samasyaon ki sthapna mein Apna Yog Diya,hindi
0,hin_0602.wav,yah Pahli film Thi jismein prasiddh parshv gayak Mohammed Rafi ko gane ka mauka Mila,hindi
0,hin_0603.wav,iski book aur rajbhasha German Bhasha hai,hindi
0,hin_0604.wav,Bharat hi Mohi kachhu Antar ka,hindi
0,hin_0605.wav,aur Desh Ki Aane wali pidhi ko Sandesh Dete Hain,hindi
0,hin_0606.wav,ise Jharkhand ka Pravesh Dwar ke naam se bhi Jana jata hai,hindi
0,hin_0607.wav,Dhaar Jila Bharat ke sanskritik Manchitra Mein prarambh Se Hi Raha Hai,hindi
0,hin_0608.wav,Uttar Pradesh Mein Paryatan ke liye khojen,hindi
0,hin_0609.wav,sacche Dharm ka gyan aadhyatmik Chetna dwara hi Milta Hai,hindi
0,hin_0610.wav,spasht per Bhartiya se na se sambandhit lekhan ki Suchi hai,hindi
0,hin_0611.wav,Allahabad Mein yah Parv Mang Mele ke naam se Jana jata hai,hindi
0,hin_0612.wav,Urja ka Paryavaran se Sidha sambandh Hai,hindi
0,hin_0613.wav,Dakshin Mein yah Arabi Samudra se jakar milti hai,hindi
0,hin_0614.wav,Hyderabad Bharat Mein sthit Ek Masjid Aur aitihasik imarat Hai,hindi
0,hin_0615.wav,log ke ichcha dambl kam ke Keval Na Re,hindi
0,hin_0616.wav,Hindi sahitya Inka Sahitya Jivan Ek patrakaar ke roop mein hua,hindi
0,hin_0617.wav,Satya Kahani Kabhi Na Re Shubham,hindi
0,hin_0618.wav,Mitra ho to pratishthit aur Shuddh Dekhe Ho,hindi
0,hin_0619.wav,namaskar mein Manish Vashist Hindi Wikipedia ka ek varsh se sadasya hun,hindi
0,hin_0620.wav,Wikipedia sadasya Atul ke Karya ke anusar,hindi
0,hin_0621.wav,UKG Swagat ke liye dhanyvad,hindi
0,hin_0622.wav,who is upnyas ke Pramukh kirdar Harry Potter ka Jaani Dushman hai,hindi
0,hin_0623.wav,Babu Ayodhya Prasad Khatri aur Khadi boli ka Aandolan,hindi
0,hin_0624.wav,Bandhu Bacchan Sunil Chhaila bivison,hindi
0,hin_0625.wav,Darshan ke anusar Param Brahma ka dusra Naam,hindi
0,hin_0626.wav,atah Unki Kavita Mein vibhinn alankaran ka prayog sarvatra Dikhai deta hai,hindi
0,hin_0627.wav,Kardam Rishi AVN Dev hoti ki tritiya Kanya thi,hindi
0,hin_0628.wav,isliye Mera vichar hai ki inhen abhi Yahan Rahane Diya Jaaye,hindi
0,hin_0629.wav,yah Lekh bahut Achcha hai,hindi
0,hin_0630.wav,shringaar Veer aur Shant Ras me Se Kisi ek hi pradhanta Honi chahie,hindi
0,hin_0631.wav,Daya kar ke Koi Aur Bhi Sthan Mujhe dijiye,hindi
0,hin_0632.wav,Yahi Vidhi Shakal Jeev Jagat roegi,hindi
0,hin_0633.wav,Uttar Pradesh ki nadiyon ke liye khojen,hindi
0,hin_0634.wav,Kavita ke Sanskar unhen apni Man Se Hi mile,hindi
0,hin_0635.wav,Uttar Pradesh ke mukhymantri ke liye khojen,hindi
0,hin_0636.wav,abhi main sanyukt Rashtra America ke Indiana Pradesh Mein Rah raha hun,hindi
0,hin_0637.wav,Subhadra Kumari Chauhan Bachpan Vivah Mila Tej se Tej,hindi
0,hin_0638.wav,Aisa videshi Aakraman se Samrajya ke Patan ko rokane ke liye avashyak tha,hindi
0,hin_0639.wav,is Din Chhattisgarh ki sthapna hui thi,hindi
0,hin_0640.wav,vah Dharm aur Vigyan Mein Koi Bhed Nahin mante the,hindi
0,hin_0641.wav,main Kuchh hissa alag prastut per bhi Rakha Hai,hindi
0,hin_0642.wav,tab Prasad Sab Sansar Gaya,hindi
0,hin_0643.wav,meghalay Bharat ke Uttar purv Mein Ek Rajya hai,hindi
0,hin_0644.wav,Anek Pustak on ka aapane anuvad Kiya Hai,hindi
0,hin_0645.wav,Samajik samasya Pradhan bhartendu Ji ne apne Kavya Mein Anek Samajik samasyaon ka chitran Kiya,hindi
0,hin_0646.wav,film Puraskar ke liye khojen,hindi
0,hin_0647.wav,Jo Samajh Mein Nahin Aaye vah vidwan se Jana,hindi
0,hin_0648.wav,Main To Tum aap Wadi,hindi
0,hin_0649.wav,Majnu kinha pants ramagya,hindi
0,hin_0650.wav,yah geet prasarit hone ke bad Lucknow mein bahut lokpriya hua,hindi
0,hin_0651.wav,Yahan mukhyata Raksha Mantralaya Videsh Mantralaya AVN Pradhanmantri ka Karyalay sthit hai,hindi
0,hin_0652.wav,sanyukt Parivar Ki Tarah Ka Ho,hindi
0,hin_0653.wav,Yogesh ji aapka bhi dhanyvad,hindi
0,hin_0654.wav,block per vyaktigat vichar hote hain unhen Sidhe Wikipedia per Shamil kar lena galat hoga,hindi
0,hin_0655.wav,cal Mal Dham ka mrut Ravan,hindi
0,hin_0656.wav,abhineta Amitabh Bacchan ki Pahli film,hindi
0,hin_0657.wav,Dinkar Din karne wala arthat Surya,hindi
0,hin_0658.wav,Ram Naam Ankit ATI Sundar,hindi
0,hin_0659.wav,Atri hinduon ke Ek Mahan Rishi hai,hindi
0,hin_0660.wav,Samay ke sath hi nahin usse Aage chala jaaye,hindi
0,hin_0661.wav,sanyukt rajshahi ka ek prant hai,hindi
0,hin_0662.wav,aap hi Dekhe Sundar Akshar mein kya likha hai,hindi
0,hin_0663.wav,Suno mrudul good ruchir 12 Rachna,hindi
0,hin_0664.wav,Unki dharna thi ki pratyek Bhartiya ko Sanskrit tatha angreji donon ka gyan Hona chahie,hindi
0,hin_0665.wav,Bhartiya Antriksh Anusandhan Sangathan Namak Ek Rishta Pahle Se Hi Hai,hindi
0,hin_0666.wav,isko Wikipedia ke star Tak laane ke liye aapke Sahyog Ki avashyakta Hai,hindi
0,hin_0667.wav,main cricket khel ko Kafi Pasand karta hun,hindi
0,hin_0668.wav,Prem Magan Sab Sansar Gaya,hindi
0,hin_0669.wav,Mathura Ek aitihasik AVN Dharmik Paryatan Sthal ke roop mein prasidh hai,hindi
0,hin_0670.wav,meghalay Ke Shahar ke liye khojen,hindi
0,hin_0671.wav,Bharat mein iska Itihaas Kareeb 200 varsh Purana Hai,hindi
0,hin_0672.wav,Bhartiya Prashasnik Seva Akhil Bhartiya Seva Mein Se Ek Hai,hindi
0,hin_0673.wav,Uske Sasan Kaal Mein Kahin Dharmik tatha Sainik vidroh Ho hue,hindi
0,hin_0674.wav,Tibet Mein sthit Ek jhil hai,hindi
0,hin_0675.wav,aur Jankari ke liye is panne ka angreji avtaran Dekhen,hindi
0,hin_0676.wav,Aap Ke Lakhon ke Vishay acche Lage,hindi
0,hin_0677.wav,Jaise AJ Bell Jata Hai RD,hindi
0,hin_0678.wav,vistrit ka Arth Hai Khela hua,hindi
0,hin_0679.wav,Ajay hun jasoor Sapne hun ka o,hindi
0,hin_0680.wav,Shama mulaitha Sanskrit Shabd hai,hindi
0,hin_0681.wav,Shayad samajh a gaya ho,hindi
0,hin_0682.wav,European Sangh ka naya Sansad,hindi
0,hin_0683.wav,Vishay manorath Punjab Punjaban,hindi
0,hin_0684.wav,Harry Potter Aur Uske Dost Yahi padhte Hain,hindi
0,hin_0685.wav,Bharat ka Sanskrit Sahitya rigved se Aarambh Hota Hai,hindi
0,hin_0686.wav,sarvnam Shabd ka Arth Hai Sab Ka Naam,hindi
0,hin_0687.wav,Prayag Vishwavidyalaya Prayag Mein Vishwavidyalay,hindi
0,hin_0688.wav,Wikipedia sadasya Purnima Verman or UK aur Wikipedia ke anaum sadasya ke Karya ke anusar,hindi
0,hin_0689.wav,Samay ka Arth hota hai kal,hindi
0,hin_0690.wav,Ram Katha Girija Mein Bani,hindi
0,hin_0691.wav,summary Ram Ke gun banana,hindi
0,hin_0692.wav,Uttar Tripura Bhartiya Rajya Tripura ka ek Jila hai,hindi
0,hin_0693.wav,Jyada P Nath Bahu avgun more,hindi
0,hin_0694.wav,Jab Mahadevi Allahabad Mein padhne Lagi to Shri Verma Unse milane vahan bhi Aate the,hindi
0,hin_0695.wav,Mukhtar Chitra se sambandhit Lekh ka tathya sabse upar Hona chahie,hindi
0,hin_0696.wav,is jhil Ke Tat per Kai math bhi hai,hindi
0,hin_0697.wav,bhogolik Drishti se Bharat ko Char bhagon mein vibhajit kiya Ja sakta hai,hindi
0,hin_0698.wav,Prabandhak ke roop Mein Hindi Wikipedia ke liye aapka kam mahatvpurn Rahe,hindi
0,hin_0699.wav,kya hua Prasad sansaya Sahab Gaye,hindi
0,hin_0700.wav,Gandhi aur Gandhi bhi aise hi naam hai,hindi
0,hin_0701.wav,Manav Vigyan ke liye khojen,hindi
0,hin_0702.wav,inmein se pratyek Adhikari ke adhin Rajya Sarkar ki upyog Shakha ke Adhikari Hote Hain,hindi
0,hin_0703.wav,bhugol Mein nadiyon ke upjau maidan ko bhi use Nadi ki Ghati Kahate Hain,hindi
0,hin_0704.wav,film nirdeshak ke liye khojen,hindi
0,hin_0705.wav,Ki Nahin Priti kachu bichana Rakha,hindi
0,hin_0706.wav,pratyek Din Ka Ek Naam hota hai Jaise Somwar mangalwar ityadi,hindi
0,hin_0707.wav,Ram Roop Bansal swabhav,hindi
0,hin_0708.wav,Unka Ranchi mein Ilaaj hua,hindi
0,hin_0709.wav,mapan mulya tahat tulna karne ki ek prakriya hai,hindi
0,hin_0710.wav,Jo Shayad aapane dekha Na Ho,hindi
0,hin_0711.wav,apni Vidya ka antim Charan Tej Har Leta Hun,hindi
0,hin_0712.wav,Chhoti Pani Suchi ke liye dhanyvad,hindi
0,hin_0713.wav,Baithe Guru Munni Arun Vijay Sajjan,hindi
0,hin_0714.wav,Voldemort or Harry Ek dusre ki Jaani Dushman hai,hindi
0,hin_0715.wav,Inko divyarishi Mana jata hai,hindi
0,hin_0716.wav,sarvshreshth ka Arth Hota Hai sarvottam,hindi
0,hin_0717.wav,Suman ka Arth hota hai ful,hindi
0,hin_0718.wav,Anek mahatvpurn Sansthan ki sadasya,hindi
0,hin_0719.wav,Sone Ka Haar Tu Sone ki koshish kar,hindi
0,hin_0720.wav,Je Na Mitra Dukh hohi dukhari,hindi
0,hin_0721.wav,Lakshman ki patni ka naam hai,hindi
0,hin_0722.wav,Chhattisgarh tatha udisa Aanchal Ki Sabse Badi Nadi hai,hindi
0,hin_0723.wav,Uttar Pradesh ki Rajniti ke liye khojen,hindi
0,hin_0724.wav,Inka adhiktar lekhan aitihasik ghatnaon per aadharit tha,hindi
0,hin_0725.wav,Hindustan Mein Urdu devnagri main bhi likhi jaati hai,hindi
0,hin_0726.wav,Ek Bar Bhardwaj muni Yagya kar rahe the,hindi
0,hin_0727.wav,Subhadra Kumari Chauhan ki katha Drishti,hindi
0,hin_0728.wav,namaskar Mein Wikipedia Par Ek Prabandhak hun,hindi
0,hin_0729.wav,Sahi shirshak kya aur donon lekhan Ko Mila Dena chahie,hindi
0,hin_0730.wav,is Dal ka Yuva Sangathan Bhartiya yuva congress hai,hindi
0,hin_0731.wav,physics ki Samrat Sanskriti Swadeshi Bhartiya Chini aur European Parampara ka mishran hai,hindi
0,hin_0732.wav,Hindu vichardhara ke anusar yah jhil sarvpratham Bhagwan Brahma ke man mein utpann hua tha,hindi
0,hin_0733.wav,Jiska link bhi Upar Diya Hai,hindi
0,hin_0734.wav,Jaise Main To Hua Aadhi,hindi
0,hin_0735.wav,unke is upnyas per Ek Doordarshan dharavahik ka Nirman Hi Hua,hindi
0,hin_0736.wav,Nizamuddin Nizamuddin ka Hasina Khao,hindi
0,hin_0737.wav,bulata hai ya Sanskrit Shabd hai,hindi
0,hin_0738.wav,main Bhul hi gaya tha is Baat Ko,hindi
0,hin_0739.wav,Wikipedia ko aapane jo yogdan Diya uske liye dhanyvad,hindi
0,hin_0740.wav,Gyan Daya Dam Tirth bhajan,hindi
0,hin_0741.wav,ya Lake Harry Potter upnyas kam ke bare mein hai,hindi
0,hin_0742.wav,iss ka ullekh rigved mein bhi Milta Hai,hindi
0,hin_0743.wav,strot ka Arth hota hai Mul,hindi
0,hin_0744.wav,pratyay Lagane Se Banta Hai priyatam Jiska Arth hota hai Sabse Adhik Priya,hindi
0,hin_0745.wav,use Samay unke pass koi Mitra nahin tha,hindi
0,hin_0746.wav,Dekhe Gruh mantralay Bharat Sarkar,hindi
0,hin_0747.wav,Sanat Ram ATI Komal Bani,hindi
0,hin_0748.wav,yah Siddhant is Prakar hai,hindi
0,hin_0749.wav,use Wikipedia per aap ka yogdan bhi bahut Achcha hai,hindi
0,hin_0750.wav,Krishna ke Holi khelne ka tha,hindi
0,hin_0751.wav,Harry Potter Patra ke liye Harry Potter Patra Dekhen,hindi
0,hin_0752.wav,aitihasik granth Hindi sahitya ka Itihaas Unka anutha etihasik Granth hai,hindi
0,hin_0753.wav,film sangeetkar ke liye khojen,hindi
0,hin_0754.wav,per yah sab aapke vyaktigat Gyan ke liye Yahan likh rahi hun,hindi
0,hin_0755.wav,school ki padhaai samapt karne ke bad bhi England Gaye,hindi
0,hin_0756.wav,Urdu bhasha ke liye khojen,hindi
0,hin_0757.wav,pani ke upar bhi rangoli,hindi
0,hin_0758.wav,bol chal ki bhasha mein Urdu Bangla angreji tatha Tamil Pramukh hai,hindi
0,hin_0759.wav,main UN Sabke Sath Tumhare Samne shighra hi upsthit hota hun,hindi
0,hin_0760.wav,Itihaas Karen ke anusar ishapur Chauthi Shatabdi Mein Bharat mein Brahman ankon ka prachalan tha,hindi
0,hin_0761.wav,vidwan samajhte Hain Ki yah log Mahabharat ke Parshad Bharat se vahan Pravasi bane,hindi
0,hin_0762.wav,aur ek se Adhik se ne bhi Di Ja sakti hain,hindi
0,hin_0763.wav,Asha hai aap Swasth Hua prasann Honge,hindi
0,hin_0764.wav,Bal ka Arth hota hai Shakti,hindi
0,hin_0765.wav,Magar vah bhi nahin hua,hindi
0,hin_0766.wav,Maiya bolata Hai Sanskrit Shabd hai,hindi
0,hin_0767.wav,parantu yah Lamba Karya hai jo ki Shayad avashyak AVN Sahi Bhi Na Ho,hindi
0,hin_0768.wav,Suno khagesh Teri avsar Brahma Shiv Muni brind,hindi
0,hin_0769.wav,Ramu Karm sat Koti Subha gathan,hindi
0,hin_0770.wav,Aisa Kahin Sachiv bechan Rahi Gaya,hindi
0,hin_0771.wav,rigved Mein Devi Saraswati Nadi ki devi thi,hindi
0,hin_0772.wav,Sangam Shabd Jiska Arth Hai Milan Nigam,hindi
0,hin_0773.wav,Dar Ka Arth hota hai bhai,hindi
0,hin_0774.wav,Sab bidhi Guru Prasanna ji Jaani,hindi
0,hin_0775.wav,Ek Bar fir se aabhar,hindi
0,hin_0776.wav,isliye ko Mita De aur mukhya Lekh Bihar ke sath Mila Diya Jaaye,hindi
0,hin_0777.wav,pahle yah Dhaar Nagari ke naam se Jana jata tha,hindi
0,hin_0778.wav,inke shasan ke dauran Chin ki Sanskriti aur Vigyan Apne Charam per pahunch gaya,hindi
0,hin_0779.wav,isliye kuch Chhota aur samajhne mein Aasan ho aisa rakhen,hindi
0,hin_0780.wav,France ki Mahila tennis khiladi ke liye khojen,hindi
0,hin_0781.wav,unhen Nepal ka upnyas Samrat Ka upadhi Diya Hua Hai,hindi
0,hin_0782.wav,Sach Bhi Hai Main Kahin pashuon Ki Seva karte hue unko Dekha Hai,hindi
0,hin_0783.wav,Madhu bulata Hai Sanskrit Shabd hai,hindi
0,hin_0784.wav,Kahate Ram gunasheela swabhav,hindi
0,hin_0785.wav,yah Hindi sahitya ka shreshth Yog hai,hindi
0,hin_0786.wav,Mahanadi ki Ghati ki apni vishisht sabhyata hai,hindi
0,hin_0787.wav,the Jaane kitne log e Se padhte Hain,hindi
0,hin_0788.wav,Inka vichar tha ki Brahmand Ek avastha mein hai,hindi
0,hin_0789.wav,Hindi Gujarati Marathi Bangla Italy,hindi
0,hin_0790.wav,is Prakar Sikkim Mein rajtantra ka Aarambh hua,hindi
0,hin_0791.wav,Chahe Koi Bhi Bhasha Ho,hindi
0,hin_0792.wav,Tirth Amit Koti summer Pavan,hindi
0,hin_0793.wav,Pune Sada Bole munfarid,hindi
0,hin_0794.wav,Harry Potter Kahani ka mukhya Patra hai,hindi
0,hin_0795.wav,unhen Rishi per bahut Krodh Aaya,hindi
0,hin_0796.wav,purana Mein Raksha Bandhan Ka mahatva,hindi
0,hin_0797.wav,abhi main Shant hi hun,hindi
0,hin_0798.wav,are han maine Dhyan diya hai aapke Karya per,hindi
0,hin_0799.wav,Swagat ke liye dhanyvad Mitul,hindi
0,hin_0800.wav,Mahabharat mein Raja dhritrashtra ki patni,hindi
0,hin_0801.wav,tab Shikari tatha Mrig Parivar Moksh ko prapt hue,hindi
0,hin_0802.wav,yah likh abhi anuvad ke adhin hai,hindi
0,hin_0803.wav,Dharmik Sthal ke liye khojen,hindi
0,hin_0804.wav,main abhi Logon Ko use Wikipedia per aakarshit karne ka Prayas kar raha hun,hindi
0,hin_0805.wav,message Ek tippani Hamen Pathak Se Jyada lekhakon ke bare mein sochana chahie,hindi
0,hin_0806.wav,isase yah per Chhota ho jaega aur dekhne Padhne Mein Suvidha Hogi,hindi
0,hin_0807.wav,maharishi Mahesh Yogi nivedan mein hit Gyan par Anek pustakon ki Rachna ki,hindi
0,hin_0808.wav,film Aandolan ke liye khojen,hindi
0,hin_0809.wav,Jerry Aaj Aise khinche,hindi
0,hin_0810.wav,Anek kahaniyon ki Gujarati Marathi Tamil angreji Aadi bhasha mein anuvad,hindi
0,hin_0811.wav,Jon Keval p2a sutata,hindi
0,hin_0812.wav,Dhan Sanskrit Mul ka Shabd hai,hindi
0,hin_0813.wav,Mahanadi ki Ghati ki apni vishisht sabhyata hai jo Itihaas mein darj hai,hindi
0,hin_0814.wav,yah Prasang Ja Nahin ko ko,hindi
0,hin_0815.wav,Jharkhand ke vartman mukhymantri hain,hindi
0,hin_0816.wav,Pan ka prayog Hindu Sanskar Se Juda Hai Jaise naamkarann yagyopavit Aadi,hindi
0,hin_0817.wav,saubhagya se Hamara Janm Bharat Bhumi mein hua,hindi
0,hin_0818.wav,mrutyu bolata Hai Sanskrit ka Shabd hai,hindi
0,hin_0819.wav,Mujhe isliye ki avashyakta hai rangon ki Suchi Lekh ko Banane Hetu,hindi
0,hin_0820.wav,yadi yah Puri Tarah Se Prakriti ke bich Ho,hindi
0,hin_0821.wav,movie ka Huma tutat Dukh Karan,hindi
0,hin_0822.wav,Ron or Harry Kafi acche Dost Hain,hindi
0,hin_0823.wav,Pyara Sa bandhan raksha bandhan,hindi
0,hin_0824.wav,Kardam Rishi AVN Dev hoti ki Dhaiya Kanya thi,hindi
0,hin_0825.wav,Yahan film Nirman se sambandhit vishayon ki Suchi hai,hindi
0,hin_0826.wav,Wikipedia sadasya computer aur Ashish Bhatnagar ke Karya ke anusar,hindi
0,hin_0827.wav,prashansa Aur sujhav Ke Liye dhanyvad mitron,hindi
0,hin_0828.wav,Parsi Dharm Iran ka bahut purana Dharm hai,hindi
0,hin_0829.wav,Maine is Vakya ko Hata Diya,hindi
0,hin_0830.wav,Delhi ki Gaddi unhone prapt Kar Li aur kramasha unke Rajya ka vistar padhne Laga,hindi
0,hin_0831.wav,Mere bare mein janne ke liye Yahan click Karen,hindi
0,hin_0832.wav,aap apna yah Achcha Karya Jari rakhen,hindi
0,hin_0833.wav,Dhaar Bhartiya Rajya Madhya Pradesh ka ek Jila hai,hindi
0,hin_0834.wav,unhone pida ki mahatta hi ghoshit Nahin Ki uska sukhd Paksh Bhi spasht Kiya Hai,hindi
0,hin_0835.wav,Srishti Ka Kaun Hai karta,hindi
0,hin_0836.wav,is group mein yah devtaon ke liye Nahin prayukt Hota,hindi
0,hin_0837.wav,main abhi Tajmahal Lekh per kahan rahata hun,hindi
0,hin_0838.wav,film Nirmata ke liye khojen,hindi
0,hin_0839.wav,samast Hindi sahitya ki shreshth Kavi aur Uttam rachnaen is Yug Mein prapt hoti hai,hindi
0,hin_0840.wav,yah Ek manovaigyanik chalchitra hai,hindi
0,hin_0841.wav,Harga Aise Zarina kijiye,hindi
0,hin_0842.wav,Ram Suna Do karnon ka,hindi
0,hin_0843.wav,yah Karya mujhe bhi to karna Hi Tha,hindi
0,hin_0844.wav,is avsar per Rajya ke Sadharan Nagrik Badshah per Rang dalne Ke Adhikari Hote the,hindi
0,hin_0845.wav,Dharm Granth Kisi bhi Dharm ka mukhya Sahitya Hota Hai,hindi
0,hin_0846.wav,Anek log yah Kahate Hain Ki,hindi
0,hin_0847.wav,Inka Janm Kolkata mein hua,hindi
0,hin_0848.wav,Main Aisa Kuchh Kahe hi Nahin Sakta Jo Bhartiya sanvidhan ki Drishti se galat ho,hindi
0,hin_0849.wav,boli Bachan vigat subduction,hindi
0,hin_0850.wav,Magar Harry Voldemort ki pakad se is bar bhi Bhag nikalta hai,hindi
0,hin_0851.wav,Smaran ka Arth hota hai yaar,hindi
0,hin_0852.wav,Hindi filmon mein Raksha Bandhan,hindi
0,hin_0853.wav,rigved Ko Duniya Ki Sabhi Itihas ka Hindu European Bhasha Parivar ki sabse Pahli Rachna mante Hain,hindi
0,hin_0854.wav,Rajiv Dhyan dilane ke liye aabhar,hindi
0,hin_0855.wav,Bharat Mein Rangoli ka itna mahatva Kyon Hai,hindi
0,hin_0856.wav,Mere layak Koi Seva ho to avashya Sampark Karen,hindi
0,hin_0857.wav,Tilak ke Prayas se pahle Ganesh puja Parivar tak hi simit,hindi
0,hin_0858.wav,Ham sabhi ko Milkar ismein yogdan Dena chahie,hindi
0,hin_0859.wav,hindu dharm vedon per aadharit hai,hindi
0,hin_0860.wav,Kavita ka jungle shabdon ka Aakash Unka prasiddh Hindi kavita sangrah hai,hindi
0,hin_0861.wav,Gaya Sadak rail aur Vayu Marg Bara fat se acchi Tarah Juda hai,hindi
0,hin_0862.wav,yah V Aakar ki Ghati Ka hi vishisht roop hai,hindi
0,hin_0863.wav,UN Sabhi Raj kanyaon Ne Shri Krishna ko pati Roop Mein Sweekar Kiya,hindi
0,hin_0864.wav,padhne Ki Lagan Shuklaji Mein Bachpan Se Hi thi,hindi
0,hin_0865.wav,Chahe Koi Mujhe Junglee ka hai,hindi
0,hin_0866.wav,deshon ke aatankwad ke liye khojen,hindi
0,hin_0867.wav,Bharat ke vistar ke sath hi Iske Mausam Mein Bhi bahut din Aata Hai,hindi
0,hin_0868.wav,main Bharat mein rahata hun,hindi
0,hin_0869.wav,Bharat Vishva Mein sabse Adhik filmen banata hai,hindi
0,hin_0870.wav,manovaigyanik yuddh ke liye khojen,hindi
0,hin_0871.wav,Tari Deva hai aise kaise,hindi
0,hin_0872.wav,Kaha jata hai ki unhone Kabhi Jivan Mein Jhoot Ka Sahara Nahin liya,hindi
0,hin_0873.wav,Kahe To Bharat unseal Subah hun,hindi
0,hin_0874.wav,Jaise Swatantrata Diwas Shahid Diwas ityadi,hindi
0,hin_0875.wav,patrakarita Mein Unka Pravesh Delhi press samuh ki Patrika Sarita Seva,hindi
0,hin_0876.wav,atah Anubhuti ki Apeksha darshnik Chintan aur vivran Ki adhikta Hai,hindi
0,hin_0877.wav,show ka Karan Keval Mohi Hai is Mukut Tyag do,hindi
0,hin_0878.wav,Sanu Shakha Summit Magan man,hindi
0,hin_0879.wav,who is ke Pramukh kirdar Harry Potter ki Khaas Dost Hai,hindi
0,hin_0880.wav,Mere Vatan Pista per aapke Sundar shabdon ke liye dhanyvad,hindi
0,hin_0881.wav,Holi ke roop Anek bhag 2,hindi
0,hin_0882.wav,vah Rishi Kapoor ki patni hai,hindi
0,hin_0883.wav,Pushp ka Arth hota hai ful,hindi
0,hin_0884.wav,aapka swagat Hai Sabhi sadasyon aur Prabandhak ko Matra ka namaskar,hindi
0,hin_0885.wav,donon vibhajan ke bad Bharat mein gaye the Jahan Rajya Nirmata Ban Gaye,hindi
0,hin_0886.wav,Hindi ki prasidh kavitri aur sahityakar Mahadevi Verma ka Janm Yahi hua tha,hindi
0,hin_0887.wav,Samanya Roop se Shuklaji ki Shaili atyant broad aur Malik hai,hindi
0,hin_0888.wav,Sare Europe Mein ise Pyar aur Uchch Sahitya ki Bhasha Mana jata hai,hindi
0,hin_0889.wav,pic Aati Hai Mujhe Dukh ke donon hi rupaya hai,hindi
0,hin_0890.wav,yah Ved Puran Itihas Ki Katha se sambandhit hai,hindi
0,hin_0891.wav,khagol Vigyan ke liye khojen,hindi
0,hin_0892.wav,France ke Pradhanmantri ke liye khojen,hindi
0,hin_0893.wav,Paheli se han aahe,hindi
0,hin_0894.wav,Tulsidas Hindi sahitya ke shreshth kavi Mane Jaate Hain,hindi
0,hin_0895.wav,rigved ki Rachna ISI Samay Hui,hindi
0,hin_0896.wav,Nigam Mein Seva prapt karne se pahle Ek Ghoshna Patra Dena Hota Hai,hindi
0,hin_0897.wav,Maiya Mohe Soch Sab Gaye,hindi
0,hin_0898.wav,din hi Ashish saasu mrudul Bani,hindi
0,hin_0899.wav,ine vishayon per Hindi Wikipedia Mein Lekh likhane ki koshish karunga,hindi
0,hin_0900.wav,aap ka Sandesh par kar Achcha Laga,hindi
0,hin_0901.wav,yah Australia ka sarvottam nyayalaya hai,hindi
0,hin_0902.wav,is Parvat per Ek Sundar Mandir banaa Hua Hai,hindi
0,hin_0903.wav,is Sandesh ka kya Arth Hai Meri samasya Bahar Ek Shama chahta hun,hindi
0,hin_0904.wav,atah Tum unke Vishay Mein Chinta karna taiyar do,hindi
0,hin_0905.wav,Swatantrata senani Vakil AVN Sanskrit bhasha ke vidwan,hindi
0,hin_0906.wav,football AVN cricket Yahan ki sabse lokpriya Khel hai,hindi
0,hin_0907.wav,Behtar Soch AVN Jivan Mein Behtar Karya ke liye dhanyvad,hindi
0,hin_0908.wav,Bharat ko Mili Pahli Mahila Rashtrapati,hindi
0,hin_0909.wav,Samriddhi ka Pratik Hai rangoli,hindi
0,hin_0910.wav,Jagat ka Arth hota hai Sansar,hindi
0,hin_0911.wav,Satya ko Janna chahie per usko Kahana kabhi-kabhi chahie,hindi
0,hin_0912.wav,Uma Ram Sam hit Jag Mahi,hindi
0,hin_0913.wav,Lakshmi Dhan ki devi hai,hindi
0,hin_0914.wav,ho sake to usmein bhi Shreni ka prayog Karen,hindi
0,hin_0915.wav,unhone Marathi aur angreji Mein aupcharik Shiksha ki degree prapt ki thi,hindi
0,hin_0916.wav,aap se Chhota nivedan tha,hindi
0,hin_0917.wav,Jaise Pichhle mahine ki Sabhi ghatnaon ke bare mein Jaane mein,hindi
0,hin_0918.wav,Chhattisgarh Mein is Nagar ki Kashi ke Saman Manyata hai,hindi
0,hin_0919.wav,francisi Rashtrapati Chunav ke liye khojen,hindi
0,hin_0920.wav,ki apni Maulik Rachna Se Hindi sahitya samriddh Hua Hai,hindi
0,hin_0921.wav,Param main use Hata deta hun,hindi
0,hin_0922.wav,Izzat Mein yah bahut mahatva ka yogdan hoga,hindi
0,hin_0923.wav,Vicky Gyan ka Kitna Sundar strot hai,hindi
0,hin_0924.wav,Pari Hai Ashok Kaise,hindi
0,hin_0925.wav,Mujhe ummid Hai Ki Kabhi Hindi wali Wikipedia Badi Ho Jayegi,hindi
0,hin_0926.wav,Bharat ka hi Vichar inikao,hindi
0,hin_0927.wav,Sarkari Sanrakshan Mein radio ka Kafi Prasar Hua Hai,hindi
0,hin_0928.wav,Mahadevi Ne is Dukh Ko Nahin apnaya Hai,hindi
0,hin_0929.wav,Vishwamitra Ne Kaha tum meri Sharan Mein Aaye Ho,hindi
0,hin_0930.wav,Sanoj Ram Samaj 152,hindi
0,hin_0931.wav,Dadhi ke acchi tippani likhane ke liye dhanyvad,hindi
0,hin_0932.wav,Jhansi Shahar Ek Pramukh rail AVN Sadak ke naam hai,hindi
0,hin_0933.wav,ismein do Bhag Hai purana Niyam aur naya Niyam,hindi
0,hin_0934.wav,Hindi ke pahle pragatishil lekhak the Premchand,hindi
0,hin_0935.wav,Jag ka Arth hota hai Sansar,hindi
0,hin_0936.wav,jaldi se jaldi kuch kijiye,hindi
0,hin_0937.wav,vah Sanjay Khan ke bhai Hain,hindi
0,hin_0938.wav,yah is prant ki rajdhani bhi hai,hindi
0,hin_0939.wav,Lekh Mein paryapt sandrbh avashya den,hindi
0,hin_0940.wav,film yah film daddy Kaisi Ne Mujhse yah Sawal Kiya Hai,hindi
0,hin_0941.wav,unhone Bharat Ki pauranik Katha aur Darshan Ko Aadhar Banakar rachnaen ki,hindi
0,hin_0942.wav,Indonesia ka sabse bada Vishwavidyalay hai,hindi
0,hin_0943.wav,yah Prit Bhopal Lekh ke Sudhar per Charcha karne ke liye Varta Panna hai,hindi
0,hin_0944.wav,ismein Rahu aur Ketu varnit Nahin Hai,hindi
0,hin_0945.wav,aapke dwara banae Gaye sacche acche Hain,hindi
0,hin_0946.wav,aapane ekadam Sahi kaha hai main yah Swayam bhi manta hun,hindi
0,hin_0947.wav,yah gram 3 aur se nadiyon se ghira hua hai,hindi
0,hin_0948.wav,Gyan abhiyantriki Ke Do Pradhan Prakar hai,hindi
0,hin_0949.wav,Teri Me Aisa Hi Mar Jaaye,hindi
0,hin_0950.wav,Baba ke naam hai Kai Samman,hindi
0,hin_0951.wav,main Janu nij Nath Subha hun,hindi
0,hin_0952.wav,aap khud Hata le,hindi
0,hin_0953.wav,Apne vyaktigat vicharon Ko nikal De,hindi
0,hin_0954.wav,jaise ki ek Kshetra Karya Hai Veeral Abadi ke Hote Hain,hindi
0,hin_0955.wav,Chahe vah Kahin Ka Sangeet Ho Kisi Ka Bhi Sangeet Ho,hindi
0,hin_0956.wav,namaste Dadhi ke Si Chaupal per aapke vistrit Sandesh ke liye dhanyvad,hindi
0,hin_0957.wav,who is ke Pramukh Kedar Harry Potter ka Khas Dost Hai,hindi
0,hin_0958.wav,Purnima Burman ko varsh ka Hindi Gaurav Samman,hindi
0,hin_0959.wav,Pune Shambhu samjhi Pan open,hindi
0,hin_0960.wav,sampurn Karya Vishesh Roop se Sharir ki Raksha karna chahie,hindi
0,hin_0961.wav,Wikipedia sadasya Kishor aur Aravindan ke Karya ke anusar,hindi
0,hin_0962.wav,Suni mrudul Bacchan Manohar Piya Ke,hindi
0,hin_0963.wav,Anthapuram Mahabharat Nahin Hota tha,hindi
0,hin_0964.wav,Rakhi Na Sake Na Kahin sach javu,hindi
0,hin_0965.wav,per main isliye ka sandrbh Dekhte Hue ise Badal Diya Hai,hindi
0,hin_0966.wav,Mera yogdan kuchh khas AVN iski gunvatta aapke Samne hai,hindi
0,hin_0967.wav,Agar yah Sach ho to Kripa Karke dusra shishak Hata De,hindi
0,hin_0968.wav,ismein Hindu baudh Jain tatha Sikh Dharm Ka Naam Liya jata hai,hindi
0,hin_0969.wav,Unki Shakti aur Gati Aditya thi,hindi
0,hin_0970.wav,francisi Dal Ke Neta ke liye khojen,hindi
0,hin_0971.wav,Yahi Vidhi Ram Sab Hi Samjhawan,hindi
0,hin_0972.wav,Ram Shapath main Kina Gaon,hindi
0,hin_0973.wav,yah Gorakhpur Janpad tatha Gorakhpur Mandal Ka Mukhyalay hai,hindi
0,hin_0974.wav,Shayad dusre Nahin Logon Ke Bhi kam Aaye,hindi
0,hin_0975.wav,Wikipedia sadasya Purnima Verman aur Aravindan aur Wikipedia ke anaum sadasya ke Karya ke anusar,hindi
0,hin_0976.wav,na Pasand Aaye To aap unhen Wapas purane Roop mein le sakte hain,hindi
0,hin_0977.wav,Har Le ko kam se kam Ek Shreni mein rakhen,hindi
0,hin_0978.wav,Aap ki Pasand ke Vishay ko jaankar prasannta Hui,hindi
0,hin_0979.wav,Ham Aapke Sundar Bhavishya ki Kamna Karte Hain,hindi
0,hin_0980.wav,Anya wenjun Jab Shabd ke ant Mein Aate Hain To jyadatar Unka ucharan Hota Hai,hindi
0,hin_0981.wav,aap ki Suvidha ke liye ek Suchi mein bhi de raha hun,hindi
0,hin_0982.wav,main Paryatan bhugol Mein Kuchh badlav Kiye Hain,hindi
0,hin_0983.wav,Bharat Vachan Suni Dekhi Subhav,hindi
0,hin_0984.wav,vah Shahi Parivar ke sadasyon mein se tha,hindi
0,hin_0985.wav,yah Jila abhi bhi Vayu Marg se nahin Juda hai,hindi
0,hin_0986.wav,Africa ke Kuchh deshon Mein 16 March ko Surya ka janmdin Manaya jata hai,hindi
0,hin_0987.wav,Asad Jija Ne Suna Ho Sikh bhai,hindi
0,hin_0988.wav,Villu Apne Mool Niwas Sthan ki Hindi Ki Boli bolate the,hindi
0,hin_0989.wav,inke bare mein vahan Jankari bhi hai,hindi
0,hin_0990.wav,aap ka yogdan Vastav mein bahut prasann Saini hai,hindi
0,hin_0991.wav,Dhyan dilane ke liye Shukriya main sudhar kar diya hai,hindi
0,hin_0992.wav,Bharat varsh ke Uttari rajya Uttar Pradesh ka ek Nagar hai,hindi
0,hin_0993.wav,Aaj Maine Holi ko nirvachit Lekh banaya hai,hindi
0,hin_0994.wav,lagta hai ki Asal Mein donon Bhag ek hi Achcha hai,hindi
0,hin_0995.wav,ya Hara hai isliye nimn Shreni ka hai,hindi
0,hin_0996.wav,vahan shirshak Shabd Hi Raha,hindi
0,hin_0997.wav,Brahma Vishnu Rudra Surjeet,hindi
0,hin_0998.wav,Lake Din per main kam karunga,hindi
0,hin_0999.wav,Bharat Desh ke Uttar Pradesh Rajya ke Agra Jile ka ek Shahar hai,hindi
0,hin_1000.wav,ydp vahan se unhone BA pass kar liya,hindi
