,Filename,text,language
0,mar_0001.wav,Karan applicad padhna hi,marathi
0,mar_0002.wav,Prachin Bhartiya arthvyavastha ATI Sundar hoti,marathi
0,mar_0003.wav,Akash repeat Lele 100 Nahin Hindi Marathi uchar Bridge start,marathi
0,mar_0004.wav,Kaki visheshta Haryani prerit aajkal Bharat camilo ka Shapath,marathi
0,mar_0005.wav,Ashok ka Lekh as take a soon over Chandrayaan 2,marathi
0,mar_0006.wav,swatacha sadasya panavar Arshi Sahi karne Chi Garaj nahi,marathi
0,mar_0007.wav,England Ja guitar Vijay Murugun dusra prerit Pravesh kela,marathi
0,mar_0008.wav,hi Dhyan Aaj gehun Tula Je yogya vatel tekar,marathi
0,mar_0009.wav,Karnataka cable Kannad adhikrut aahe,marathi
0,mar_0010.wav,Manjeet Bhartiya Bhasha Marathi wikipedia dusra kramank Karva aahe,marathi
0,mar_0011.wav,Brahmani sarvoch golandaj Jiwaji sarvottam golden darzee pahije,marathi
0,mar_0012.wav,Pune ke mahatva audyogik Kendra aahe,marathi
0,mar_0013.wav,Pune Shahar Hai Maharashtra rajyachi sanskrutik Rajdhani Mein Uda Ke Le Jaate,marathi
0,mar_0014.wav,Chhatrapati Shivaji Maharaj yancha Patni,marathi
0,mar_0015.wav,Wikipedia Ek gyankosh aahe,marathi
0,mar_0016.wav,pop claimant parts were still pop Hota,marathi
0,mar_0017.wav,Jaan andar Deni Bhat sheti Kala kaushallya villain,marathi
0,mar_0018.wav,paudhe Uchch Shiksha Aarti Germany La Galiyan,marathi
0,mar_0019.wav,hi kagadpatra aahe Saccha Desh Mahiti Australia Vishay,marathi
0,mar_0020.wav,Karan Tu Majhi Aai,marathi
0,mar_0021.wav,angreji Bhasha aahe Roman Lipi aahe,marathi
0,mar_0022.wav,Ghar deta na sarvpratham Marathi mansala pradhanyam,marathi
0,mar_0023.wav,Hanumangarh Shahar Achcha Mahiti Sathi per Hanumangarh,marathi
0,mar_0024.wav,mukhya manager kya panavar aapli Sahi Karun ne pe Charcha pahne hue,marathi
0,mar_0025.wav,chumbakiya Kshetra Nirman karnai Kundli vastu athva padarth,marathi
0,mar_0026.wav,maja Charcha wala hichki Mali star,marathi
0,mar_0027.wav,yah the Dhana Dhan Ajay Shuddh Lakshmi,marathi
0,mar_0028.wav,Aapan Satya uplabdh Aahat ka me Sarkari sava river,marathi
0,mar_0029.wav,Tu Bhi Kahi margdarshan Karun Shakal ka dhanyvad,marathi
0,mar_0030.wav,sandarbh Matra Germany yatil,marathi
0,mar_0031.wav,ya shabdacha ETA upyog answer Thi per Kannad,marathi
0,mar_0032.wav,6 varsh shirshak shakat Rasave ka hai,marathi
0,mar_0033.wav,tyanche Abhinetri chitrpat,marathi
0,mar_0034.wav,yah Adya Nath mukhya 3 Rutu pavsala Hawada,marathi
0,mar_0035.wav,Bharat Aaja Jammu and Kashmir Ja Rajya Ka Pramukh Bhag,marathi
0,mar_0036.wav,Purvi home gallery Priya vyakt karnyasathi Wapas Zara ka,marathi
0,mar_0037.wav,Kahi Pramukh Vidyapeeth Pune pramane Pune Vidyapeeth,marathi
0,mar_0038.wav,ya Samanya Bharat Ke Karan Aadhar Mahan Fernandez,marathi
0,mar_0039.wav,shevatchi Hai Akshar Matra Kayam,marathi
0,mar_0040.wav,Jameen ke yache spashtikaran Aadhi jhale aahe,marathi
0,mar_0041.wav,Girdhar ki Shikar Karte Nahi,marathi
0,mar_0042.wav,New Zealand rashtra astitvavad,marathi
0,mar_0043.wav,Marathi sahityik Tani chitrpat digdarshak,marathi
0,mar_0044.wav,sandarbh Marathi bhasha ka Itihaas na Joglekar,marathi
0,mar_0045.wav,ya shabdacha ETA upyog answer Thi Bahar Urdu,marathi
0,mar_0046.wav,Congress paksha Chi Mahiti Ani Adhyaksh,marathi
0,mar_0047.wav,Koni yah babat Mahiti Dev Shakil chi,marathi
0,mar_0048.wav,mahit nahi kadachit Aag Bhukamp,marathi
0,mar_0049.wav,ya shabdacha ETA upyog answer Thi Bahar purv,marathi
0,mar_0050.wav,Pune Sherawat darvarshi Shahdara Kela janara Ek Utsav,marathi
0,mar_0051.wav,Alexander the great Philip dusra yachi Hatya karnara Tarun,marathi
0,mar_0052.wav,Aise ke alava panavar khalilpura mein Suchna disu Lagal,marathi
0,mar_0053.wav,Bharat Sarkar dwara Dila janara Ek Nagari Samman,marathi
0,mar_0054.wav,ya shabdacha ETA upyog answer Thi per English,marathi
0,mar_0055.wav,yah Pi ki Kahi Goa Rahane Sathi yogya aahe,marathi
0,mar_0056.wav,Uttar Pradesh Rajya till Etawah Jilha Vishesh Lekh,marathi
0,mar_0057.wav,hi kagadpatra aahe sancha Desh Mahiti Canada Vishay,marathi
0,mar_0058.wav,Abhay Tum Hi Mata Te Khare aahe,marathi
0,mar_0059.wav,hay Vakya Aise lihile the Harkat Nasha we say what they,marathi
0,mar_0060.wav,humour tumchi swatachi Dhura party Hua Peru Sakta,marathi
0,mar_0061.wav,hey kagadpatra aahe Saja De Mahiti Indonesia vishai,marathi
0,mar_0062.wav,Waqt Charcha Karta na 4 bathroom Sahi kara Ja,marathi
0,mar_0063.wav,October 23 June madhe kuthe Hawa man stay,marathi
0,mar_0064.wav,Yamaha Pune bhartache Detroit Ho lagale aahe,marathi
0,mar_0065.wav,Dang Jilla sanskritik VIT Hardik Parichay Ramayan ka satavan,marathi
0,mar_0066.wav,Michigan rajyatil sarvat mote audyogik Shahar aahe,marathi
0,mar_0067.wav,Kya patavar asnarya Pyaar Pratham Shri aahet,marathi
0,mar_0068.wav,Gujarat Rajya team Saurashtra bhagatil Ek Shahar Bandar aahe,marathi
0,mar_0069.wav,Maharshi Jani Ke Lele yogdan Bahar,marathi
0,mar_0070.wav,Pope John sahaba Katil Pope Hota,marathi
0,mar_0071.wav,Philip dusra aani Alexander the Great yanchyatil Ek Pramukh aani vishvasu Senapati,marathi
0,mar_0072.wav,D utaar barabar sale,marathi
0,mar_0073.wav,hay Ek Prachin shahar,marathi
0,mar_0074.wav,Aata hi Shahar Pune Ya adhikrut Navani ko rakh le Jaate,marathi
0,mar_0075.wav,Pune Anek Mahiti tantradnyan company ahet,marathi
0,mar_0076.wav,Satya Chacha Puri Bhasha Din ank Indrajeet bhashantar coronavirus Samarth aahe,marathi
0,mar_0077.wav,Sarkar Ne Dhyan Antar Rajya Rashtrapati Lagu Lagu na kareja Nirnay ghetla,marathi
0,mar_0078.wav,Maratha Samrajya Chhatrapati Shivaji Raje Bhosle Pu La Deshpande,marathi
0,mar_0079.wav,Shravan Ani bhadrapad yah Mahina Sharad Ritu Store,marathi
0,mar_0080.wav,United Kingdom some Raja 1 Bhag,marathi
0,mar_0081.wav,karun dirgh,marathi
0,mar_0082.wav,Sanskrit Vishay Pratham Warga Pratham apli padvi Shivaji Vidyapeeth,marathi
0,mar_0083.wav,Sukh nidarshana Anand Dila Badal dhanyvad,marathi
0,mar_0084.wav,Mataji kamit Kami aani Just Eat just bhav,marathi
0,mar_0085.wav,Marathi shuddha lekhan niyamavali lekhika Snehal,marathi
0,mar_0086.wav,Chacha Bakra Sathi Mahiti pocket Olympic,marathi
0,mar_0087.wav,Ek rangache Chhote ped,marathi
0,mar_0088.wav,mukhya Lekha Che Naav Washington DC,marathi
0,mar_0089.wav,bhartatil sarvat Pahile rashtriy Udyan sarvat pahila vyaghra prakalp,marathi
0,mar_0090.wav,hey pagal Patra Chacha Desh Mahiti New Zealand Vishay,marathi
0,mar_0091.wav,gayak Madan Sahi chitrpat,marathi
0,mar_0092.wav,Australia dishantar kar diya Aadhi hai,marathi
0,mar_0093.wav,shuddha lekhan Manje Kai lekhan vyakaran Shuddh samajh Le Raat Nahin Te lekhan ashuddh lekhan,marathi
0,mar_0094.wav,spardha Chennai Chandigarh BHK,marathi
0,mar_0095.wav,Wikipedia sadasya harkamaya Maharashtra Express ne,marathi
0,mar_0096.wav,ya shabdacha upyog Paithan Ne Sandhi Karan,marathi
0,mar_0097.wav,ya shabdacha Kidhar upyog Peru De,marathi
0,mar_0098.wav,Rajasthan Rajya Khel Pali Jila Vishay per Lekh,marathi
0,mar_0099.wav,Chacha De Mahiti Canada aahe hai,marathi
0,mar_0100.wav,Indonesia ka chahe,marathi
0,mar_0101.wav,Egypt Halat apurna aahe purn Karana Aapan had her lao Sakta,marathi
0,mar_0102.wav,Ja Ne Ja pahunchi Arthik Udyog iq-city wicket Zali,marathi
0,mar_0103.wav,Aapan Charcha Karta Hai kripya 4 bathroom Sahi karavi,marathi
0,mar_0104.wav,bharatacha purv kinaryavar Ek Raja aahe,marathi
0,mar_0105.wav,Orissa Raja theme Puri Jilha Vishesh Lekh,marathi
0,mar_0106.wav,Aditya Uttar bhumadhya Samudra Uttar purv Lal Samudra,marathi
0,mar_0107.wav,Babasaheb Ambedkar Marathwada Vidyapeeth Sanket Matra piyala apvad aahe,marathi
0,mar_0108.wav,Bajirao dusra Ladai Teesri achi naahi,marathi
0,mar_0109.wav,Lagna zalyavar Pratham Mahila,marathi
0,mar_0110.wav,charata sarvat mahatva ka Vibhag aahe,marathi
0,mar_0111.wav,Sangameshwar hay Ratnagiri jilhyatil aitihasik Gaon Taluka aahe,marathi
0,mar_0112.wav,hey Shahar dosa Jilha Che prashaskiya Kendra aahe,marathi
0,mar_0113.wav,Kan shabdacha idhar upyog Sathi Khan Ne Sandhi Karan,marathi
0,mar_0114.wav,Bhutan bharatacha Uttar Ek Chhota Desh aahe,marathi
0,mar_0115.wav,Wikipedia Ek Mukt gyankosh aahe,marathi
0,mar_0116.wav,hispaniola Beta 6 purv bhagatil De,marathi
0,mar_0117.wav,Prabandhak Wikipedia ke sampadak Aslam Navin sadasya na madad kar Nache Karm Yog padhte,marathi
0,mar_0118.wav,Pardes sarve purn sadasya Patra Desh bhag 8 8,marathi
0,mar_0119.wav,yah Bhagat Park coming Lok retard,marathi
0,mar_0120.wav,Chacha De Mahiti Australia antarik Chacha aahe wap Roop mein,marathi
0,mar_0121.wav,Mala Kathu song,marathi
0,mar_0122.wav,Sunita Deshpande ya Ek Marathi lekhika Samajik karykarta Hote Hain,marathi
0,mar_0123.wav,ya shabdacha hitar upyog answer Thi Bahar Shani Dev,marathi
0,mar_0124.wav,haan Munda Khare civista Bihar Lagal,marathi
0,mar_0125.wav,ya shabdacha upyog and 30,marathi
0,mar_0126.wav,Prachin bharataatil ke Pramukh Shahar Vidyapeeth,marathi
0,mar_0127.wav,looked Aapan yatil sadivar Sangeet Le ki ki,marathi
0,mar_0128.wav,kripya gusse Badal Karta ya ka dhanyvad,marathi
0,mar_0129.wav,rashtriy Prema Bina check Praja Satta,marathi
0,mar_0130.wav,maharashtratil Pramukh abhayaranya vyaghra prakalp,marathi
0,mar_0131.wav,Deshpande yani Bhumika kelela pahila Chitrapat,marathi
0,mar_0132.wav,Chacha Desh Mahiti New Zealand antarik Chacha aahe Jatt wap Roop mein,marathi
0,mar_0133.wav,Bhasha Manje vichar vyakt karne ke sadhan,marathi
0,mar_0134.wav,Guru Datta Datta tumor now Guru,marathi
0,mar_0135.wav,yah khedyatil atyant lokpriya spardha football Vishwa Cup,marathi
0,mar_0136.wav,hey Dube sampadan hey likha Kali Praman Vishal,marathi
0,mar_0137.wav,Pune Vibhag Sanjay Paschim Maharashtra,marathi
0,mar_0138.wav,Jay the Swatantra Sainik Aana Pani achi Shiksha BD Jatt,marathi
0,mar_0139.wav,Kahin sandrbh mein,marathi
0,mar_0140.wav,hay kagaj Patra aahe Chacha De Mahiti Switzerland Vishay,marathi
0,mar_0141.wav,Lake apurna aahe Purna Karana Aapan Haider Love Karta,marathi
0,mar_0142.wav,angreji sarve 8 June Vidyapeeth se varnan ke liye,marathi
0,mar_0143.wav,opia Prachin Itihas aslela Madhya Africa Din Desh aahe,marathi
0,mar_0144.wav,blue lena lena ki ek lokpriya Singhana padhne wali aahe ji Mukta software aahe,marathi
0,mar_0145.wav,Iran madhil Ek Pramukh aitihasik shahar,marathi
0,mar_0146.wav,Dar man yah kya ravivari Saini pruthvicha atyant NR aahe,marathi
0,mar_0147.wav,Urja ki sadaiv,marathi
0,mar_0148.wav,Rajasthan Rajgarh Tahsil dosa Jila Vishva ke Lekh,marathi
0,mar_0149.wav,Yad Mala dharmatil satven ka aahe Te Yahi aahe,marathi
0,mar_0150.wav,Angkor Wat ka uchcharan,marathi
0,mar_0151.wav,Aurangabad Ratnagiri Kolhapur Solapur ja rahe rashtriy vimantal ahet,marathi
0,mar_0152.wav,beta per Ek Chhota Rajwada aahe,marathi
0,mar_0153.wav,movie Har Ek Marathi lekhan Prakar aahe,marathi
0,mar_0154.wav,Chengiz Khan ka Teesra Mein Laga Raja ka uttaradhikari,marathi
0,mar_0155.wav,Saat sang sang Bhagi thoda aahet,marathi
0,mar_0156.wav,anyatha the pan cartoon takave,marathi
0,mar_0157.wav,hay kagaj Patra aahe Chacha De Mahiti Swatantra Olympic spardha Vishay,marathi
0,mar_0158.wav,Chacha Desh Mahiti Switzerland antarik Chacha aahe Sharad,marathi
0,mar_0159.wav,Jayant Vishnu narlikar check Shastra doctor ne Mana Puraskar Pradhan,marathi
0,mar_0160.wav,hirvya rangachi cake God for,marathi
0,mar_0161.wav,America ji sanyukt Sanstha ne ek Desh,marathi
0,mar_0162.wav,thoda Divas me to Madan Karen,marathi
0,mar_0163.wav,Thane Shahar Achcha likha tha Vikas Kala Badal dhanyvad,marathi
0,mar_0164.wav,kshetrafal Australia Bharat Teesra kramank aache Raja,marathi
0,mar_0165.wav,Dakshin Bharat 8 in 1 Dainik,marathi
0,mar_0166.wav,Chacha badhiya Sathi Mahiti chocolate,marathi
0,mar_0167.wav,Ahmednagar Jilha yachin Ek Taluka Che chicken,marathi
0,mar_0168.wav,hey kagadpatra aahe Chacha De Mahiti Netherlands Vishay,marathi
0,mar_0169.wav,hey Dube sampadan ke likha nishane,marathi
0,mar_0170.wav,Parbhani Jilha Maharashtra rajya Chin Marathwada Vibhag Ja Tu,marathi
0,mar_0171.wav,hi kagaj Patra aahe Kacha Desh Mahiti California,marathi
0,mar_0172.wav,Samanya Samanya Shabd se sarvasadharan Jata,marathi
0,mar_0173.wav,Maharashtra Anek Marathi zoo Lok aahet,marathi
0,mar_0174.wav,hi kagadpatra aahe Chacha Desh Mahiti Vijayam Vishay,marathi
0,mar_0175.wav,Kiran Lekh apoorn aahe purn karne Aapan had her love tractor,marathi
0,mar_0176.wav,hi Ekadashi Moti Ekadashi Khil Jaate,marathi
0,mar_0177.wav,irawati Karve yanchi Mahavidyalay in Shikshan Pune ja gale,marathi
0,mar_0178.wav,Nanda Nani Kannad Hindi chitrpat darshan ke liye,marathi
0,mar_0179.wav,han Lekh Rajasthan madhil dosa Jilha Vishesh aahe,marathi
0,mar_0180.wav,Chini Loka na Australia Khand Hota,marathi
0,mar_0181.wav,Prithvi per Pani Vipul Praman,marathi
0,mar_0182.wav,Karachi Hawa Marne Odisha ushna aahe tapman kaksha jast aahe,marathi
0,mar_0183.wav,Sahitya ha dancer Pran Hota,marathi
0,mar_0184.wav,rangalal to Asha ji hai,marathi
0,mar_0185.wav,Marathwada Vibhag acchi Mukhyalay Aurangabad the aahe,marathi
0,mar_0186.wav,udaharan Aadha kal Chhatrapati Shivaji Raje Bhosle han Lekh Kaha,marathi
0,mar_0187.wav,Gandhi Kavitha per Ne Sandhi Karan,marathi
0,mar_0188.wav,Urja ka Nirman Hua nashta Karta ya nahin,marathi
0,mar_0189.wav,hi kagaj Patra aahe Chacha Desh Mahiti European Sangh Vishay,marathi
0,mar_0190.wav,han Lekh maharashtratil Paryatan Shahar yah Badal aahe,marathi
0,mar_0191.wav,vahatuk vyavastha Swasth aahe,marathi
0,mar_0192.wav,Chacha Dev Mahiti Belgium antarik Saja aahe Jaat,marathi
0,mar_0193.wav,Rajya Apna Din Karnatak Andhra Pradesh,marathi
0,mar_0194.wav,ya shabdacha upyog and Sathi shatak cricket,marathi
0,mar_0195.wav,Shuru Shahar Achcha Mahiti Sathi Baja shuru,marathi
0,mar_0196.wav,Kudi theek karo Shakal ke dhanyvad,marathi
0,mar_0197.wav,meet the mail the same bhashantar Karen,marathi
0,mar_0198.wav,Ek khagoliya ekak Manje Surya Prithvi yancha madhil sarasari Antar Koi,marathi
0,mar_0199.wav,Pustak Magni lekin karne avashyak,marathi
0,mar_0200.wav,Karan Marathi ya navache Akshar lekhan root aahe,marathi
0,mar_0201.wav,Khwaja ji Priti Ne prakashit keleli idhar ka hi pustake asali Shakal,marathi
0,mar_0202.wav,Chacha De Mahiti Netherlands antarik Chacha aahe just vapru,marathi
0,mar_0203.wav,Indonesia Ek Dharmik shahar,marathi
0,mar_0204.wav,July mahine saglyat jast Paus,marathi
0,mar_0205.wav,Haryana Rajya till Panipat Jilha Vishesh Lekh,marathi
0,mar_0206.wav,Chacha Mahiti California antarik Chacha aahe just vapru,marathi
0,mar_0207.wav,hey kadapatra aahe Chacha De Mahiti New York Vishay,marathi
0,mar_0208.wav,Sanskrit Shabd kaun sa lele lele aahe,marathi
0,mar_0209.wav,ke kagaj Patra aahe Chacha De Mahiti check prajasattak Vishay,marathi
0,mar_0210.wav,Italian Bhasha ki ek Pramukh Bhasha aahe,marathi
0,mar_0211.wav,Z 1000 Le Khabar Ek Vakya tar Jali wale kripya kya likha ji Chhoti avriti yah the liha,marathi
0,mar_0212.wav,Pataudi Bhartiya Purush cricket sanghita Maji kandhar,marathi
0,mar_0213.wav,Godavari courier teen Lok Marathi aunty Telugu Nashik aahet,marathi
0,mar_0214.wav,Wikipedia font Motor water to,marathi
0,mar_0215.wav,maharashtratil gyankosh Marathi Til pahila gyanakosh aahe,marathi
0,mar_0216.wav,Nashik se Uttar maharashtratil audyogik Shahar aahe,marathi
0,mar_0217.wav,dosa Shahar Achcha Mahiti Sathi Kaha dosa,marathi
0,mar_0218.wav,Orissa Raja Ji Cuttack Jilha Vishesh Lekh,marathi
0,mar_0219.wav,Wikipedia sadasya Subhash Raut Maharashtra Express aani Kolhapure Ne ke anusar,marathi
0,mar_0220.wav,ya shabdacha idhar upyog and Sathi Ne Sandhi Karan,marathi
0,mar_0221.wav,hey what's up Karana shlok Udal Praman aahe,marathi
0,mar_0222.wav,Shivaji Maharaj jijabai ya Vastavaiya Hote,marathi
0,mar_0223.wav,Chacha De Mahiti Swatantra Olympic vardhak antarik Chacha aahe vaprun hai,marathi
0,mar_0224.wav,British Dutch,marathi
0,mar_0225.wav,Arunachal Pradesh Rajya Chi Rajdhani aahe,marathi
0,mar_0226.wav,Chacha Desh Mahiti check Praja 70 antarik Chacha aahe just wap,marathi
0,mar_0227.wav,Sagar chitrapat Sagar navacha Hindi Chitrapat,marathi
0,mar_0228.wav,Marathi Shabd uplabdh gana parakiya shabd,marathi
0,mar_0229.wav,ya shabdacha idhar upyog Telugu,marathi
0,mar_0230.wav,Hindi word Marathi wikipedia per,marathi
0,mar_0231.wav,tumhala Ti Banane me madad karo chicane,marathi
0,mar_0232.wav,gest Marathi abhinetri digdarshak lekhak,marathi
0,mar_0233.wav,Keval Prabandhak Ki Pani badlu sakta ke,marathi
0,mar_0234.wav,Mala vatate Marg chalu Shakal,marathi
0,mar_0235.wav,California America Ek Paschim Rajya aahe,marathi
0,mar_0236.wav,Pune Vadgaon yah the Deccan ke Dainik prakashit Hote,marathi
0,mar_0237.wav,Chacha Desh Mahiti New York antarik Chacha aahe Jaat mein,marathi
0,mar_0238.wav,ke kagaj Patra aahe Chacha Desh Mahiti purv Germany Vishay,marathi
0,mar_0239.wav,Italy Dakshin Euro Patil Ek Desh aahe,marathi
0,mar_0240.wav,India Asia answer Sangam auto Indonesia,marathi
0,mar_0241.wav,Thane Mumbai Cha Uttrakhand was Lele aahe,marathi
0,mar_0242.wav,virodh maja Mein Varsha ke,marathi
0,mar_0243.wav,asali Lekh a purn aahe purn karne Hath Bhar lao Sakta,marathi
0,mar_0244.wav,Mala he Marathi wikipedia 6 panel font motor,marathi
0,mar_0245.wav,han Lekh Malvani navane orakali Zardari boli Bhasha Yavatmal aahe,marathi
0,mar_0246.wav,Petal leni wakaranai Chhoti aahe Matra aakarshak aahet,marathi
0,mar_0247.wav,Mera Bhar Cha upyog answer Thi per Mere Nishan degree Karan,marathi
0,mar_0248.wav,bhumadhya Samudra Ka Kinara vahin Desh aahe,marathi
0,mar_0249.wav,Bhartiya Vigyan Sansthan Parisar sthapna,marathi
0,mar_0250.wav,Aurangabad Shahar ke Bihar Vibhag train Mukhyalay aahe,marathi
0,mar_0251.wav,prashaskiya Kendra dosa ya the aahe,marathi
0,mar_0252.wav,yah Che mukhya Karan Vohra spouse,marathi
0,mar_0253.wav,hi Kadar Patra aahe Chacha Desh Mahiti Austria Vishay,marathi
0,mar_0254.wav,Chacha Desh Mahiti European Sangh antarik Chacha aahe just Sharad vapru ne,marathi
0,mar_0255.wav,hay first karnare dont Lok Praman aahet,marathi
0,mar_0256.wav,kharach Tula trust Hotel Nako Sangu,marathi
0,mar_0257.wav,Bob lakshat Anand Dila Badal dhanyvad,marathi
0,mar_0258.wav,Vijay Tendulkar gest Marathi Sahitya,marathi
0,mar_0259.wav,aap Laila 1 se Karta Ja,marathi
0,mar_0260.wav,theek aahe MI sampadit Karen,marathi
0,mar_0261.wav,hay paritoshik Bada Je Nobel paritoshik Koi,marathi
0,mar_0262.wav,is there any nahi Upendra Feri antim pairi,marathi
0,mar_0263.wav,Canada Uttar America till Mota Desh aahe,marathi
0,mar_0264.wav,Kahi Vishva koshiya Madhapur apekshit,marathi
0,mar_0265.wav,sarvottam gayak Purush Kishore Kumar,marathi
0,mar_0266.wav,Tripura rajyatil Paschim Tripura Jilha Vishesh Lekh,marathi
0,mar_0267.wav,hey kagadpatra aahe Chacha Desh Mahiti Colorado Vishay,marathi
0,mar_0268.wav,Indian Express a bharataatil Sheraton prasiddh Ek lokapriya angreji vruttapatra aahe,marathi
0,mar_0269.wav,Chacha Desh Mahiti purv Germany antarik Chacha aahe Jaat,marathi
0,mar_0270.wav,Mahiti takat Geeta kar ya Chacha vah per chitrpat Srishti till geetkar yanchi Mahiti Mahiti takat swarupat Sathi kela jato,marathi
0,mar_0271.wav,yah the Vanaspati aami Bangali Wagh Aadhar card,marathi
0,mar_0272.wav,Indore Hai bharatacha Madhya Pradesh Rajya Ji ek mahatva Shahar aahe,marathi
0,mar_0273.wav,Wikipedia Ek Mukt gyankosh prakalp aahe,marathi
0,mar_0274.wav,maharashtratil Chhatrapati Shivaji antrashtriy vimantal bhartatil sarvat Mota antarrashtriya vimantal Mumbai aahe,marathi
0,mar_0275.wav,Maharashtra rajyachi sanskrutik Rajdhani ok Le Jaate,marathi
0,mar_0276.wav,Abhinandan Subhash Rawat Aata ya the Prabandhak aahe,marathi
0,mar_0277.wav,Godavari Ganga yah donon Hari navacha Laga Hota,marathi
0,mar_0278.wav,Detroit lake a purn aahe aani purn karne Aapan Hath Bharat love Sakta,marathi
0,mar_0279.wav,maharashtratil Aurangabad vibhagatil Marathwada Jilha aahe,marathi
0,mar_0280.wav,Gandhi Kavitha per Gandhi Nishan degree Karan,marathi
0,mar_0281.wav,yah Sathi Dua upyogi per Dale,marathi
0,mar_0282.wav,Desh Mahiti Austria antarik Chacha aahe jassar vapru,marathi
0,mar_0283.wav,Yajaman De Aslam Chin spardha Sathi Patra Jala aahe,marathi
0,mar_0284.wav,Rajat Rashtrapati rajwat Lagu Karachi shifaras Rashtrapati K R Narayanan,marathi
0,mar_0285.wav,code gane padh aami Lagna Kaila,marathi
0,mar_0286.wav,Pakistan 4 ware Netherlands Germany Vijay Singha Kerala,marathi
0,mar_0287.wav,Indira Gandhi Mukta Vidyapeeth Yashwantrao Chavan Maharashtra Mukta Vidyapeeth Nashik,marathi
0,mar_0288.wav,thoda Kahin kam Mein Karana aahe Pyar Ke hi Karen,marathi
0,mar_0289.wav,jagtik loksankhya Manjesh Ek Manvi Lok sankhya Koi,marathi
0,mar_0290.wav,Canada Lake apurna aahe aani purn Karana Aapan had her lao Sa Qatar,marathi
0,mar_0291.wav,Jalandhar Sheraton cricket se Maidan aahe,marathi
0,mar_0292.wav,Udaipur Shahar Achcha Medicity Baja Udaipur,marathi
0,mar_0293.wav,Arunachal Pradesh rajyatil Paschim siang Jilha Vishesh Lekh,marathi
0,mar_0294.wav,hay kagaj Patra aahe Chacha Desh Mahiti Greece Vishay,marathi
0,mar_0295.wav,Chacha De Mahiti Greece antarik sanrachna aahe Ja sar,marathi
0,mar_0296.wav,Kolhapur Pune cartoon aple Shikshan purn Kele,marathi
0,mar_0297.wav,Matra rajyatil Vega Vega bhashe madhe aahe,marathi
0,mar_0298.wav,Wikipedia Ek Mukt gyankosh chhanv vatatay,marathi
0,mar_0299.wav,Aata dost rashtriy France urandur today nishchit Jale,marathi
0,mar_0300.wav,Loksatta Mumbai Pune Aurangabad Nagpur prakashit Hote,marathi
0,mar_0301.wav,hay kagaj Patra Pan Chacha Mahiti takat near Kali ya Panna Varun aahe,marathi
0,mar_0302.wav,delete Ashwin bhartatil Pramukh vimantal aahe,marathi
0,mar_0303.wav,Zarine Khan Kami vaparle Tari Ani,marathi
0,mar_0304.wav,Etawah Jila 6 Mahiti Sathi yah the teacher ki Hatya,marathi
0,mar_0305.wav,Thodi Mahiti Devi ya panavar sakhol vivaran Deve,marathi
0,mar_0306.wav,Australia Lake apoorn aahe aani purn karne Aapan hard Bhar lao Sakta,marathi
0,mar_0307.wav,Mumbai Rubber in 1 other,marathi
0,mar_0308.wav,Prithvi Eka Varsha Surya Bhagwati Ek Feri purn karate,marathi
0,mar_0309.wav,kagadpatra aahe Taja Desh Mahiti Italy Vishay,marathi
0,mar_0310.wav,Arunachal Congress bharatatil rajkiy Paksh aahe,marathi
0,mar_0311.wav,check Rashtra Mein Holi ke din rashtriy avkash rahata hai,marathi
0,mar_0312.wav,Baki han Chacha Me Aaj ratri Chakan,marathi
0,mar_0313.wav,hay Ek karvana Drishya udaharan,marathi
0,mar_0314.wav,America 3 sanyukt Sansthan deshatil Ek Rajya,marathi
0,mar_0315.wav,virodh ki Vardha Mein Aakhir printer assalamu lekhak Karke Badal kar diya yah khel,marathi
0,mar_0316.wav,Canada team Ek mahatva Shahar aahe,marathi
0,mar_0317.wav,Yeh bhashechi Lipi hoti,marathi
0,mar_0318.wav,ke kagaj Patra ke taaja de Mahiti Kuwait,marathi
0,mar_0319.wav,Kudi Hun Ki Tune ki Thay Aale ki Ham Khaas Gonda,marathi
0,mar_0320.wav,thane ke Vikas Vidyalaya Sundar Shahar ka ullekh 2,marathi
0,mar_0321.wav,Deshpande yanchi Sahitya Warga Din Lekh,marathi
0,mar_0322.wav,Chacha Desh Mahiti Colorado antarik Chacha aahe Jaat vapru naye,marathi
0,mar_0323.wav,yachin Pramukh sahityik Granth Yad bhashan it aahet,marathi
0,mar_0324.wav,Chacha Desh Mahiti Italy antarik Chacha aahe,marathi
0,mar_0325.wav,Asha Prakar Dhun Deshraj ki Aadha aayojit ki Ne Jana acchi ki Pratham hoti,marathi
0,mar_0326.wav,jaati Aata nashta biscuit,marathi
0,mar_0327.wav,Marathi Nirman Karta na yogya Shabd ki ek Pramukh Prathmik Garaj aahe,marathi
0,mar_0328.wav,Mala vatal ki Chhaya Chitra Mein Ek Bhag Asava,marathi
0,mar_0329.wav,Microsoft Yeh Jagah prasidh the company Che Malak,marathi
0,mar_0330.wav,Shikshan purn ke alava,marathi
0,mar_0331.wav,han melba vimantal nawani hi wala kela jato,marathi
0,mar_0332.wav,Chauhan yani Aurangabad Ja the Aaj patrakaar Parishad ki Mahiti Nidhi,marathi
0,mar_0333.wav,Dyna course Shabd sukitha aahe,marathi
0,mar_0334.wav,America acchi Samyuktha Sansthan ya deshatil California Raja Ki Ek shahar,marathi
0,mar_0335.wav,Asha aahe Lava kares Badal oil,marathi
0,mar_0336.wav,English ke Vishesh na English Bhasha English Lok V Anya sandarbhat yogshakti,marathi
0,mar_0337.wav,Mahiti chaukat taiyar Arjun Anek sudharna karaycha aahet,marathi
0,mar_0338.wav,Adhik Mahiti Sathi Australia la dishantar ke bahar,marathi
0,mar_0339.wav,hi kadapatra aahe Chacha De Mahiti Yugoslavia Samajwadi Tangi prajasattak vishai,marathi
0,mar_0340.wav,yah Sathi Chala today Nobel paritoshik,marathi
0,mar_0341.wav,kripya ITR sadasya Ne vah per karu naye,marathi
0,mar_0342.wav,Aadesh Gyani Park Padal,marathi
0,mar_0343.wav,Congress paksha Che sadasya aahet,marathi
0,mar_0344.wav,rajkiy Samajik Vishay nibandh lekhan,marathi
0,mar_0345.wav,shuddha lekhan Mein vyakaran Achcha bhashecha Praman Niyam anusar keleli lekhan,marathi
0,mar_0346.wav,Soviet Russia Hato Lekh Koi,marathi
0,mar_0347.wav,sandarbh vah per Lekh sweater ki Hawa,marathi
0,mar_0348.wav,Paschim Bangal Raja jhil Purulia Zilla Vishva ke Lekh,marathi
0,mar_0349.wav,Gujarat Rajya teen puttar bhagatil Ek Shahar aahe,marathi
0,mar_0350.wav,han Lekh Etawah Jila Vishay aahe,marathi
0,mar_0351.wav,Yana jagatik karawar mangani aahe,marathi
0,mar_0352.wav,Prithvi Ka Rishta Bhag 1 Bhagat Aahe,marathi
0,mar_0353.wav,Marathi Panipat Cha Uttrakhand Hote hua answer Marg dakshini Karen Hota,marathi
0,mar_0354.wav,English football Singh aata Majhi Karan Dhar,marathi
0,mar_0355.wav,namaskar Aapan Marathi wikipedia avar yogdan Karat Aahat Swagat aahe,marathi
0,mar_0356.wav,club League madhe Teesra Sanawar Allah,marathi
0,mar_0357.wav,me Kahi Saja Jaivik vargikaran se virya aahet,marathi
0,mar_0358.wav,Nagaland aishanya bhartatil Ek Rajya aahe,marathi
0,mar_0359.wav,Kedar Mahiti takat Sangli Jhali aahe,marathi
0,mar_0360.wav,kripya gairsamaj karun,marathi
0,mar_0361.wav,han Divas Kamgar Din Madan Ji Rathore,marathi
0,mar_0362.wav,ya shabdacha upyog Ne Sandhi Karan,marathi
0,mar_0363.wav,hi Shahar Aurangabad Jilha aahe,marathi
0,mar_0364.wav,mukhprasth evergreen Mahiti ya photo ya likha tune,marathi
0,mar_0365.wav,Australia madhe deshantar karnyasathi do Prakar visa,marathi
0,mar_0366.wav,Bharat 8 Bhartiya upkhand Vipul Brahmana,marathi
0,mar_0367.wav,Kaise Tum Sar Agra Kayam me Badal Karim,marathi
0,mar_0368.wav,yah Babu Kahi upay Yojana,marathi
0,mar_0369.wav,hey sadasya Spanish bolu,marathi
0,mar_0370.wav,traffic Shah Suchi Krishi Patel,marathi
0,mar_0371.wav,Haryana Rajya Khel Punchkula Jilha Vishesh Lekh,marathi
0,mar_0372.wav,Pesh vamsha ya Kala punyachi Moti Dhani,marathi
0,mar_0373.wav,Etawah Chauraha Vishay per Lekh aahe,marathi
0,mar_0374.wav,English angreji Bhasha ki jagatil ek Pramukh Bhasha aahe,marathi
0,mar_0375.wav,Mala vatate ki Sabhi San Mool Shabd Islam,marathi
0,mar_0376.wav,Mumbai Maharashtra Chi Rajdhani bhartachi Arthik Rajdhani aur Agali Rahte,marathi
0,mar_0377.wav,Kaziranga navache ullekh Itihaas ad,marathi
0,mar_0378.wav,Sheikh log Marne Wale,marathi
0,mar_0379.wav,hay kagaj Patra Pan Chacha Mahiti socket Viman ya Panna Varun aahe,marathi
0,mar_0380.wav,dusri Goshta manager Mala kuthe hi Majhe Nav pradarshit karnyachi ichcha naahi,marathi
0,mar_0381.wav,Mukta Shikshan ki Aata zuni sankalpana Dhari aahe,marathi
0,mar_0382.wav,Wikipedia sadasya Subhash Raut Ani Pranam Kulkarni ke anusar,marathi
0,mar_0383.wav,yeah the motor Praman audyogik vasahat Nirman karne Ali aahe,marathi
0,mar_0384.wav,hispaniola Lake apurna aahe aani Aapan Haridwar Lagu Sakta,marathi
0,mar_0385.wav,Wikipedia Ek Mukt aahe,marathi
0,mar_0386.wav,Austria Madhya Europe madhil Ek Desh aahe,marathi
0,mar_0387.wav,yakrit Marathwada Krishi Vidyapeeth,marathi
0,mar_0388.wav,han Lekh Peru per ya Badal aahe,marathi
0,mar_0389.wav,Netherlands Paschim Europe madhil Desh aahe,marathi
0,mar_0390.wav,Pune shahratil Ek madhyavarti chicken,marathi
0,mar_0391.wav,Me yogya Tu Badal Karim,marathi
0,mar_0392.wav,Tohar Anya ka Hi pratishabd Hua pata,marathi
0,mar_0393.wav,Patra,marathi
0,mar_0394.wav,love karo Mahiti uplabdh ke liye,marathi
0,mar_0395.wav,Chacha De Mahiti Kuwait antarik Chacha aahe Sharad,marathi
0,mar_0396.wav,Bharat February mein payant,marathi
0,mar_0397.wav,Arunachal Pradesh Rajya Khel purv siang Jilha Vishesh Lekh,marathi
0,mar_0398.wav,Jaan dusra shatkatil pop Hota,marathi
0,mar_0399.wav,prashaskiya Kendra Etawah ya the aahe,marathi
0,mar_0400.wav,Wikipedia tha Mukt gyankosh jagatil sarvat bhashan madhe Leela Raat aahe,marathi
0,mar_0401.wav,kripya yogya navacha Chacha tune dusre chacha chachi Pune nirdeshan karave,marathi
0,mar_0402.wav,Kaziranga Udyan aath mukhya 4 Prakar se vanspati Vibhag added,marathi
0,mar_0403.wav,Shivaji Maharaj Ani shuruaati jakar Aa Jaye Kahi kile ghatle vyapari ki ek Kila Todna Koi,marathi
0,mar_0404.wav,Cha panavar sarve Madhupur sambandhit,marathi
0,mar_0405.wav,aapli ichcha aslyas ya vishayavar Aapan vistrit Charcha Karu shakto,marathi
0,mar_0406.wav,Austria Lake apurna aahe aani Poorna coronavirus Aapan hardware love Sakta,marathi
0,mar_0407.wav,han Lekh Aurangabad Shahar avishai aahe,marathi
0,mar_0408.wav,ya shabdacha ETA upyog and Sathi Jhelum me Sandhi Karan,marathi
0,mar_0409.wav,Marathi Marne se Chumma Marathi Hai Maharashtrian Manu Nahin Ho rakh le Jata,marathi
0,mar_0410.wav,parantu Maharashtra Vikas shakya Praman Ho Shukla naahi,marathi
0,mar_0411.wav,ke kagaj Patra Pan ji Chacha Mahiti takat Grah ya Panna Arun Ala aahe,marathi
0,mar_0412.wav,hey kagadpatra aahe Chacha Desh Mahiti Florida Vishay,marathi
0,mar_0413.wav,Newzealand pruthvicha Dakshin golardh Aadil Australia 6000 Desh aahe,marathi
0,mar_0414.wav,varishth Nagrik aadar Din Japan,marathi
0,mar_0415.wav,Hi Pranali Germany yatil Chap ya sansani vikasit kelie,marathi
0,mar_0416.wav,Asha aahe Pyasa Tum Hi upyog Karal,marathi
0,mar_0417.wav,Bharatpur Shahar Achcha Mahiti Sathi Bharatpur,marathi
0,mar_0418.wav,Mumbai Maharashtra 400070 niche V bharatacha Arthik Rajdhani Ke Shahar vasale aahe,marathi
0,mar_0419.wav,Rajasthan Rajya till Udaipur Jilla vishe Lekh,marathi
0,mar_0420.wav,hockey Bharat ka Rashtriya Khel aahe,marathi
0,mar_0421.wav,hey kagadpatra aahe sancha Desh Mahiti Wells Vishay,marathi
0,mar_0422.wav,han Lekh Etawah Chehra Vishay aahe,marathi
0,mar_0423.wav,Lake lete Aana angreji Shabd Aana per ya Marathi Shabd paribhashit Sandhya yah likha madhe uplabdh karane aalele aahe,marathi
0,mar_0424.wav,Ke Shahar Etawah Jilha Che prashaskiya Kendra aahe,marathi
0,mar_0425.wav,dusre mahayudh at Germany Chi Prachand Hani Jali,marathi
0,mar_0426.wav,Aurangabad Jilha Chi Mahiti Sathi ya the Pita ki Daya,marathi
0,mar_0427.wav,ya shabdacha upyog answer Thi Rajdhani Ne Sandhi Karan,marathi
0,mar_0428.wav,Mumbai bhartachi Arthik Rajdhani Manan Vohra Kali raten,marathi
0,mar_0429.wav,Wikipedia sadasya Subhash Rawat and Vijay Ani Wikipedia varil anami sadasya Ne ke liya kam anusar,marathi
0,mar_0430.wav,Chacha Pan Bagiya Sathi Hai Chacha Mahiti takat cricket Pattu Mahiti,marathi
0,mar_0431.wav,Chacha Desh Mahiti Wells antarik Chacha aahe Jas Sharad wap ru,marathi
0,mar_0432.wav,Sahib hi Papad tayar keleli Ek khoti hundi,marathi
0,mar_0433.wav,army ka hi sahakarya Karu,marathi
0,mar_0434.wav,antim Samna Australia Bharat ya Sangh answer Darmiyaan Jhala,marathi
0,mar_0435.wav,Yeh Chacha vah per pramane karava,marathi
0,mar_0436.wav,Chacha Desh Mahiti Florida antarik Chacha aahe Jas Saral vapru naye,marathi
0,mar_0437.wav,yah the Kavi navachi Ek Prachin Bhasha aahe,marathi
0,mar_0438.wav,Spanish guitar Spain madhe itarhi Anek Bhasha bola Jata,marathi
0,mar_0439.wav,Solang Shahar Rajya Mahiti Sathi Baja Solan,marathi
0,mar_0440.wav,Shivaji Maharaj Ani sthapan Kele Maratha Samrajya,marathi
0,mar_0441.wav,ya shabdacha Marathi uchar Kasa Hui,marathi
0,mar_0442.wav,Hyderabad shaharatil Ek prasiddh Kila,marathi
0,mar_0443.wav,Tripura rajyatil Uttar Tripura Jilha Vishesh Lekh,marathi
0,mar_0444.wav,Colorado rajyachi Rajdhani suhagrat mote Shahar aahe,marathi
0,mar_0445.wav,Pune Maharashtra Chi sanskrutik Rajdhani se sambodhit raten,marathi
0,mar_0446.wav,han Lekh Indore Jila vishari aahe,marathi
0,mar_0447.wav,hey kagadpatra aahe Desh Mahiti Pakistan Vishay,marathi
0,mar_0448.wav,Patan Jilla Uttar Gujarat madhil Ek Jila aahe,marathi
0,mar_0449.wav,Amravati Jilha maharashtratil Uttar Jila,marathi
0,mar_0450.wav,Microsoft Windows jagatil sarvat lokpriya operating system aahe,marathi
0,mar_0451.wav,Jaani Pahile dusre mahayudh art,marathi
0,mar_0452.wav,nantar European Lok America talent hu Laga Le,marathi
0,mar_0453.wav,hey kagadpatra Pan Jeta 6 Mahiti chocolate Desh yah Panna Varun Aalha aahe,marathi
0,mar_0454.wav,mukhya avastha Tahsil Anya surakshit Pani sampadit karne,marathi
0,mar_0455.wav,han Lekh English Bhasha ya Badal aahe,marathi
0,mar_0456.wav,Wikipedia han Ek gyankosh aahe,marathi
0,mar_0457.wav,Subhash Kahi Divas and Purvi Tumi Chavadi Bhar Ja,marathi
0,mar_0458.wav,hey Khare aahe hi log captain,marathi
0,mar_0459.wav,han Lekh maharashtratil Aurangabad Shahar yah Badal aahe,marathi
0,mar_0460.wav,Dakshin golardh till sarvat Chhota Divas,marathi
0,mar_0461.wav,Hey ek Prakar se Sarang hurried asun Keval Ye the address,marathi
0,mar_0462.wav,hi Karyalay Mumbai vi Navi Delhi ya VIII,marathi
0,mar_0463.wav,punyala madhyan Bhukamp jhale aahe,marathi
0,mar_0464.wav,Manjesh jhalar antim Satya Mahiti aahe to manage bramhan,marathi
0,mar_0465.wav,Kya che Karan spasht Kara,marathi
0,mar_0466.wav,vaise aap le Nav varsh Sadharan kahan 4 mahine Dur aahe Ani Hai Dhyan Che Nav varsh aahe,marathi
0,mar_0467.wav,Yamaha cezary display the se Chitra the sale,marathi
0,mar_0468.wav,Wikipedia sadasya Vijay Ani Subodh Damle Ne ke liye Karm anusar,marathi
0,mar_0469.wav,parantu naisargik ghatna Tower Alambagh naahi,marathi
0,mar_0470.wav,Bihar rajyatil Gaya Jila Vishesh Lekh,marathi
0,mar_0471.wav,han f***** Don mahine poper Dawar Hota,marathi
0,mar_0472.wav,Indore Shahar Vishesh Lekh ya the aahe,marathi
0,mar_0473.wav,Chacha Desh Mahiti Pakistan antarik Chacha aahe Das Sharad Bapu ne,marathi
0,mar_0474.wav,han Lekh waradi Namak Marathi Ji ek boli Bhasha yah Badal aahe,marathi
0,mar_0475.wav,England Cha football song Aaj Maji prashikshak,marathi
0,mar_0476.wav,Smriti Din United Kingdom Australia Canada,marathi
0,mar_0477.wav,Cha panavar Ban jao,marathi
0,mar_0478.wav,Aurangabad Vibhag Marathwada navane Sudha prasiddh aahe,marathi
0,mar_0479.wav,hi kagaj Patra Pan Je Chacha Mahiti sawkat sign Sangharsh Ja Pana Varun Aalha aahe,marathi
0,mar_0480.wav,yah the Anek Mahiti tantradnyan company ahet,marathi
0,mar_0481.wav,Germany till sarvat thand rakh le Jaate,marathi
0,mar_0482.wav,jugoslavije Samajwadi Sangi prajasattak ke shabd Saha bhashantar Kovil,marathi
0,mar_0483.wav,han Mukt Hue Rajasthan Madhya Pradesh Maharashtra Karnataka address,marathi
0,mar_0484.wav,hi kagadpatra aahe sancha Desh Mahiti Hawai Vishay,marathi
0,mar_0485.wav,Chin Sarkar se adhikrut Paryatan Sthal ki Jale,marathi
0,mar_0486.wav,Koyna abhayaranya Koyna Nadi Cha Koriya till 1 Anya,marathi
0,mar_0487.wav,Wikipedia sadasya Subhash Rawat Abhay na to aani Mandar Patil Ne kelela Karm anusar,marathi
0,mar_0488.wav,English vah bhashetil Lekh,marathi
0,mar_0489.wav,Maharashtra Madhya Pradesh sarkar sanyukt upkram aahe,marathi
0,mar_0490.wav,hey kagadpatra aahe Chacha Desh Mahiti Iran Vishay,marathi
0,mar_0491.wav,Aaj antrashtriy Shravan Khele Jana Re Budhwa ke pass chatay Budhwar ko rakh le Jaate,marathi
0,mar_0492.wav,ya shabdacha Etawah upyog answer Thi Baja Baja De,marathi
0,mar_0493.wav,yah tune paudhe Railway Marg Navi Mumbai RTO,marathi
0,mar_0494.wav,Pakistan Lekh apurna aahe aani purn karne Aapan Hath Bhar lao Sakta,marathi
0,mar_0495.wav,visheshta dusra Koni Ani visheshta Koni rajkarni lokani,marathi
0,mar_0496.wav,hey kagad Patra Pan Jay Chacha Mahiti chocolate Viman Seva yah Panna Varun Ala aahe,marathi
0,mar_0497.wav,Paheli anadhikrut baatami Hathi Ali,marathi
0,mar_0498.wav,han Lekh maharashtratil Aurangabad Jila ya Badal aahe,marathi
0,mar_0499.wav,Raja Ram Ke Chhatrapati Shivaji Maharaj yanchi kanishtha Putra Hote,marathi
0,mar_0500.wav,Pyala ganitachi award utpann Na Ho laagli hoti,marathi
0,mar_0501.wav,han Lekh Australia Peele melava Chehra Badal aahe,marathi
0,mar_0502.wav,manoon Pran now Bhale,marathi
0,mar_0503.wav,yah Bhasha Prachin aahe parantu Bhasha Nahid Karan Arjun ka hi Tika ne bola Jata,marathi
0,mar_0504.wav,Italy till Ek Pramukh Nadi aahe,marathi
0,mar_0505.wav,han f***** did Mahina Pope Dawar Hota,marathi
0,mar_0506.wav,Surya marital Pramukh Vastu manaje Surya,marathi
0,mar_0507.wav,Ek Aadha Lekh Patra aahe ki naahi ya Badal Prabandhak khulasa Katil,marathi
0,mar_0508.wav,Wikipedia sadasya Kolhapuri aani Maharashtra Express ne ke liye Karm anusar,marathi
0,mar_0509.wav,Rajasthan Rajya till Bharatpur Jilha Vishesh Lekh,marathi
0,mar_0510.wav,Paschim Bangal rajyatil agrani shaikshanik Sanstha aahe,marathi
0,mar_0511.wav,hey kagadpatra aahe Sacha Desh Mahiti Washington Vishay,marathi
0,mar_0512.wav,Chacha Desh Mahiti Iran antarik Chacha aahe Jas vapru naye,marathi
0,mar_0513.wav,waradi boli Bhasha vidarbhat boli renari Marathi Chi Ek boli bhasha,marathi
0,mar_0514.wav,hay kagaj Patra 506 Mahiti takat vruttapatra ya Panna Varun Aalha aahe,marathi
0,mar_0515.wav,hi kagadpatra aahe Chacha Desh Mahiti America ji sanyukt Sansthan a Vishay,marathi
0,mar_0516.wav,yah Nadi Cha parisarat Genghis Khan ka Janm Jhala,marathi
0,mar_0517.wav,Manvi sharirat budhil Sanstha,marathi
0,mar_0518.wav,Yad the Ramayan Subhash Babu Netaji ya navane Oracle a jao Laga Le,marathi
0,mar_0519.wav,Kancha mrutyu nantar Mangol Rajya Nirman Jale,marathi
0,mar_0520.wav,han Lekh Aurangabad Jilha Vishesh me aahe,marathi
0,mar_0521.wav,Chhatrapati Shivaji Maharaj yanchi Ek Senapati,marathi
0,mar_0522.wav,hi Australia till Paheli Kayam wasahat Aise,marathi
0,mar_0523.wav,tyohar santapt hone Urvashi Rautela shop date,marathi
0,mar_0524.wav,Chacha Desh Mahiti Hawai antarik Chacha aahe Jas Sharad vapru naye,marathi
0,mar_0525.wav,hey kagadpatra aahe tasher Desh Mahiti France Vishay,marathi
0,mar_0526.wav,han Lekh Rajasthan madhil Pali Jila Vishay aahe,marathi
0,mar_0527.wav,hay Maharshi Karve yanche Putra boy,marathi
0,mar_0528.wav,ki Parda Marathi wikipedia Prabandhak V sadasya aayojit Katil,marathi
0,mar_0529.wav,Paschim Bangal Raja Dil Kolkata Jilha Vishesh Lekh,marathi
0,mar_0530.wav,tyanchi sankhya Farhat Kami asnar,marathi
0,mar_0531.wav,yah udyamala Rajya Kendra Sarkar Karun paise medta,marathi
0,mar_0532.wav,today rajya Uttar maharashtratil Ek Pramukh Jila Mandala tattoo,marathi
0,mar_0533.wav,Chacha Desh Mahiti Washington antarik Chacha aahe Jas vapru,marathi
0,mar_0534.wav,Chacha Desh Mahiti America ji sanyukt Sansthan a antarik sancha aahe jhase vapru naye,marathi
0,mar_0535.wav,Mahiti chocolate company ya Chacha vah per company Mahiti Mahiti chocolate swarupat Lena Sathi kela jato,marathi
0,mar_0536.wav,July Mahila 18 August schwarzer 8 vada,marathi
0,mar_0537.wav,han Jari Chhota farak Asla Tari Dua yah To Nahin,marathi
0,mar_0538.wav,Durga Bhagwat yanchi pudhil pramane Sahitya prakashit Jale aahe,marathi
0,mar_0539.wav,han Lekh Rajasthan madhil Pali Shahar Abhishek aahe,marathi
0,mar_0540.wav,Satara til ka hi mahatva Chi thikane Uda,marathi
0,mar_0541.wav,Aurangabad Shahar Achcha Mahiti Sathi Ye the Teej ki Daya,marathi
0,mar_0542.wav,Wikipedia sadasya Subhash Rawat Cricket mein Sushant aani Abhay Na To Ne kelela Karm anusar,marathi
0,mar_0543.wav,Chacha Desh Mahiti jugoslavije Samajwadi sangiya prajasattak antarik Chacha aahe jhase Sharan vapru naye,marathi
0,mar_0544.wav,kripya Badal Karana Purvi Charcha panavar aapale mat Manda,marathi
0,mar_0545.wav,Chinchwad cartoon Vadari Ek Nadi aahe,marathi
0,mar_0546.wav,me Kedar Patil Marathi wikipedia Ek utsahi sadasya,marathi
0,mar_0547.wav,Aise Lake kadachit Purvi astitvavad Steel athva Prathmik avasthit Bastille,marathi
0,mar_0548.wav,Paschim Bangal rajyatil Cooch Behar Jilha Vishesh Lekh,marathi
0,mar_0549.wav,Mumbai ki Bharat acchi Arthik Rajdhani Manali raten,marathi
0,mar_0550.wav,ke kagaj Patra aahe sancha Desh Mahiti nowe Vishay,marathi
0,mar_0551.wav,lekin Bade Sahaj Paras per sandrbh data yah dad,marathi
0,mar_0552.wav,urban pahila urban dusra Teesra Italy,marathi
0,mar_0553.wav,Bhartiya communist paksha Che Pahile sarchitnis,marathi
0,mar_0554.wav,Pakistan bharatacha Paschim simevaril Desh aahe,marathi
0,mar_0555.wav,kya Chawla ki Gambhir kaarvayi hone Chi shakyata aahe,marathi
0,mar_0556.wav,hi spardha Olympic Australia varshat uth nahi,marathi
0,mar_0557.wav,recruit Shabd Prakriti Varun Allah,marathi
0,mar_0558.wav,Dadar se Mumbai till Ek upanagar aahe,marathi
0,mar_0559.wav,MI Naveen chocolate karayla ghetli aahe,marathi
0,mar_0560.wav,Patan Shahar Achcha Mahiti Sathi gaye the aaj ki Daya,marathi
0,mar_0561.wav,hey kagadpatra aahe Saja De Mahiti West Virginia Vishay,marathi
0,mar_0562.wav,Bihar rajya till Aurangabad Jila Vishva ke Lekh,marathi
0,mar_0563.wav,tanshi ya babat kadachit madad ho sake,marathi
0,mar_0564.wav,soyarabai ya Chhatrapati Shivaji Maharaj yancha dwitiya Patni Hota,marathi
0,mar_0565.wav,Jaane Shuru shalivahan route aahe,marathi
0,mar_0566.wav,Shakti zalyas purn karne madad Kara,marathi
0,mar_0567.wav,Chacha Desh Mahiti France ha Antariksha Chahe jassar Bapu ne,marathi
0,mar_0568.wav,Matra Ek Diva,marathi
0,mar_0569.wav,Prachin gadi Ke Lele panyachi Taki 0,marathi
0,mar_0570.wav,Maharshi Karve yancha naave Pune Nagar,marathi
0,mar_0571.wav,yah rashtriy Udyan RJ Vashishth pakshi,marathi
0,mar_0572.wav,Chacha Desh Mahiti Norway antarik Chacha aahe just Sar Bapu ne,marathi
0,mar_0573.wav,Maharashtra rajya Parivahan,marathi
0,mar_0574.wav,Maharashtra rajya Parivahan Mandal ST,marathi
0,mar_0575.wav,Me Leke Hath Kaise Badal kare aahet,marathi
0,mar_0576.wav,Chacha Desh Mahiti West Virginia Antriksh Raja aahe jassar Gabru ne,marathi
0,mar_0577.wav,Peru De Lekh apurna aahe aani Purna coronavirus Aapan Hath Bhar love Sakta,marathi
0,mar_0578.wav,hey I 72 DJMaza Aadhar I hate Masi Gati Manju Rakshan karnari aahes,marathi
0,mar_0579.wav,Wikipedia han per upkram aahe,marathi
0,mar_0580.wav,Sydney a Australia to forget mote Shahar Arthik Rajdhani aahe,marathi
0,mar_0581.wav,Yashvi prashaskiya kendra Aurangabad the aahe,marathi
0,mar_0582.wav,han Lekh Ratnagiri Sharaabi Sahi aahe,marathi
0,mar_0583.wav,Tu Lake Saja Ho shakat Nahi,marathi
0,mar_0584.wav,call antarani main Rajni baudh Dharm swikar le,marathi
0,mar_0585.wav,David brewster kurta wale ka,marathi
0,mar_0586.wav,hey kadapatra Pan ji Chacha Mahiti America ji sanyukt Sansthan a ja banaa Varun 18 aahe,marathi
0,mar_0587.wav,Swatantra Bharat Krishi Mantri Manan kam ke liye aahe,marathi
0,mar_0588.wav,han Lekh angreji Wikipedia in English Ji Le Kache bhashantar aahe,marathi
0,mar_0589.wav,maharashtratil Ek pragat Jilha Pune Jilha prasidh aahe,marathi
0,mar_0590.wav,Aise Lake sadasya naslelya Bhakti sambandhit karun surakshit jatil,marathi
0,mar_0591.wav,Paschim Bangal rajyatil Midnapore Jila Vishay ke Lekh,marathi
0,mar_0592.wav,Wikipedia sadasya Kolhapur e Ani Sambhaji Raje Ne Kerala Karm anusar,marathi
0,mar_0593.wav,Kuwait Lekh apurna aahe aani purn karne Aapan Hath Bhar lao Sakta,marathi
0,mar_0594.wav,football jagatil sarvat lokpriya Khed aahe,marathi
0,mar_0595.wav,darimi Ekta Kapasan bhakton,marathi
0,mar_0596.wav,hi Rani atmasat Katil Shahid,marathi
0,mar_0597.wav,yache prashaskiya Kendra Pali the aahe,marathi
0,mar_0598.wav,Kuwait Shahar ke Kuwait deshachi Rajdhani V Jagat mote Shahar aahe,marathi
0,mar_0599.wav,Poland HAL Ek apurna aahe purn karne Aapan Hath Bhar lao Sakta,marathi
0,mar_0600.wav,Patan Jilha Chi Mahiti ya lekhak aahe,marathi
0,mar_0601.wav,Times of India bhartatil lokpriya angreji Dainik aahe,marathi
0,mar_0602.wav,Keval Uttar Cha Dongar pradeshatil Kahi Chhoti Raja Swatantra Rahegi,marathi
0,mar_0603.wav,hi Shahar Aurangabad Jila prashaskiya Kendra aahe,marathi
0,mar_0604.wav,France Paschim Crorepati Ek vistrit Desh aahe,marathi
0,mar_0605.wav,hi Charcha coopers pratighat aahe Tani sampurn dene Awagarh aahe Vibhag apoorn aahe,marathi
0,mar_0606.wav,Ratnagiri Jilha Mahiti Sathi scheme,marathi
0,mar_0607.wav,Taimur prakalpa luggage Bagi hu shucking Aise Fatak Nahin,marathi
0,mar_0608.wav,yah Janata Raja yanchyatil sambandh ke gotham-book Swaroop Hote,marathi
0,mar_0609.wav,Danny Shuru kelela shalivahan shak Aaj hi root aahe,marathi
0,mar_0610.wav,Dadar Bihar nawani prasiddh wale,marathi
0,mar_0611.wav,Maharashtra rajya till Ek mahatva Shahar aahe,marathi
0,mar_0612.wav,Uttar sarvat Mota Divas,marathi
0,mar_0613.wav,Ja lekhan sarvat jast Guna Hotel Lake Vijay Damon ghoshit Kele jaati,marathi
0,mar_0614.wav,Punjab rajyatil Moga Jila Lekh,marathi
0,mar_0615.wav,Wikipedia sadasya Abhay Nathu Anni Sushant aani Wikipedia wali Anamika sadasya Ne Kerala anusar,marathi
0,mar_0616.wav,Mumbai ka Lekh,marathi
0,mar_0617.wav,hi kagadpatra aahe Saja De Mahiti Lebanon Vishay,marathi
0,mar_0618.wav,Pyasa Anna Mein vah per ho to,marathi
0,mar_0619.wav,Shahar acchi mukhya Bhasha Marathi Rasool angreji Hindi bhasha mein Khil bola Jata,marathi
0,mar_0620.wav,hey Shahar Pali Jila prashaskiya Kendra aahe,marathi
0,mar_0621.wav,Majhi Vani z3 aahe Manje me bolu shakat nahi,marathi
0,mar_0622.wav,hey Patanjali ke Mukhya thikane aahe,marathi
0,mar_0623.wav,Aurangabad Jilha maharashtratil Aurangabad Jilha,marathi
0,mar_0624.wav,hi Sanstha debarshi Oscar Puraskar Behaal karte,marathi
0,mar_0625.wav,Alexander the Great Lake Chan Hote aahe,marathi
0,mar_0626.wav,kripya aap lock khul ja the Dava,marathi
0,mar_0627.wav,Nagpur Madhya bhartatil Pramukh shaikshanik Arthik Kendra aahe,marathi
0,mar_0628.wav,yah Sanket Raja MI fakt vachak aahe,marathi
0,mar_0629.wav,asto April sarvat Khush na Mahina aahe,marathi
0,mar_0630.wav,hey Shahar Ratnagiri Jilha prashaskiya Mukhyalay aahe,marathi
0,mar_0631.wav,hey Shahar Purva siang jilhyache prashaskiya Kendra aahe,marathi
0,mar_0632.wav,hay Pan Badal hun Ne surakshit Kele aahe,marathi
0,mar_0633.wav,Maratha Samrajya Peshwa Chahat padlay,marathi
0,mar_0634.wav,hay kagaj Patra aahe Saja Desh mahiti jugoslavije singhia prajasattak vishai,marathi
0,mar_0635.wav,The Mala Sataye Teri angreji Vicky abhipreet aahe,marathi
0,mar_0636.wav,Panipat yaar Chunav achi Vishwas Patil yanchi Kadambari prasiddh aahe,marathi
0,mar_0637.wav,July mahine saglyat jast Paus,marathi
0,mar_0638.wav,Le khacha Mandani karita just just pass Gonda Le jaati,marathi
0,mar_0639.wav,Paschim Bangal Rajwadi Darjeeling Jilha Vishesh Lekh,marathi
0,mar_0640.wav,Wikipedia sadasya Ashok Deshmukh Ne ke liye Karm anusar,marathi
0,mar_0641.wav,Durga Bhagwat yanche Prathmik Shikshan Mumbai,marathi
0,mar_0642.wav,han Divas Bharat prajasattak Din sajara kela jato,marathi
0,mar_0643.wav,Chacha Desh Mahiti 11 on antariksa chaurahe jassar,marathi
0,mar_0644.wav,Anek madhyan V Lahan Udyog Puniya aahet,marathi
0,mar_0645.wav,Panipat navachi Marathi Kadambari Vishwas Patil yani Li aahe,marathi
0,mar_0646.wav,bharataat ordinary shaadi Maniyar ki sarvatra add the Jungle Jasta prasanta karte,marathi
0,mar_0647.wav,Ananta European Lok America Thailand tarikh ko Laga Le,marathi
0,mar_0648.wav,school of art Mumbai Bharat,marathi
0,mar_0649.wav,Mohini chocolate Gruh Sa 695 Jhala aahe,marathi
0,mar_0650.wav,tevar taaja Paschim kinaryavar Ek Bandar aahe,marathi
0,mar_0651.wav,Nashik Hi maharashtratil Ek mahatva Udyog Kendra aahe,marathi
0,mar_0652.wav,Mela Akhada just wanted nahi,marathi
0,mar_0653.wav,Bhartiya Dindarshika ki bhartachi adhikrut dinner darshika aahe,marathi
0,mar_0654.wav,Chacha Desh Mahiti Yugoslavia Che Sangya prajasattak antariksa chaurahe Jas Saral Vakya banaen,marathi
0,mar_0655.wav,Chacha Badal just Mahiti uplabdh Nahin,marathi
0,mar_0656.wav,Simha Rasi Simha navachi kholiya Ras,marathi
0,mar_0657.wav,sporadic Lal Dube radda karnyasathi astitvavad Nachle Lekh likho Shakti,marathi
0,mar_0658.wav,Uttar Pradesh Rajya till Agra Jila Vishesh Lekh,marathi
0,mar_0659.wav,Wikipedia sadasya Vijay aani Wikipedia VRL anomic sadasya Ne ke liye Karm anusar,marathi
0,mar_0660.wav,Belgaon section 1 Kendra Manu prasiddh aahe,marathi
0,mar_0661.wav,pratyek Garh Aparna Khare Vardha Aahat Asha daba kar do,marathi
0,mar_0662.wav,yache Mukhyalay ameriketil Newyork Farid aahe,marathi
0,mar_0663.wav,rashtriy Mahila Din Aur Dakshin Africa,marathi
0,mar_0664.wav,ya shabdacha Kidhar upyog answer Thi Kaha Punjabi,marathi
0,mar_0665.wav,han Lekh Panipat Jila Vishnoi aahe,marathi
0,mar_0666.wav,hey kagadpatra aahe Chacha Des Mahiti Dakshin Vietnam Vishay,marathi
0,mar_0667.wav,Alexander Ne are player Senapati Ani mahatva chasni karna ya the Anek Puraskar Dekhun dancer Gaurav kela,marathi
0,mar_0668.wav,Ratnagiri shirate Maharashtra rajya Parivahan Mandal St Shahar vahatuk aahe,marathi
0,mar_0669.wav,Tumhara Pyar Tune Barat Andaaz Yahi,marathi
0,mar_0670.wav,Gujarat madhil Dakshin Saurashtra bhagatil Ek Jila aahe,marathi
0,mar_0671.wav,Sandhya Chacha ank Marathi bhashantar it karne Samarth aahe,marathi
0,mar_0672.wav,German Saiya Ne Aakhir Magar geet Li,marathi
0,mar_0673.wav,Chehre Tula Manje Kahin Mahiti bisrat Nahin,marathi
0,mar_0674.wav,Yana adhikrut darja De Naat Allah nahi,marathi
0,mar_0675.wav,hay kagaj Patra Ban Jaaye Saja Desh Mahiti Afghanistan Ya Allah aahe,marathi
0,mar_0676.wav,Maratha Samrajya Shakal kandath yah Shahar Chunav Pune Karle Raat Hote,marathi
0,mar_0677.wav,hi Shahar Uttar Goa jilhyache prashaskiya Kendra aahe,marathi
0,mar_0678.wav,Arunachal Pradesh rajyatil upper siang Jilha Vishesh Lekh,marathi
0,mar_0679.wav,vyakaran Manje bhashechi spashtikaran karna Re Shastra,marathi
0,mar_0680.wav,Maharashtra talent Re Tor Sone Mukhde Ve Ki Barat athva kar do,marathi
0,mar_0681.wav,hey kagadpatra aahe 17 Desh Mahiti Scotland Vishay,marathi
0,mar_0682.wav,hey kagadpatra aahe Saja De Mahiti England Vishay,marathi
0,mar_0683.wav,yah stadium cricket se antarrashtriy Samne Khele Jata,marathi
0,mar_0684.wav,Panipat Sharab ulcer Lekh ya the aahe,marathi
0,mar_0685.wav,Chacha Desh Mahiti Dakshin Vietnam antarik Saja aahe jassar vapru,marathi
0,mar_0686.wav,Gujarat rajyatil Saurashtra bhagatil Ek Shahar aahe,marathi
0,mar_0687.wav,Aata kuch layegi Wikipedia Vicky Navin Nandani nagar Tata Pravesh ke lagao shakto,marathi
0,mar_0688.wav,Portugal Lekh apurna aahe aani purn Das Aapan had her lao Sakta,marathi
0,mar_0689.wav,bharataatil service o'clock Mumbai adult add,marathi
0,mar_0690.wav,udyacha Kahin Bhagat Manvi Vasti aahe Jaise Kavi Narayan Bharat ityadi pk Jaitley Jata,marathi
0,mar_0691.wav,Aadi Dutch French word mug British thaili,marathi
0,mar_0692.wav,han Lekh Ratnagiri Jilha Vishesh aahe,marathi
0,mar_0693.wav,Kaziranga hi bhartatil sarvat jast surakshit abhyaranya Mein Jaate,marathi
0,mar_0694.wav,hay Vrat Marathi Mota Praman advalpale Gire aahe,marathi
0,mar_0695.wav,ya shabdacha ETA upyog Sathi Bahar Ek sath,marathi
0,mar_0696.wav,Ekra Tejal ki Khoob yogya Hui,marathi
0,mar_0697.wav,Wikipedia sadasya Subodh Ne kelela Karm anusar,marathi
0,mar_0698.wav,Uttar Pradesh Rajya till Ambedkar Nagar Jilha Vishesh Lekh,marathi
0,mar_0699.wav,Jari grease pahle Uske Tari Germany chesanayya Bridge Dakshin Allah Allah Hote,marathi
0,mar_0700.wav,ya shabdacha ETA upyog answer tepa Colorado,marathi
0,mar_0701.wav,hi kadapatra aahe Chacha Mahiti Michigan Vishay,marathi
0,mar_0702.wav,yache prashaskiya Kendra Panipat ya the aahe,marathi
0,mar_0703.wav,Krishna Nadi par Lekh purn aahe purn kar sakta,marathi
0,mar_0704.wav,Chacha De Mahiti Michigan Antariksha Chahe Jahan vaprun Hai,marathi
0,mar_0705.wav,Kahin card Wikipedia karne ke liye,marathi
0,mar_0706.wav,Ratnagiri Shahar Achcha Mahiti Sathi yah the kiski bhaiya,marathi
0,mar_0707.wav,Nabi Mukhtar yancha Dekhen vichar Karu shakto,marathi
0,mar_0708.wav,pauranik Patra Sundha aahe,marathi
0,mar_0709.wav,Drishti Ne Karta Ja,marathi
0,mar_0710.wav,Kaziranga madhe Char Pramukh Nadiya aahe,marathi
0,mar_0711.wav,hey Pan me aahe,marathi
0,mar_0712.wav,Badrinath ki alamat samjhaoon atyant avashyak aahe,marathi
0,mar_0713.wav,February Gregory min Rashi ke anusar Varsha Din dusra Mahina aahe,marathi
0,mar_0714.wav,han Lekh Rajasthan madhil Udaipur Jilla vishai aahe,marathi
0,mar_0715.wav,bhartatil Ek prasiddh Ani agrani Vidyapeeth aahe,marathi
0,mar_0716.wav,HAL Ek Nashik Jilla till Gaon Ja Badal aahe,marathi
0,mar_0717.wav,hi kagadpatra aahe Chacha Desh Mahiti Yugoslavia Samrajya Vishay,marathi
0,mar_0718.wav,Aapan Wikipedia sampadan Shuru Ke Le Ja Badal aabhar,marathi
0,mar_0719.wav,Jharkhand Rajya ki Lohardaga Jila Vishesh Lekh,marathi
0,mar_0720.wav,hey bro sneak Nagrik mrityu ki padh le,marathi
0,mar_0721.wav,Chacha De Mahiti Scotland antarik Chacha aahe just prove,marathi
0,mar_0722.wav,Desh Mahiti England antarik Chacha aahe Veeru ne,marathi
0,mar_0723.wav,hey Kadhal Patra Chacha Desh Mahiti Armenia,marathi
0,mar_0724.wav,Soviet senani Bahir Sainya Gora karna shuruaat ki raili hoti,marathi
0,mar_0725.wav,Bhimsen Joshi Hua Kidhar Anek suprasiddh kalakar badhiya jordar aple karykram kartut,marathi
0,mar_0726.wav,maja mat lena Khan Maharashtracha Itihas ka vichar Baba,marathi
0,mar_0727.wav,Krishna Nadi Dakshin Bharat aatoon vahan Ek Pramukh Nadi aahe,marathi
0,mar_0728.wav,Mata Rani mote asnara ke for God stay,marathi
0,mar_0729.wav,kya panavar zone lekhan karta yete,marathi
0,mar_0730.wav,Mahiti takat ke Nau vatatay,marathi
0,mar_0731.wav,Badal karne ke upay Koi,marathi
0,mar_0732.wav,PAN card IG vinanti taaja Dekhen taiyar Kela aahe,marathi
0,mar_0733.wav,ghatna Samiti Che ke Adhyaksh Hote,marathi
0,mar_0734.wav,han Lake Tripura rajyatil Udaipur Shahar avishai aahe,marathi
0,mar_0735.wav,Hindi chitrpat Srishti Jain gest Charitra kalakar,marathi
0,mar_0736.wav,Punjab Rajat in Amritsar Jila Vishesh Lekh,marathi
0,mar_0737.wav,Ek Fernandez Baki aahe jo bhi karo shakto,marathi
0,mar_0738.wav,Colorado rajyatil Ek Pramukh Shahar aahe,marathi
0,mar_0739.wav,Chacha Desh Mahiti Armenia antarik Chacha aahe Saral wap ru,marathi
0,mar_0740.wav,han Lekh maharashtratil Pate navasa Kila ya Badal aahe,marathi
0,mar_0741.wav,kripya in phool paudhe Badal lakshat theva,marathi
0,mar_0742.wav,Wikipedia Hi Koni Ek vyakti naahi,marathi
0,mar_0743.wav,Madhya Pradesh ka khel mahatva ke rashtriy Udyan vyaghra prakalp aahe,marathi
0,mar_0744.wav,Wikipedia sadasya Subhash Rawat rikamya aani Maharashtra Express ne ke anusar,marathi
0,mar_0745.wav,malavath Chacha jast fayda Koi,marathi
0,mar_0746.wav,yogya ke Badal Jale aahet,marathi
0,mar_0747.wav,Maharashtra panavar Navin chaukat vakali aahe,marathi
0,mar_0748.wav,Portugal Paschim Europe madhil Spain 6 Paschim aslela Desh aahe,marathi
0,mar_0749.wav,Jammu and Kashmir Raja in Jammu Jilha Vishesh Lekh,marathi
0,mar_0750.wav,German Saiya Ne sampurn Shahar Mein Chirag,marathi
0,mar_0751.wav,Ek Bar chachi Dada Navin Kalandar 2,marathi
0,mar_0752.wav,han Lekh Colorado Nadi ya Badal aahe,marathi
0,mar_0753.wav,Chacha De Mahiti jugoslavije Samrajya antarik Chacha aahe Sar vapru naye,marathi
0,mar_0754.wav,Bhartiya sanghacha Majhi karna Dhar singhada icon chalu karna Ghar aahe,marathi
0,mar_0755.wav,kripya ya vishayavar in cal cal panavar,marathi
0,mar_0756.wav,Parbhani Shahar Rajya Mahiti Sathi Ye the teeth ki Dhyan,marathi
0,mar_0757.wav,antim Samna Pakistan England sanghan Ja Darmiyaan Jhala,marathi
0,mar_0758.wav,madhya railway Mukhyalay Mumbai aahe,marathi
0,mar_0759.wav,yeah Bhagat motor Raman 8 pass photo,marathi
0,mar_0760.wav,ya lekhak Lekh aahe,marathi
0,mar_0761.wav,MI Phule varg taiyar Kela aahe,marathi
0,mar_0762.wav,Mala Tari Ek Mahan Karya vatatay,marathi
0,mar_0763.wav,Asha aahe Palak Patel,marathi
0,mar_0764.wav,Paschim Bangal Raja Din Lekh,marathi
0,mar_0765.wav,Wikipedia sadasya Abhay Na Tu Ani Sushant Ne Karm anusar,marathi
0,mar_0766.wav,Maharashtra Times Mumbai Til prasidh Marathi Dainik aahe,marathi
0,mar_0767.wav,Udaipur Shahar visheshta Lekh ya the aahe,marathi
0,mar_0768.wav,hey Agar Patra aahe Chacha Desh Mahiti Singapore Vishay,marathi
0,mar_0769.wav,ya na Pani Achcha 8 swasan Karta ya nahin,marathi
0,mar_0770.wav,Arthik Shikshan in Maharashtra Bharat ke agrani Rajya aahe,marathi
0,mar_0771.wav,Peth Taluka Nashik Jilha till Taluka,marathi
0,mar_0772.wav,Tu Likh Vada grast jahir Kela Rao shabd,marathi
0,mar_0773.wav,idhar sadasya niche Kai aahe koustuv Samudra,marathi
0,mar_0774.wav,Ek mulga aani Ek mulgi,marathi
0,mar_0775.wav,peshave ke Maratha Samrajya ke pantpradhan Hote,marathi
0,mar_0776.wav,han Lekh Nashik Zilla till Taluka Yavatmal aahe,marathi
0,mar_0777.wav,Satya Aslam nishchit cartoon dakava,marathi
0,mar_0778.wav,Mumbai share Bajar bhartatil sarvat Mota Aashiyan Juna ki mahatva ji Sanstha Mumbai aahe,marathi
0,mar_0779.wav,han pakshi Aata atyant durmil Jhala Naam Sharif konacha margavar aahe,marathi
0,mar_0780.wav,hay kagaj Patra aahe Chacha De Mahiti ekatrit Singh Vishay,marathi
0,mar_0781.wav,ya Chi lagwad wish you Pradesh Court,marathi
0,mar_0782.wav,Florida Lekh a Purna Purna karna Aapan had her love Sakta,marathi
0,mar_0783.wav,hey Shahar Udaipur Jilla prashaskiya Kendra aahe,marathi
0,mar_0784.wav,Chacha De Mahiti Singapore antarik Chacha aahe,marathi
0,mar_0785.wav,Sankalpa yah Baba darshan karo,marathi
0,mar_0786.wav,Punjab Rajya chinh Jalandhar Jilha Vishesh Lekh,marathi
0,mar_0787.wav,Colorado Lekh aahe purn Nav Sakta,marathi
0,mar_0788.wav,Sadharan padhe ki Kami karne se Adhikar Prabandhak karna delay start,marathi
0,mar_0789.wav,hey Agar Patra aahe Chacha Desh Mahiti Rasiya Vishay,marathi
0,mar_0790.wav,Parbhani Jilha Chi Mahiti Sathi yah the iski Gaya,marathi
0,mar_0791.wav,Asia ka Charcha Charcha Jari hoti hai,marathi
0,mar_0792.wav,Lekh apurna aahe Punya lao Sakta,marathi
0,mar_0793.wav,Chacha Des Mahiti Russia antarik Chacha aahe vapru,marathi
0,mar_0794.wav,mukabar strawberry Vakya Marathi wikipedia acchi Pragati Satya Ne Hote aahe,marathi
0,mar_0795.wav,Prabandhak Adhik Mahiti Dev Shakti,marathi
0,mar_0796.wav,Pramukh abhiyantriki Shakha pramane aahe,marathi
0,mar_0797.wav,Sahyadri Parvat Rang aaple mat,marathi
0,mar_0798.wav,Rajdhani Mumbai bhartachi Arthik Rajdhani,marathi
0,mar_0799.wav,Chacha De Mahiti ekatrit Sangh antarik taaja aahe Sharan,marathi
0,mar_0800.wav,Bakra Hey ek Marathi Sanket aahe,marathi
0,mar_0801.wav,han Lekh purandare ya navache Vividh Arth sandrbh ya Badal aahe,marathi
0,mar_0802.wav,Uttar Pradesh Rajya chinh Allahabad Jila Vishay ke Lekh,marathi
0,mar_0803.wav,Wikipedia sadasya Abhay Nathu sambhajiraje Wikipedia anamik sadasya Ne ke anusar,marathi
0,mar_0804.wav,dictionary Ek Vashisht Shabdkosh prakalpa aahe,marathi
0,mar_0805.wav,Mandar Ranchi shariracha manani Chehra lahaan Austin,marathi
0,mar_0806.wav,Gyani Wales V Scotland jinko aaplya Rajya Sabha Vishesh ke liye,marathi
0,mar_0807.wav,hey kadapatra aahe Chacha Desh Mahiti Egypt Vishay,marathi
0,mar_0808.wav,virgin pay antarik Chacha aahe Jaat Nahin,marathi
0,mar_0809.wav,han Lekh Parbhani Jilha Vishesh aahe,marathi
0,mar_0810.wav,Asha Prakar America ya yudhat Pravesh Bhala,marathi
0,mar_0811.wav,Uda maharashtrachi UPA Rajdhani Nagpur aahe,marathi
0,mar_0812.wav,aap mat Wikipedia ka Kala Bairavar Jarur Dava,marathi
0,mar_0813.wav,han Lekh Mumbai aahe,marathi
0,mar_0814.wav,foot Ke Andar Se Ek aahe,marathi
0,mar_0815.wav,Pune Shahar Achcha Mahiti Sathi Ye the Teej ki Daya,marathi
0,mar_0816.wav,samavesh ke La Jau shakto,marathi
0,mar_0817.wav,Ya Allah to Manali Raat nahi,marathi
0,mar_0818.wav,MI konacha link today kam karo hi sangave,marathi
0,mar_0819.wav,Karnataka bandh,marathi
0,mar_0820.wav,kripya aap le mat Marathi Che samvardhan Kara,marathi
0,mar_0821.wav,kya kya Tumhara pyaj lekhak kya kya tikani kapde wale,marathi
0,mar_0822.wav,Haryana Rajya 3 Yamuna Nagar Jilha Vishesh Lekh,marathi
0,mar_0823.wav,Vidyarthi don't Shikshak tha,marathi
0,mar_0824.wav,via Kik money word kiski mara,marathi
0,mar_0825.wav,sudharna dakhal The Godfather Kadambari Lekh,marathi
0,mar_0826.wav,Chacha Desh Mahiti Egypt antarik Chacha aahe Sharan,marathi
0,mar_0827.wav,Vicky Pranali madhe vishisht Priya Asha aahe Ja Karta ya nahin,marathi
0,mar_0828.wav,yache digdarshan Satyajeet Rai yani ke Hote,marathi
0,mar_0829.wav,han Lekh Parbhani Sharaabi Sahi aahe,marathi
0,mar_0830.wav,kya Purvi ka Saiya aani relief ya shabdon se Adhik Vashikaran karne avashyak aahe,marathi
0,mar_0831.wav,Pune Jilha Chi Mahiti Sathi Ye the peace ki Daya,marathi
0,mar_0832.wav,the Kunal are ya Badal sandrbh Munda,marathi
0,mar_0833.wav,Vetal Peth Aaj Astitva,marathi
0,mar_0834.wav,chaukat Raja Ek Marathi chitrpat aahe,marathi
0,mar_0835.wav,Jo Sangh sarvat jast Dhaba Chala Vijay ghoshit ke baten,marathi
0,mar_0836.wav,Kangan Akhiyan Kshetra Moti Kranti Ho Shakeel,marathi
0,mar_0837.wav,yah tune Shuru Genelia yuddh Kala Tiwari yuddh,marathi
0,mar_0838.wav,kripya Hai Panna cartoon Ke Karan,marathi
0,mar_0839.wav,Thane Mumbai Jilha Mahiti Sathi yah the teetar ki Hatya,marathi
0,mar_0840.wav,han Lekh Mahabharat Adil vyakti Rekha Uttar Ja Badal aahe,marathi
0,mar_0841.wav,Rajasthan Rajat in Churu Jilha Vishesh Lekh,marathi
0,mar_0842.wav,Wikipedia sadasya Wikipedia in anomic sadasya Ne ke anusar,marathi
0,mar_0843.wav,kya hai ki Kahin log Khali mile aahet,marathi
0,mar_0844.wav,sandarbh Hindi Mahasagar Samudra Varun mansun Ja,marathi
0,mar_0845.wav,Magar Khuda samavesh photo,marathi
0,mar_0846.wav,Parbhani Shahar ke Parbhani Jilla prashaskiya Mukhyalay aahe,marathi
0,mar_0847.wav,han Ka Pyala bhej dene Sathi sarvottam kar aahe,marathi
0,mar_0848.wav,paudhe Jaane baudh Dharm swikar,marathi
0,mar_0849.wav,Sakharam gatne ke andar maja Ghadi lagla,marathi
0,mar_0850.wav,Mahila Vidyapeeth ya Sanstha Mumbai Ahir,marathi
0,mar_0851.wav,HAL Ek puttar America navacha Khand aahe,marathi
0,mar_0852.wav,Johnson mrutyu Jhala aahe,marathi
0,mar_0853.wav,Saharsa pratyek sanghat Path Pe Chala Us Path Pe Shah Gurdas Ustad,marathi
0,mar_0854.wav,Punjab Pakistan Atal Ek prant aahe,marathi
0,mar_0855.wav,Marathi shaharatil mukhya Bhasha aahe,marathi
0,mar_0856.wav,Himachal Pradesh Rajya chinh Chamba Jila vishwari ke Lekh,marathi
0,mar_0857.wav,Juni pustake faagun upyog nahi Karan Ti junior niyamanusar,marathi
0,mar_0858.wav,yah likha Var aadharit Asha Sadar Lekh love kar taiyar karna,marathi
0,mar_0859.wav,pyaj ke paudhe ka hit karne naahi,marathi
0,mar_0860.wav,Kya Mujhe Pyar Se Shikshan dene Chi Garaj nahi,marathi
0,mar_0861.wav,Kolkata Street Football Club aahe,marathi
0,mar_0862.wav,main Gregory dinadarshike nusar varshatil paanchva Mahina asto,marathi
0,mar_0863.wav,hay Nashik yakin Kala Mandir aahe,marathi
0,mar_0864.wav,Pune Shahar acchi sthanik Swarajya Sanstha,marathi
0,mar_0865.wav,Mala vatate ya sandarbhat panavar ka Nirnay,marathi
0,mar_0866.wav,pre-columbian America Chi sambandhit Lekh apoorn aahe aani purn karne Aapan Hata Bharat love Sakta,marathi
0,mar_0867.wav,theek aahe parantu Maharashtra Lekh vishrut Asawa Aise Mat aahe,marathi
0,mar_0868.wav,unad Divas per tapman Vadh ratri Kami Hote,marathi
0,mar_0869.wav,white parinaam home Navin Rog Maharashtra Chi mahiti,marathi
0,mar_0870.wav,Ranchi Mythri Centre Koti,marathi
0,mar_0871.wav,qafia Shabd pulling aahe,marathi
0,mar_0872.wav,Purvi Raag Bhartiya Shastriya Sangeetha till Ek Raag aahe,marathi
0,mar_0873.wav,Marathi wikipedia Sarv vargon Chi yadi yah the didi aahe,marathi
0,mar_0874.wav,Pune Mahanagar Palika Shala Shala Mitra,marathi
0,mar_0875.wav,Rajasthan Rajya chinh Ajmer Jilha Vishesh Lekh,marathi
0,mar_0876.wav,Wikipedia sadasya Mandar Patil thanni aathu thanni Wikipedia Marine anomic sadasya Ne Karm anusar,marathi
0,mar_0877.wav,Waqt kya babat tantrik Mahiti janon Jawai Lage,marathi
0,mar_0878.wav,football dusra lokapriya hair aahe,marathi
0,mar_0879.wav,yogya durusti,marathi
0,mar_0880.wav,Urvashi ki Indira Cha Darbar ATI Sundar Jana Re Apsara hoti,marathi
0,mar_0881.wav,Marathi Vicky Bhari pahije aslele Lekh ya the aahet,marathi
0,mar_0882.wav,han Lekh Pune Jilha Vishesh,marathi
0,mar_0883.wav,cricket Pune till sarvat lokpriya aahe,marathi
0,mar_0884.wav,Anek Rashtra Ne Arjun Ala Manyata delivery naahi,marathi
0,mar_0885.wav,Kabhi vah Sanskrit Bhasha ka sambandh aahe dishoom ya 10,marathi
0,mar_0886.wav,Dang Jilla Dakshin Gujarat madhil Ek Vidha aahe,marathi
0,mar_0887.wav,han Lekh Rajasthan madhil Nagaur Jila vishwari aahe,marathi
0,mar_0888.wav,yah till 4 sarvottam Singh Upadhya Samne,marathi
0,mar_0889.wav,Aata Aapan Manje Kai de do yah,marathi
0,mar_0890.wav,Ankush Seth Aapan hun Sangat Hote,marathi
0,mar_0891.wav,masik Sadar Germany Lekh yogya aahe,marathi
0,mar_0892.wav,cricket Thakur Mumbai lokpriya aahe,marathi
0,mar_0893.wav,maja Mitty ke Sukhi aahe,marathi
0,mar_0894.wav,Adhik Mahiti Sathi Dua padhe,marathi
0,mar_0895.wav,Pune Shahar Maharashtracha Pune Jilha aahe,marathi
0,mar_0896.wav,Maharashtra rajya till Washim Jilha Vishesh Lekh,marathi
0,mar_0897.wav,Wikipedia sadasya Abhay Na To Har kam se kam anusar,marathi
0,mar_0898.wav,Ranchi madad ya babat nishchit Hui,marathi
0,mar_0899.wav,July Gregory dinadarshike nusar varshatil satva Madina aahe,marathi
0,mar_0900.wav,Ganga ka Karan Aadhar Sachin Tendulkar aahe V to I can't Sheru aahe,marathi
0,mar_0901.wav,Sanskrit Shabd Rashtra Sandhya Desh ya arathanai wapar la jato,marathi
0,mar_0902.wav,hi kagadpatra aahe Chacha Desh Mahiti Ethiopia vishwari,marathi
0,mar_0903.wav,yeah Sheraton mahatva Che rashtriy mahamarg retard,marathi
0,mar_0904.wav,han Lekh Pune Shahar Vishesh aahe,marathi
0,mar_0905.wav,Bhartiya bhashan Cha Itihas sad Farsi aani angreji Bhasha answer Prabhav Mota aahe,marathi
0,mar_0906.wav,prashaskiya Kendra Puri ya the aahe,marathi
0,mar_0907.wav,United Kingdom parson Swatantra Vidyalaya,marathi
0,mar_0908.wav,Nagaur Shahar Achcha Mahiti Sathi Nagaur,marathi
0,mar_0909.wav,Dakshin Africa ke sang Upadhyay Street post le,marathi
0,mar_0910.wav,Mala mahit Raste Me Nakki Sangeet Le Raste,marathi
0,mar_0911.wav,Maharashtra Jala,marathi
0,mar_0912.wav,tumcha Vishwas naahi how aahe Mala,marathi
0,mar_0913.wav,Marathi wikipedia were turkistan hey now rude Ke Le gael aahe,marathi
0,mar_0914.wav,han Lekh Mumbai Jilha Vishesh aahe,marathi
0,mar_0915.wav,hi Shahar Krishna Jilha Che prashaskiya Kendra aahe,marathi
0,mar_0916.wav,nishikant Rajat in Ek Shahar aahe,marathi
0,mar_0917.wav,pani ke Madhya Railway mukhya sthanak aahe,marathi
0,mar_0918.wav,Kithe hi log Marathi lete hai,marathi
0,mar_0919.wav,han Lekh Pune jilhyatil Purandar Taluka ya Vardhan aahe,marathi
0,mar_0920.wav,Uttar Pradesh Rajat in Varanasi Jilha Vishesh Lekh,marathi
0,mar_0921.wav,han Badal tha Chacha vah per le liya Sarv lekhan madhe aapo aap Koi,marathi
0,mar_0922.wav,Nayanthara Saiya Tu Paschim Mela jhelam Nadi 6 Vishay Ne kela,marathi
0,mar_0923.wav,Marathi likha Kiran font Dware ke liye,marathi
0,mar_0924.wav,Pune Shahar Allah ka mukhya pura Utha cartoon photo,marathi
0,mar_0925.wav,Vidha Vidyapith a ja Sathi antrashtriy Sarovar Vidyarthi Medicity prayatna kartaat,marathi
0,mar_0926.wav,madam me bolane yogya naahi,marathi
0,mar_0927.wav,han Lekh Puri Jila Vishay aahe,marathi
0,mar_0928.wav,Paschim Bangal rajyatil Purulia Shahar Vishay aahe,marathi
0,mar_0929.wav,prashaskiya Kendra Puri liya yah the aahe,marathi
0,mar_0930.wav,Ashok Saraf ke Chitra cartoon takle aahe,marathi
0,mar_0931.wav,R navachi Pramukh Upar Nadi Yog,marathi
0,mar_0932.wav,Denmark Paschim Europe madhil Ek Desh aahe,marathi
0,mar_0933.wav,Mumbai shahar Achcha Mahiti Sathi yah the 30 ki bhaiya,marathi
0,mar_0934.wav,kripya Chacha jhalyavar Mala Sanga way,marathi
0,mar_0935.wav,yache prashaskiya Kendra Nagaur the aahe,marathi
0,mar_0936.wav,Bihar rajya till Vaishali Jila vishwavijay lake,marathi
0,mar_0937.wav,Airtel Vijay Singh antim Feri,marathi
0,mar_0938.wav,Dada Saheb Phalke Smarak Lekh a purn aahe purn Aapan Hath Bharat Lagu Sakta,marathi
0,mar_0939.wav,hay Nishi Sangeet Le aahe,marathi
0,mar_0940.wav,Wikipedia sadasya Abhay na to Maharashtra Express Rani Kolhapuri Ne Karm anusar,marathi
0,mar_0941.wav,Drishti Ne ki paddti upyogi per Dale,marathi
0,mar_0942.wav,Microsoft Windows Adhik pragat aahe,marathi
0,mar_0943.wav,care don't Bhagan madhe Vibhag la jato,marathi
0,mar_0944.wav,han Dua yah the Marathi wikipedia our Sudha Dava tohi the English Wikipedia Kudrat karava,marathi
0,mar_0945.wav,yeah Khatron Ke Prakar ka vyavsay vyavasthapan Pranali viksit ke liye aahet,marathi
0,mar_0946.wav,hay kagadpatra tasher Desh Mahiti Poland Vishay,marathi
0,mar_0947.wav,Puri Sahara Vishva Vidhata Lekh ya the aahe,marathi
0,mar_0948.wav,Mumbai shahar se Mumbai Jilha Mumbai upnagar Zilla Maroon taiyar Hote,marathi
0,mar_0949.wav,Prithvi Var sarvathikari Agadi pratikul vatavaran Sudha,marathi
0,mar_0950.wav,Hatti hardware rikami shakto,marathi
0,mar_0951.wav,Rajasthan Rajya Khel Nagaur Jila Vishesh Lekh,marathi
0,mar_0952.wav,Mala to Chacha uplabdh Jhala naahi,marathi
0,mar_0953.wav,Prachin Madhya Yug in bhartatil Ek prakrutik bhasha,marathi
0,mar_0954.wav,hey kadapatra aahe Chacha Desh Mahiti Afghanistan vishai,marathi
0,mar_0955.wav,Puri maharashtratil Khadya padarth aahe,marathi
0,mar_0956.wav,Ajmer Shahar achha Mahiti Sathi Ajmer,marathi
0,mar_0957.wav,tar Patle Lage sudharna karne,marathi
0,mar_0958.wav,Yoddha Bhartiya Rajya Ne sharanagati pad Kar Li Greek Sanyasi Honey Jali,marathi
0,mar_0959.wav,Hollywood Sharad Sita aahe,marathi
0,mar_0960.wav,Jaise Bharat Aaj pratyek rajala Ek mukhymantri Ek Rajyapal pratyek Raja Jile start,marathi
0,mar_0961.wav,Chacha Desh Mahiti Ethiopia antarik Chacha aahe saranwa proof,marathi
0,mar_0962.wav,han Lekh Purulia Zilla Vishnoi aahe,marathi
0,mar_0963.wav,Uttar America itihasatil ki sarvat moti Ladai samajh Li raten,marathi
0,mar_0964.wav,Purandar Taluka Pune Jilha till Taluka,marathi
0,mar_0965.wav,hay Shahar Purulia Zilla Jay prashaskiya Kendra aahe,marathi
0,mar_0966.wav,hey Shahar Nagaur Jila Jay prashaskiya Kendra aahe,marathi
0,mar_0967.wav,Kanchana I was Patni Jhala,marathi
0,mar_0968.wav,Chacha Desh Mahiti Afghanistan antarik Chacha aahe Veeru,marathi
0,mar_0969.wav,Dindori Taluka till Ek Gaon aahe,marathi
0,mar_0970.wav,han Lake Pakistan Athil Punjab prant ya Badal aahe,marathi
0,mar_0971.wav,Rani Tula,marathi
0,mar_0972.wav,hay kagaj Patra Pan Chacha ya Panna Arun aahe,marathi
0,mar_0973.wav,kripya Navin lekhan Jay yogya Vagad vargikaran Kara,marathi
0,mar_0974.wav,ha Urdu Bhasha ya Badal aahe,marathi
0,mar_0975.wav,hey sindudurga Jilla Che prashaskiya Kendra aahe,marathi
0,mar_0976.wav,Rashtrapati Puraskar se sammanit Karne Wale Hote,marathi
0,mar_0977.wav,Maharashtra rajya till Ahmednagar Jilha Vishesh Lekh,marathi
0,mar_0978.wav,Wikipedia sadasya Hara Kamya aani Ajay bidwe Ne ke anusar,marathi
0,mar_0979.wav,Kahin angreji shabdon naisargika Marathi Karan karnyacha Manas aahe,marathi
0,mar_0980.wav,Wikipedia Sahara sampadan ya lekhak Kahi mahiti,marathi
0,mar_0981.wav,namaskar Abhay me Godfather Ya Na Mane Ek Navin Lekh tayar Kela aahe,marathi
0,mar_0982.wav,Jay barabar Brahmani Badal Karu shakto,marathi
0,mar_0983.wav,gana Chitra pattanshetti Anek Puraskar aahet,marathi
0,mar_0984.wav,Purulia Sahara Vishva Hisar Lake ya the aahe,marathi
0,mar_0985.wav,Chacha Desh Mahiti Poland antarik Chacha aahe Jas name,marathi
0,mar_0986.wav,Wikipedia sadasya Abhay Nathu Ajay bidwe aani Subhash Rawat Ne ke anusar,marathi
0,mar_0987.wav,Aastha parantu Uttar Vibhag aani Paschim Vibhag Yashasvi Singh aahet,marathi
0,mar_0988.wav,Thane Chakra Mahiti Sathi ki,marathi
0,mar_0989.wav,Madhya Pradesh Rajya till Ek Pramukh Shahar aahe,marathi
0,mar_0990.wav,namaskar aap Lala maja prashn samajh Le Nahin,marathi
0,mar_0991.wav,ki Asha lekhan Chi Mahiti Shakal,marathi
0,mar_0992.wav,Kaise karne avashyak Hote Aise samarthan paudhe Ke Le Gaile,marathi
0,mar_0993.wav,Tumhi sangitla pramane James pahila George dusra George sahaba ya lekhan Che vargikaran Kele aahe,marathi
0,mar_0994.wav,Assam aishanya bhartatil Rajya aahe,marathi
0,mar_0995.wav,gadhe Ki Rahane acchi utkrusht aahe,marathi
0,mar_0996.wav,cal France Ja Dakshin Bhagat Shahar aahe,marathi
0,mar_0997.wav,Paschim Bangal Rajya Dil Howrah Jilha Vishesh Lekh,marathi
0,mar_0998.wav,waghachi naisargika akshy Nahin,marathi
0,mar_0999.wav,Airtel Mahiti Che sampadan ganit Nadu,marathi
0,mar_1000.wav,hey Kadhal Patra aahe Chacha Desh Mahiti Washington DC Vishay,marathi
