,Filename,text,language
0,tam_0001.wav,Etawah se nikal Kar De Naal Enge Teri uncle uncle,tamil
0,tam_0002.wav,thoda Bade katturaigal in the pakka pagal adangum,tamil
0,tam_0003.wav,melek repeat Ondra Renda moondra antha,tamil
0,tam_0004.wav,Sindhu Nadi India Pakistan aagya Nadu kadaloram mukhya nadi,tamil
0,tam_0005.wav,Gandhinagar Ullah polpette about Aalayam Agam,tamil
0,tam_0006.wav,Srinivasan Ek Atul velivantha Theri padathil Sivaji Ganesan KR Vijaya matrum padam,tamil
0,tam_0007.wav,arupadai thirutham seiyum pothu,tamil
0,tam_0008.wav,Balachander ya Qatil velivantha Theri padathil Rajinikanth Kamal Hassan padam,tamil
0,tam_0009.wav,Krishnan Panchayat velivantha Theri padathil Sivaji Ganesan Rajendran padam,tamil
0,tam_0010.wav,yaar kam Mata Karte randal cinema theatre Kollam,tamil
0,tam_0011.wav,in the middle munnetram airport to variant whether any crane,tamil
0,tam_0012.wav,Ramki Selva pandavargal,tamil
0,tam_0013.wav,Tamil tell adimurai asiriyar Siva Subramaniam Padam Nagar Kovil,tamil
0,tam_0014.wav,sirf per hi Iran Tamilnadu utpadan in India,tamil
0,tam_0015.wav,Manjal Cena win,tamil
0,tam_0016.wav,Apradhi aur kiye Eid ul Adha,tamil
0,tam_0017.wav,europium in a river,tamil
0,tam_0018.wav,Gopalakrishnan Katil velivantha Theri padathil Jai Shankar naditha padam,tamil
0,tam_0019.wav,ungli Edward makeover magalchi adikirathu,tamil
0,tam_0020.wav,ulagin Mudhal Murai,tamil
0,tam_0021.wav,Manila Killa main dealer Coimbatore Mavattam irukum Porur,tamil
0,tam_0022.wav,which in brother megalis Sonam Khuda,tamil
0,tam_0023.wav,your other mother Kavithai Tiruvannamalai,tamil
0,tam_0024.wav,operational 1rm tele villai parents,tamil
0,tam_0025.wav,advocate Kannada America 15 nodigal interval sattangal,tamil
0,tam_0026.wav,anal Wikipedia aur Agra dealer,tamil
0,tam_0027.wav,NIT yaar medium I am alive,tamil
0,tam_0028.wav,in the katturaigal,tamil
0,tam_0029.wav,Holi note per ringer girl kurta katturai padangal,tamil
0,tam_0030.wav,Eid katturai in ulladakkam irukum pothu Tamil Kathaigal irukum,tamil
0,tam_0031.wav,Ravi Behl on my katturaigal name girls all weather well on my katturai,tamil
0,tam_0032.wav,Kendriya Vidyalaya librarian,tamil
0,tam_0033.wav,Kaveri 10 India win Mukhiya,tamil
0,tam_0034.wav,we will Tamil patriya katturai Parthen,tamil
0,tam_0035.wav,balachandraya Katil velivantha Theri padathil Kamal Hassan Sridevi mathampalayam,tamil
0,tam_0036.wav,Samyak 12113 padathil Sivaji Ganesan Ramaswamy mathampalayam,tamil
0,tam_0037.wav,Theri padangal mid mission the ID padakunda Rao mathampalayam,tamil
0,tam_0038.wav,Tirupati Hamari bahut hi ladkiyan Anil Mishra Mukhiya,tamil
0,tam_0039.wav,Nandini Sundar silver Ravi Ganesh,tamil
0,tam_0040.wav,IKEA America Vin Tech Park real,tamil
0,tam_0041.wav,yah pagal Aditya Rawal oviyangal karna padega,tamil
0,tam_0042.wav,Tamil Elam aangila padam padam,tamil
0,tam_0043.wav,Ayarpadi and printer Kollam,tamil
0,tam_0044.wav,ramati in Perundurai coronavirus in brother in corrector,tamil
0,tam_0045.wav,sirantha Tamil chol,tamil
0,tam_0046.wav,Oru madam Tere i n terms,tamil
0,tam_0047.wav,tabhi raha hai Adhura an average adhikara purv theorem,tamil
0,tam_0048.wav,Rao ya Qatil very Bandar Theri padathil Rao mathampalayam,tamil
0,tam_0049.wav,your repairing mattam Thalaiva Mein udane wala my parents,tamil
0,tam_0050.wav,inum inum circle Vendum Tamil Tamil sattam,tamil
0,tam_0051.wav,light on in their inaugural oorugalle irukkindrana,tamil
0,tam_0052.wav,anal Aadhar Card Wikipedia,tamil
0,tam_0053.wav,Gopi Ravi Dangal Katkar Kendriya,tamil
0,tam_0054.wav,Eid poranthathu En peraium En peraium En peraium Durai,tamil
0,tam_0055.wav,perinatal Patri katturai kal Theri padangal,tamil
0,tam_0056.wav,Aditya Birla Yuva pateria where thagavalgal Om adhigam Pillai an alarm,tamil
0,tam_0057.wav,suppose you are in the bedroom bangadi Padalgal Kadhal irukkum pothu dictionary,tamil
0,tam_0058.wav,Vijay Kanya kathil Velli banta hai Theri padam Sivaji Ganesan Sujata mathampalayam,tamil
0,tam_0059.wav,Harikrishnan Sahab India Oru perumthiruthi,tamil
0,tam_0060.wav,Balveer karuvigal Pulveli Tangle Balveer se niruvanangal,tamil
0,tam_0061.wav,avarai Patri kurippu average City,tamil
0,tam_0062.wav,Ram ki evergreen parantu Rahi chocolate Pudhu padam Patil illamal Kalam,tamil
0,tam_0063.wav,katturai in Tamil about them entry irukalam,tamil
0,tam_0064.wav,Suriyan Indiran Chandiran vadipatti Melam enbathu number Kai gum,tamil
0,tam_0065.wav,can India win Karnataka manathil Oru Ragam,tamil
0,tam_0066.wav,India Pakistan ilangai Mega problem,tamil
0,tam_0067.wav,final Bengali irukka Vendum,tamil
0,tam_0068.wav,Idhar Ko bijali thand with vah Purvi nikumbh,tamil
0,tam_0069.wav,Apple email on my page Entry Aur udaharan kuthuna,tamil
0,tam_0070.wav,lekin Anaika nodigal Patta model medical irukkindrana India kilange Kannada Singapore,tamil
0,tam_0071.wav,Nalla Tamil mattam,tamil
0,tam_0072.wav,chemo Thani katturai irukka Vendum,tamil
0,tam_0073.wav,Eid irukum aur mukhya Pani,tamil
0,tam_0074.wav,Nigro Mumbai Hukum Makan the market,tamil
0,tam_0075.wav,siru vayathil alakiya Konnagar,tamil
0,tam_0076.wav,Krishnan Panju ya Katil velivantha Vijay Kumar K R Vijaya matrum palar,tamil
0,tam_0077.wav,kin karnon triangle riddle Adam anal Hiremath Tumi Allah,tamil
0,tam_0078.wav,Inga thevai ilai,tamil
0,tam_0079.wav,Aryan Patel dalit ilakiyam kurta number,tamil
0,tam_0080.wav,patriya katturai kannil Theri padangal,tamil
0,tam_0081.wav,cal witkali randall in tulear Man Ka Sila Kaalam,tamil
0,tam_0082.wav,Anjeer in the padangal In A Pickle factory in Ooty with alarm,tamil
0,tam_0083.wav,Samandar aap per Sundar paadal petra sthalam Thanjavur Mavattam till ullathu,tamil
0,tam_0084.wav,Muthuraman kathil Velli Munda Kamal Hassan Sripriya mathampalayam,tamil
0,tam_0085.wav,current Sonata Padal katturai ullathu,tamil
0,tam_0086.wav,Tamil actor thotram valarchi katturai,tamil
0,tam_0087.wav,Salil Chowdhury Aadhar mukiyamana munnodi,tamil
0,tam_0088.wav,Krishnan panjiyak till it Muthuraman Lakshmi mathampalayam Nathula,tamil
0,tam_0089.wav,santhiran wali Pattalam phone number ki id,tamil
0,tam_0090.wav,Shakti Ek Tel Valley Mandir Theri padathil Rajinikanth Sridevi mathampalayam,tamil
0,tam_0091.wav,Tamil circle thirupathigam in room,tamil
0,tam_0092.wav,Tamil a little Kiran the ethical Rama key and Critical,tamil
0,tam_0093.wav,Aadhar ki yatra puri picture Laga,tamil
0,tam_0094.wav,John Terry and Adam code,tamil
0,tam_0095.wav,palatal angle Arumugam psychopath,tamil
0,tam_0096.wav,even column keep new trend in thoda kam album,tamil
0,tam_0097.wav,way to Model a vehicle Vicky ul Huda Selam weather,tamil
0,tam_0098.wav,Puri pagal Pengal ever try Bharti kudi,tamil
0,tam_0099.wav,Eid ul Adha pattiyal Allah,tamil
0,tam_0100.wav,Nigam adipadai kuritha katturai,tamil
0,tam_0101.wav,other ka khaenge Modi comedy gane,tamil
0,tam_0102.wav,Tamil Wikipedia in Hindi,tamil
0,tam_0103.wav,cal Patri katturai Kadhal Thedi parungal,tamil
0,tam_0104.wav,only Jalpari in Brother movie Telugu,tamil
0,tam_0105.wav,IKEA America matrum IKEA rajiyam mirror,tamil
0,tam_0106.wav,Vijay Kanya Dilwale Bandar Italy padathil Sivaji Ganesan Balaji mathampalayam,tamil
0,tam_0107.wav,other creative maatrangal sayyidul lane,tamil
0,tam_0108.wav,Africa will paayum aur r,tamil
0,tam_0109.wav,inkel aur Amiri paunga,tamil
0,tam_0110.wav,Krishnan panjiyak till value and the padathil Muthuraman Sujata mathampalayam Nathula,tamil
0,tam_0111.wav,India Tamil volume nagarangalil edhuvum,tamil
0,tam_0112.wav,Salil Chowdhury RD Telugu,tamil
0,tam_0113.wav,tingaland HK katturai Villivakkam nandraga,tamil
0,tam_0114.wav,Australia manilangal nangavalli Priyamani ramajayam,tamil
0,tam_0115.wav,Indian illegal parlour wooden,tamil
0,tam_0116.wav,Ajoobe podhuvaga Pi n Patil Ullathil Nalla Tamil Chellam,tamil
0,tam_0117.wav,Prasad ya Qatil Billi Bandar padathil Sivaji Ganesan a Nageswara Rao mathampalayam,tamil
0,tam_0118.wav,we are naked Triangle,tamil
0,tam_0119.wav,Sodha Tamilnadu Tel wali Mein petrol ki,tamil
0,tam_0120.wav,Wikipedia will padipadiyaga Mangal Mahila Ravi,tamil
0,tam_0121.wav,Tamil Yevadu come Oru mada mathum thiranthal,tamil
0,tam_0122.wav,in the vidhayak Till till till naalum En padal in aalosanai,tamil
0,tam_0123.wav,easy and other Tanik Pata Kare Matra mein,tamil
0,tam_0124.wav,Agar kalpesu Mori Ganam Oru dravida mozhigal Enna,tamil
0,tam_0125.wav,don't niruvanangal kuritha katturai padangal,tamil
0,tam_0126.wav,angle Patri katturai Kadhal Thedi Padalgal,tamil
0,tam_0127.wav,eneno tamilnattil Urdu point Patil irukum sole,tamil
0,tam_0128.wav,Amitabh Uttar hi Nokia hai aur Bhakti Sharda bahut Tapi river come,tamil
0,tam_0129.wav,trans not a chair and the over power,tamil
0,tam_0130.wav,Nangal bandh Nangal private retiring room in Runner,tamil
0,tam_0131.wav,Balachander Yeh Qatil velivantha padathil Rajinikanth Kamal Haasan matrum palar,tamil
0,tam_0132.wav,Krishnan matrum 5 Green Valley padathil Gemini Ganesan Saroja Devi matrum palar,tamil
0,tam_0133.wav,putida Hai Oru Pakkam Varava Kalam Sivakumar,tamil
0,tam_0134.wav,IKEA America Vin kirik pagal,tamil
0,tam_0135.wav,yah Kanave fine badhta Pattu irukum edam nikhilam,tamil
0,tam_0136.wav,Peter Bhumi Intezar irukka Vendum endru Nangal vilambi Nal Maa TV Dangal,tamil
0,tam_0137.wav,Nalla soti Nalla karuthukkal silver,tamil
0,tam_0138.wav,Jaya mathia Katil velivantha padathil,tamil
0,tam_0139.wav,Pudhu padangal kurta katturai padangal,tamil
0,tam_0140.wav,eneno pada hai vadagal yaar,tamil
0,tam_0141.wav,silver aanal Illai Dangal Allah,tamil
0,tam_0142.wav,Ijjat ilakkiyam in Tamil ilakkiyam Irandam in katturai paruvakalam,tamil
0,tam_0143.wav,Coimbatore Mavattam Amma vanthu,tamil
0,tam_0144.wav,you know every day every girl,tamil
0,tam_0145.wav,Nadan Yeh Qatil velivantha padathil Anand KR Vijaya mathampalayam,tamil
0,tam_0146.wav,dalit in Brother Telugu in Dinakaran,tamil
0,tam_0147.wav,ichal Nigam problem Patil irukindra,tamil
0,tam_0148.wav,Gopi ka tel on my Kalam,tamil
0,tam_0149.wav,India will adipatta both sutrum album,tamil
0,tam_0150.wav,Sujatha cricket mirror m,tamil
0,tam_0151.wav,very Oru Kaalam aagum irukalam,tamil
0,tam_0152.wav,Eid kurta matrathai katturaigal sayyidul line,tamil
0,tam_0153.wav,Hindi English mein Paisa padam movie,tamil
0,tam_0154.wav,lucky I'm in rubber group Wikipedia will Pillai,tamil
0,tam_0155.wav,Russia Kota Mein pin Poriya Thalaiva award,tamil
0,tam_0156.wav,IKEA America win but America pagal,tamil
0,tam_0157.wav,America Maloom Villa Kangal Anjal sirikiren,tamil
0,tam_0158.wav,parents Tamil Wikipedia will Mukhiya,tamil
0,tam_0159.wav,Upar Katti Vendum in rate 200,tamil
0,tam_0160.wav,Kiran dhande kal Mumbai mayuranathar mattam,tamil
0,tam_0161.wav,Ek patriya Varalaru kurippugal ki,tamil
0,tam_0162.wav,Srinivasan Yeh Qatil velivantha padathil Rajan Jayanti mathampalayam Nathula,tamil
0,tam_0163.wav,Motu Dangal patriya katturai Kadhal Padalgal,tamil
0,tam_0164.wav,Arnold Eid mudintha Kathai Alla,tamil
0,tam_0165.wav,padam Tamil noolgal nongra perumpadappu,tamil
0,tam_0166.wav,Vijay En kathil velivantha Theri padathil Sivaji Ganesan KR Vijaya mathampalayam,tamil
0,tam_0167.wav,very nadergul if it's fine but the weather,tamil
0,tam_0168.wav,Jingle Park Vendum,tamil
0,tam_0169.wav,niche Magar ki Moondram and model ki mudra,tamil
0,tam_0170.wav,Madhavan ya Qatil velivantha padathil Sivaji Ganesan Soga Padal,tamil
0,tam_0171.wav,Ravi Oru Sila katturaigal,tamil
0,tam_0172.wav,arbitrium orathil,tamil
0,tam_0173.wav,spinner code in any company,tamil
0,tam_0174.wav,Kannan Pillai Kannan films,tamil
0,tam_0175.wav,bhai Rupa malaysia-singapore Akhiyan Moondru Tamil Nadu,tamil
0,tam_0176.wav,Muthuraman Eka thili Bhala thili padathil Jaishankar Kamal Hassan padam,tamil
0,tam_0177.wav,Gopalakrishnan Ek Katil very 13 padathil Jai Shankar naditha padam,tamil
0,tam_0178.wav,Prakash Rao Yeh Qatil velivantha padathil Gemini Ganesan Rao mathampalayam,tamil
0,tam_0179.wav,current weather where ur in train,tamil
0,tam_0180.wav,Bhumi in Badhai movie in Mathra and grain,tamil
0,tam_0181.wav,anal Eid mood in the mediaeval Allah,tamil
0,tam_0182.wav,Anna Thangi in the movie,tamil
0,tam_0183.wav,Aam legal political,tamil
0,tam_0184.wav,Rajendran ya Qatil velivantha Jaishankar KR Vijaya pattampalayam,tamil
0,tam_0185.wav,parlour Puthiya Padalgal in 12 nambikkai,tamil
0,tam_0186.wav,Apollo Enna seivathu Oru katturai mathram Wiki,tamil
0,tam_0187.wav,Sina Mariam ka Sina circle uruvakuvathu,tamil
0,tam_0188.wav,Balu Yeh Qatil Billi Munda Kamal Hassan Ashokan mathampalayam,tamil
0,tam_0189.wav,Rajendran ya Qatil velivantha padathil s,tamil
0,tam_0190.wav,colour wheel kuritha katturai padangal,tamil
0,tam_0191.wav,yaar Panda Arasan ilangai acchi,tamil
0,tam_0192.wav,M S Subbulakshmi Carnatic Kalinga,tamil
0,tam_0193.wav,bahut chinnangal kuritha katturai padangal,tamil
0,tam_0194.wav,pothu Enna pathil Oru Poo mathram,tamil
0,tam_0195.wav,Kudi pagal pagal Aurat Tamil ilakkiyam,tamil
0,tam_0196.wav,Krishnan ya Qatil velivantha padathil,tamil
0,tam_0197.wav,hidden adipadai pin Varum 58 airport,tamil
0,tam_0198.wav,Murugan anumati Pera in thevai Illa Nee Enge Kura Pattu,tamil
0,tam_0199.wav,Sridhar Rao ya Qatil velivantha padathil Nageswara Rao mathampalayam,tamil
0,tam_0200.wav,India win Tamilnadu Manila Thanjavur Mavattam,tamil
0,tam_0201.wav,movie Mani Neram Nalla Neram Enna mathulam Sivakumar,tamil
0,tam_0202.wav,Carnage in kelvi Shiva uruvakuvathu Matam Allah,tamil
0,tam_0203.wav,yaar Panda Pal Gale Kala Til Kala Til kavithai nadagam katturai,tamil
0,tam_0204.wav,little Singham katturaigal,tamil
0,tam_0205.wav,enendral Jelena digal vilayattu veerargal Patri katturai Kal,tamil
0,tam_0206.wav,Srinivasan ya Qatil velivantha padathil Gemini Ganesan KR Vijaya mathampalayam,tamil
0,tam_0207.wav,Tavera mailam seelapadi nilai medical thiyam,tamil
0,tam_0208.wav,Krishnan Panju Yeh Qatil Vitamin D3 padathil Vijayakumar Sujatha mathampalayam,tamil
0,tam_0209.wav,Aadhar Card Purulia in Tamil,tamil
0,tam_0210.wav,IKEA America Vin and Atlantic manilangal,tamil
0,tam_0211.wav,Balu ya Qatil velivantha Theri padathil Kamal Hassan Sridevi mathampalayam,tamil
0,tam_0212.wav,add port in katturai material Kalam,tamil
0,tam_0213.wav,Chennai nagaril odum Oracle,tamil
0,tam_0214.wav,bahut chinnangal Patri katturai Kadhal Thedi parungal,tamil
0,tam_0215.wav,ellorukkum yelam kidaikkum nilai airport,tamil
0,tam_0216.wav,Wikipedia final Balaji matrum Selva today,tamil
0,tam_0217.wav,Taniya ki mulam Sila Neram katturai uruvakum,tamil
0,tam_0218.wav,Rajendran kathil velivantha padathil Rajendran Thangavelu matrum palar,tamil
0,tam_0219.wav,in the year Kai badam n MGR,tamil
0,tam_0220.wav,in the old Magarpatta Ramayana Gramam,tamil
0,tam_0221.wav,anal siver samay 3 Kuri Padalgal Allah,tamil
0,tam_0222.wav,sural in result,tamil
0,tam_0223.wav,aanalum Neer ennodu irukkum idathil siruvar Padalgal,tamil
0,tam_0224.wav,cal ennaalum wali andradam,tamil
0,tam_0225.wav,katturai Thalattu padal angulam Tamil Wikipedia,tamil
0,tam_0226.wav,sarkala real Patri katturai Theri padangal,tamil
0,tam_0227.wav,nnl Pudhu acham enbathu pothu Vanakkam in Tripura padam,tamil
0,tam_0228.wav,your Gautama Buddha both illegal in your Miranda,tamil
0,tam_0229.wav,Mega Nalla Oru Mariyathai,tamil
0,tam_0230.wav,matawadi animal Pada Punya katturaigal uruvagi Mahila Kiran,tamil
0,tam_0231.wav,Shakti Ek 12313 padathil Kamal Hassan Sridevi mathampalayam,tamil
0,tam_0232.wav,ganitatil Kulam in brother,tamil
0,tam_0233.wav,Prakash ya Katil video 13 padathil are,tamil
0,tam_0234.wav,Unakku Enna padam ullathu,tamil
0,tam_0235.wav,IKEA Ranchi Hotel munnal Prathama Pawar,tamil
0,tam_0236.wav,Sivaji Ganesan Narasimha Bharati Girija,tamil
0,tam_0237.wav,nilavaram paalooti aur villain Agam,tamil
0,tam_0238.wav,sanmugam ya Katil velivantha Rajan mathampalayam,tamil
0,tam_0239.wav,manathil ahmadullah Nilgiri Mavattam irukum oor Ragam,tamil
0,tam_0240.wav,veeramadevi Narayan ine room carpet ramadevar keep,tamil
0,tam_0241.wav,angular mukhya Koyal girl Sila,tamil
0,tam_0242.wav,Home Garden ilakkiyam arimugam Enna theriyathu,tamil
0,tam_0243.wav,Namak Cricket come vanoli matrum tholaikatchi nigalchigal in the vanoli alaigal,tamil
0,tam_0244.wav,ulagin miga Periya Nadu,tamil
0,tam_0245.wav,India Mark II and legal Puri Jal Devi,tamil
0,tam_0246.wav,Ajay kurit Tani Pata level in aquarium,tamil
0,tam_0247.wav,Krishnan ya Qatil value in the eatery padathil Gemini Ganesan Soga Padal,tamil
0,tam_0248.wav,mailam patriya thagavalgal I am Gulf kakkattil Mandal Pathri Arya dance,tamil
0,tam_0249.wav,either way I repair win Irandam Ulagam album,tamil
0,tam_0250.wav,Adithya Unakku piditha Pathu Pathu Kulla Oru Varthai,tamil
0,tam_0251.wav,ovary Salim Oru porul Patri airport today,tamil
0,tam_0252.wav,shanmugan Yeh Qatil velivantha padathil Kamal Hassan Jayachitra matrum palar,tamil
0,tam_0253.wav,kilinochchi man beta Tel ahmadullah aur hudavi song adhibar Villivakkam,tamil
0,tam_0254.wav,on pen ulaviyal Re Deewana Hue pagal,tamil
0,tam_0255.wav,kishkinda ilakkanam on Gila song,tamil
0,tam_0256.wav,iruppidam V Dangal movie girl no Eagle in angle angle Tamil Padalgal Tamil try petroleum original irukum,tamil
0,tam_0257.wav,ivargal Tamil maanila 3 Udan Mahima syrup vittavargal Allah,tamil
0,tam_0258.wav,Nal in badam Nakshatram in badam Andre,tamil
0,tam_0259.wav,Ithu Pola Maloom Pada katturaigal,tamil
0,tam_0260.wav,Sivakumar Salem in weather in current,tamil
0,tam_0261.wav,Janam Patri katturai kal teddy parungal,tamil
0,tam_0262.wav,ING Mari Mari Se Kam Nahin Re,tamil
0,tam_0263.wav,nigal Urdu Salam,tamil
0,tam_0264.wav,Balu Yeh Qatil velavan the eatery padathil Sivaji Ganesan Soga Padal,tamil
0,tam_0265.wav,Neer nilaigal for Ulagam album,tamil
0,tam_0266.wav,Krishnan ya Katil vala Vantha edathil Jay Shankar Lakshmi matrum palar,tamil
0,tam_0267.wav,Iyer India Viduthalai poratta veerar,tamil
0,tam_0268.wav,Shakti Ek Tel velivantha padathil Kamal Hassan Kanchana 3 padam,tamil
0,tam_0269.wav,silver Pongal in current train,tamil
0,tam_0270.wav,Tiranga moolam Intha porattam Kalam,tamil
0,tam_0271.wav,Shani Mangal in n Patel in weather Vicky thittam thanimangal in Urdu,tamil
0,tam_0272.wav,Tamil kuritha katturai Padangal,tamil
0,tam_0273.wav,anal Wikipedia other 200mm Allah,tamil
0,tam_0274.wav,in that OK Google porattathil Mudhal Kadhal endra Salam,tamil
0,tam_0275.wav,abe train model in Palakkad Aashiyana Duggal marunthugal,tamil
0,tam_0276.wav,Eid Dhruva patriya katturai,tamil
0,tam_0277.wav,Katre En Thalaiva Tamil come in Mumbai mailam viruthasalam,tamil
0,tam_0278.wav,Rajendran 1 12813 padathil Sivaji Ganesan Soga mathampalayam,tamil
0,tam_0279.wav,Pari oviyangal kuritha katturai Kodangal,tamil
0,tam_0280.wav,Mudiyum Naalai parents,tamil
0,tam_0281.wav,Thirukural varigal Tamil Wiki noolgal,tamil
0,tam_0282.wav,Parsi comedian aur where vadagam,tamil
0,tam_0283.wav,Gopalakrishnan still relevant padathil Gemini Ganesan Jayalalitha mathampalayam,tamil
0,tam_0284.wav,Bhanu telibandha Telugu Kamal Hassan Sujatha,tamil
0,tam_0285.wav,are Kala Til europium Ayyappa why,tamil
0,tam_0286.wav,idhar Kapoor aur Vidhi uruvakum Mudiyathu endru ninaikiren,tamil
0,tam_0287.wav,Tamil Patri katturai Theri padangal,tamil
0,tam_0288.wav,yelam Kiran moolam Allah,tamil
0,tam_0289.wav,Tamil Nadu Erode mavatta Thillai Nagar,tamil
0,tam_0290.wav,advocate under the court in circle Tamil Nadu portal,tamil
0,tam_0291.wav,can Michael Idhu Varai illatha arimugam mein,tamil
0,tam_0292.wav,anyway Kalai matrum putham Pudhu Vellai,tamil
0,tam_0293.wav,Kiran Kumari India will Andhra Pradesh Manila till adigalar will face,tamil
0,tam_0294.wav,Tamil acham thodarbana katturai,tamil
0,tam_0295.wav,Gopalakrishnan Sagar Janaki mathampalayam,tamil
0,tam_0296.wav,Sridhar ya Qatil very 13 padathil Kamal Haasan Rajinikanth padam padam,tamil
0,tam_0297.wav,I will arumbu Haryana,tamil
0,tam_0298.wav,Jeevitha Veera Tani Mangal in n Patel where ullathu,tamil
0,tam_0299.wav,innum Sila naatkal is a very padati Viren Sivakumar,tamil
0,tam_0300.wav,paarai oviyangal Patri katturai Theri padangal,tamil
0,tam_0301.wav,IKEA American article in 10 manilangal,tamil
0,tam_0302.wav,Wikipedia katturai Arya in katturai padangal,tamil
0,tam_0303.wav,aap per Sundar Samandar paadal petra Shiva,tamil
0,tam_0304.wav,Bidai ka gana,tamil
0,tam_0305.wav,total udagangal kuritha katturai third angle,tamil
0,tam_0306.wav,mailam naaval Tamil Allah,tamil
0,tam_0307.wav,Shiva rudraya thanthayin number over every trial Edward airport,tamil
0,tam_0308.wav,aanal kalikkalam katturai avasiyam,tamil
0,tam_0309.wav,Anil silver Villa Kangal Arab Memorial karna padega,tamil
0,tam_0310.wav,Balachander ya Qatil vala Vantha edathil Sivaji Ganesan KR Vijaya padam,tamil
0,tam_0311.wav,Oru arimugam katturai Pillai,tamil
0,tam_0312.wav,Sundaram Aag urine ya Qatil velivantha padathil durairaj mathampalayam,tamil
0,tam_0313.wav,Nirahua ka gana Mangal ine n Patel irukirar,tamil
0,tam_0314.wav,Tulu movie,tamil
0,tam_0315.wav,in the sutrum sutrum album,tamil
0,tam_0316.wav,Muslim girl arrival Allah ine I can,tamil
0,tam_0317.wav,Balachander Yeh Qatil Billi 13 padathil Jai Ganesh Sujata mathampalayam,tamil
0,tam_0318.wav,kilinochchi mavattathil Ulla Oru Nagaram Agam,tamil
0,tam_0319.wav,mudhalum neutron till 10 India will only in Warangal,tamil
0,tam_0320.wav,IKEA America nadergul maja kare,tamil
0,tam_0321.wav,Shiva Kung Fu naatin Mudhal Viduthalai poratta veerar,tamil
0,tam_0322.wav,Nan ever Oruvar Purvi uruvakuvathu Aryan,tamil
0,tam_0323.wav,total udagangal Patri katturai Kadhal Thedi Padalgal,tamil
0,tam_0324.wav,ilangai in brother your Panam mattum Alla,tamil
0,tam_0325.wav,udayathara Gai Tamil Patrika,tamil
0,tam_0326.wav,Nandri 3 silver mathuravi avargale,tamil
0,tam_0327.wav,epic upalpada katturaigal,tamil
0,tam_0328.wav,Ramasamy Pillai Subramanya bhagavata Raja Ji,tamil
0,tam_0329.wav,India ilangai pondra nadergul karna padega,tamil
0,tam_0330.wav,Tani villangam bol dena number giren,tamil
0,tam_0331.wav,in the Sutra till Gautama Buddha Nigam Mandiram,tamil
0,tam_0332.wav,Krishnan Panch velivantha padathil Muthuraman KR Vijaya mathampalayam,tamil
0,tam_0333.wav,Telugu Desam Kachi Indian hotel arasiyal Kachi faagun,tamil
0,tam_0334.wav,Ravi Nikka Vendum endru ennil ninnakalum,tamil
0,tam_0335.wav,mudinthal Telugu katturaigal Seth padangal,tamil
0,tam_0336.wav,your Tamil Telugu Malayalam Kannada Hindi Oggy model,tamil
0,tam_0337.wav,aur Madhuri ki taraf,tamil
0,tam_0338.wav,middle IKEA America more than my brother,tamil
0,tam_0339.wav,in the vithayathil period in irukathu,tamil
0,tam_0340.wav,Perumal Katil very 13 padathil,tamil
0,tam_0341.wav,Sundaram Yeh Qatil velivantha 3 padathil Sivaji Ganesan Narasimha Bharati mathampalayam,tamil
0,tam_0342.wav,kasiya pin Varum Nadu,tamil
0,tam_0343.wav,ekka try other Ne ready modified,tamil
0,tam_0344.wav,moolakkuru mep company email id pata,tamil
0,tam_0345.wav,yeah Kanave Oru Sila katturai ekadam irikkan Runner,tamil
0,tam_0346.wav,onel overall epadi iruka mudiyavillai,tamil
0,tam_0347.wav,Jingle Pandya Tamil Kadhal Kadhal thiruvizha in katturai,tamil
0,tam_0348.wav,Kala pokkil in the Ruth Marine Twitter,tamil
0,tam_0349.wav,Gopalakrishnan ya Qatil very 13 padathil Vijayakumar Sujatha mathampalayam,tamil
0,tam_0350.wav,bahut Thakur katturai buddham thodarbana karunga,tamil
0,tam_0351.wav,aap per samander Sundar movie padam padal petra Salem Mavattam,tamil
0,tam_0352.wav,Muthuraman ya Qatil wedding 3 padam Sivaji Ganesan Sripriya matrum palar,tamil
0,tam_0353.wav,ever try War on Driver Ki Zindagi Dangal,tamil
0,tam_0354.wav,10 manilangal mega Priya Mani Ramana Andhra Pradesh India win enthavadu Priyamani,tamil
0,tam_0355.wav,Muthuraman Tel wedding vendor Theri padathil Kamal Hassan Sumitra matrum palar,tamil
0,tam_0356.wav,aur edit Karte covid-19 theorem,tamil
0,tam_0357.wav,diopside Ya Maro Muri tharangal,tamil
0,tam_0358.wav,Wikipedia never come Panipat,tamil
0,tam_0359.wav,Shiva vimarshanam nadagam Katrina,tamil
0,tam_0360.wav,Nagpuri Pita Budhwa nakaratmak mein,tamil
0,tam_0361.wav,advik Mangal bar puzhakkal,tamil
0,tam_0362.wav,aanal Megham Pudhu padam Enga Veetu Pillai,tamil
0,tam_0363.wav,Babu yah Katil Badi banta hai tere padathil Madhuri Devi matrum palar,tamil
0,tam_0364.wav,Vinod in the katturai,tamil
0,tam_0365.wav,katturai nallavara cheap room in ananthagiri,tamil
0,tam_0366.wav,see the ya Qatil wedding vendor 3 padathil rail Srikanth mathampalayam Nathula,tamil
0,tam_0367.wav,Krishnan Panchayat video 13 padathil Kamal Hassan Madhuri matrum palar,tamil
0,tam_0368.wav,vignanam Tamil chol Pillai in,tamil
0,tam_0369.wav,other meendum on the arm airport to irukindra,tamil
0,tam_0370.wav,Vijay and still believe it theory padathil Sivaji Ganesan Soga Padal,tamil
0,tam_0371.wav,vada vada,tamil
0,tam_0372.wav,I am brother we are in Badhai 11,tamil
0,tam_0373.wav,samander aap per Sundar paadal petra sthalam Madurai Mavattam till,tamil
0,tam_0374.wav,Tirupati Hamari Madan Mayana tibati market Paisa padam Oru Ragam,tamil
0,tam_0375.wav,Neelam payanangal Vendum,tamil
0,tam_0376.wav,India will perumpalam Telugu Pasand pagali in matriculation,tamil
0,tam_0377.wav,anyway it is a padam Tamil Allah,tamil
0,tam_0378.wav,europium real Google,tamil
0,tam_0379.wav,India Tora Lagal Samantha Patta Ami pagal Chennai,tamil
0,tam_0380.wav,Eid muthalum Orissa banaile katturai,tamil
0,tam_0381.wav,Mayura Nadan virivana critical Nandri,tamil
0,tam_0382.wav,Rahman ya Qatil velivantha padathil Ramudu matrum palar,tamil
0,tam_0383.wav,Veri Nanna circle arindhaal Trivikram,tamil
0,tam_0384.wav,vigyanam vadamalli in silico Alam anal arivial sayanapuram,tamil
0,tam_0385.wav,Shankar Mahadevan padathil Kamal Hassan Sripriya mathampalayam medical,tamil
0,tam_0386.wav,Balachander ya Qatil velivantha padathil Gemini Ganesan Soga Padal,tamil
0,tam_0387.wav,Bada Ireland is Ikea Ranchi 10,tamil
0,tam_0388.wav,Karnataka manathil Oru Arabi Ragam,tamil
0,tam_0389.wav,Krishnan Yeh Qatil velavan the eatery padathil premnazeer mathampalayam,tamil
0,tam_0390.wav,Yaariyan santhegam endral Dangal picture Dangal,tamil
0,tam_0391.wav,is enabling are udharanam Andre perfume,tamil
0,tam_0392.wav,Anand Puri Pita padam in weather Oru Padam Allah,tamil
0,tam_0393.wav,Sanjay Gayi in weather till November 16,tamil
0,tam_0394.wav,ovary katturai Palam Urai thirutham,tamil
0,tam_0395.wav,in the united Salem Tamil Nadu,tamil
0,tam_0396.wav,ningol Mawa try muttolam,tamil
0,tam_0397.wav,10 India kuritha katturai Kodangal,tamil
0,tam_0398.wav,Eppadi itne Katri girl in a window,tamil
0,tam_0399.wav,Tamil Wikipedia will kurungot Regal Perumal,tamil
0,tam_0400.wav,every other aaraichi Nilayam America will Iran,tamil
0,tam_0401.wav,Gopalakrishnan still very 13 padathil Rajan matrum palar,tamil
0,tam_0402.wav,Hong Kong capital,tamil
0,tam_0403.wav,aang Tamil Urai Thalaiva petra,tamil
0,tam_0404.wav,Ayya Tamil theatre,tamil
0,tam_0405.wav,Warangal Patri katturai Kadhal Thedi parungal,tamil
0,tam_0406.wav,Nadan Yeh Qatil velivantha padathil,tamil
0,tam_0407.wav,Soumya Katil vala Vantha edathil Gemini Ganesan Padmini matrum padam,tamil
0,tam_0408.wav,idhar Perambur my inum Konda Oru aagayam,tamil
0,tam_0409.wav,then India patriya Kathaigal Theri padangal,tamil
0,tam_0410.wav,ennil Nee illenkil in Allah,tamil
0,tam_0411.wav,Erode Mavattam katturaigal maatrangal meghanand,tamil
0,tam_0412.wav,ING courier Palakkad artical udane Pade,tamil
0,tam_0413.wav,anal other hour repair ilai,tamil
0,tam_0414.wav,then Korea kuritha katturai Pongal,tamil
0,tam_0415.wav,Africa in Badhai Africa in Trivandrum,tamil
0,tam_0416.wav,India playing 11 today,tamil
0,tam_0417.wav,Aadil Andre HK TV Agam,tamil
0,tam_0418.wav,I Robot Tamil Nadu,tamil
0,tam_0419.wav,Muthu padathil Jai Ganesh Sumitra mathampalayam,tamil
0,tam_0420.wav,Vastu Shastra kuritha katturai padangal,tamil
0,tam_0421.wav,Anil Rajasthan mukhyamantri,tamil
0,tam_0422.wav,can India win Kerala Manila till aur r,tamil
0,tam_0423.wav,indoor Arena Veri Madhuri Salam,tamil
0,tam_0424.wav,upper samander Sundar padal petra Kala MahaKumbh,tamil
0,tam_0425.wav,pivotal selakui in the room anal Kala Tel khatam,tamil
0,tam_0426.wav,then Korea Patri katturai Kadhal Thedi parungal,tamil
0,tam_0427.wav,Tamil Eelam Enna padam Oru Nadu,tamil
0,tam_0428.wav,idhar vah purv not thagaval Iran Mein katturai in Tamil,tamil
0,tam_0429.wav,in the trial very when the original vivarangal,tamil
0,tam_0430.wav,angle angle angle,tamil
0,tam_0431.wav,in the I will Vikram circle Patria I will Ally,tamil
0,tam_0432.wav,Teri Yad mukkiyathuvam katturaigal kuritha katturai padangal,tamil
0,tam_0433.wav,Krishnan kathil Velli Chittu Sivakumar Sujatha mathampalayam,tamil
0,tam_0434.wav,in the novel Garden Patel erkanave Tamil Wiki,tamil
0,tam_0435.wav,Wikipedia final Gopi silver matrum Sindhu Odia,tamil
0,tam_0436.wav,Vastu Shastra Ram Patri katturai Theri padangal,tamil
0,tam_0437.wav,Muthuraman Yeh Qatil velivantha padathil Kamal Hassan Sujatha matrum padam,tamil
0,tam_0438.wav,vallalar thaniyaga orathil Satyam Gyan insider,tamil
0,tam_0439.wav,anchor Suma in the word angle Kadam Janam Purandar,tamil
0,tam_0440.wav,indiavin vadakilaku manilangal on Ragam,tamil
0,tam_0441.wav,ilm bhai Jile Kabhi dekh lena,tamil
0,tam_0442.wav,varapuzha not Iraq Iraq war main katturai in Tamil,tamil
0,tam_0443.wav,Bharat Chandra ya Katil velivantha padathil Kamal Haasan Rajinikanth padam,tamil
0,tam_0444.wav,Tamil victionary Hill Mundu Pora Bengali pagal,tamil
0,tam_0445.wav,Eid ul ennil Oru Murukku Enna vilai,tamil
0,tam_0446.wav,ningal Puthiya katturai uruvakuvathu kand makilchi,tamil
0,tam_0447.wav,Iam not in virumbugiren,tamil
0,tam_0448.wav,Teri Yad Mein mukkiyathuvam katturaigal Patri katturai Theri padangal,tamil
0,tam_0449.wav,Maurya Hotel inner circle irukkirathu in naamkaran,tamil
0,tam_0450.wav,Tamil Wikipedia Oru koottu uruvakum in,tamil
0,tam_0451.wav,indo-european marikurumbe,tamil
0,tam_0452.wav,Shankar Mahadevan Jai Ganesh Muthuraman mathampalayam,tamil
0,tam_0453.wav,parents Eid ul,tamil
0,tam_0454.wav,Tamil Nalla Madhuri sirappu katturai,tamil
0,tam_0455.wav,Kannada NATA padal katturai Oru Nalla Ullam,tamil
0,tam_0456.wav,Kovai India aur Tamil coming year,tamil
0,tam_0457.wav,Ratan Kavithai matrum Patti,tamil
0,tam_0458.wav,TamilRockers Ayyappa Devaya India f**********,tamil
0,tam_0459.wav,Thai vazhthu Ravi,tamil
0,tam_0460.wav,sorry say that when the grain,tamil
0,tam_0461.wav,Haryana Tamil padam Puri album,tamil
0,tam_0462.wav,Sridhar kathil Velli Chittu padathil Sivaji Ganesan Vijaya matrum palar,tamil
0,tam_0463.wav,Gopalakrishnan till wedding padathil Sivaji Ganesan KR Vijaya matrum palar,tamil
0,tam_0464.wav,Matric Critical Angle,tamil
0,tam_0465.wav,Iraq very suddenly alarm Ola,tamil
0,tam_0466.wav,Bangalore naan ariven,tamil
0,tam_0467.wav,IKEA America Vin Mein ruk pokhriyal,tamil
0,tam_0468.wav,silver colour currency 18 and it will avashya Malai Dan,tamil
0,tam_0469.wav,atode Sila Kangal rendum irukalam,tamil
0,tam_0470.wav,Samandar aap per Sundar movie padam padal petra sthalam Pudukkottai Mavattam till,tamil
0,tam_0471.wav,Eid aur Upar Ja Koyal are home,tamil
0,tam_0472.wav,Samandar aap per Sundar paadal petra sthalam Erode mavatta tel,tamil
0,tam_0473.wav,Tamil Wikipedia in Palakkad to Regal ennidathil,tamil
0,tam_0474.wav,ilakkanam Telugu ilai,tamil
0,tam_0475.wav,nigal student katturaigal I can't makdachi,tamil
0,tam_0476.wav,Thai endra sollin porul sudhandhira manidhar in badagaon,tamil
0,tam_0477.wav,santhiran kathil velivantha Theri padathil Ganesan mathampalayam,tamil
0,tam_0478.wav,Windows kurugal kuritha katturai padangal,tamil
0,tam_0479.wav,anyway it Dangal in padon Eden Garden in Haryana,tamil
0,tam_0480.wav,Arnold Wikipedia 17 vertically kalanchiyam,tamil
0,tam_0481.wav,ningal Oru payanam khanakai uruvakuvathu,tamil
0,tam_0482.wav,Pathri Nan Wiki Ram orathil,tamil
0,tam_0483.wav,Krishnan ya Qatil very 13 padathil,tamil
0,tam_0484.wav,irappa will iruku dene Ram in Re kapda,tamil
0,tam_0485.wav,Tamil Sila nerangalil punarjivit eagle kuruppam,tamil
0,tam_0486.wav,Soumya Katil velivantha padathil Sivaji Ganesan in,tamil
0,tam_0487.wav,ethanol Ether adhigam Egypt country,tamil
0,tam_0488.wav,Epic Pilla pradan katturai ilakiyam,tamil
0,tam_0489.wav,bhai Gunda Raja Jungle Ke Sher,tamil
0,tam_0490.wav,is krypton Selvam in Perundurai,tamil
0,tam_0491.wav,Tamil movie there circle Konda movie,tamil
0,tam_0492.wav,other Nee En Pillai,tamil
0,tam_0493.wav,niche kam katturaigal Kudi padam Vendum,tamil
0,tam_0494.wav,car in katturai in Ratlam,tamil
0,tam_0495.wav,Nakkeeran thodarchi a gaye in the William thodarbana katturaigal,tamil
0,tam_0496.wav,Vijayakanth India Malayalam movie,tamil
0,tam_0497.wav,Vishala circle,tamil
0,tam_0498.wav,Suriyan body butter Talam in weather,tamil
0,tam_0499.wav,Krishnan Yeh Qatil and Sivaji Ganesan NS Krishnan mathampalayam,tamil
0,tam_0500.wav,yeah Kanave find Bharti varugirar,tamil
0,tam_0501.wav,pit angle Patri katturai Theri padangal,tamil
0,tam_0502.wav,mudinthal America Minion Jal side Padalgal,tamil
0,tam_0503.wav,Windows kurugal Patri katturai Theri padangal,tamil
0,tam_0504.wav,America wale adimakal bijali para tukel Patra vithurayachi Nagari valuator,tamil
0,tam_0505.wav,Tamil Hotel Minerva in digital kalanidhi in padam,tamil
0,tam_0506.wav,Madhavan actor till will even though it's padathil Ravichandran KR Vijaya matrum palar,tamil
0,tam_0507.wav,Motiram Vidya Samana Mare chikal Angana,tamil
0,tam_0508.wav,Anya maatrangal endra ondrai irupathal Banda Vinay,tamil
0,tam_0509.wav,aanalum Dravid kattida Kalai in Bade ennam Puthu Ulagam,tamil
0,tam_0510.wav,pivotal non Aditya Palakkad to Kollam adakkam,tamil
0,tam_0511.wav,Gopalakrishnan still believe in the three padathil Muthuraman Sripriya mathampalayam,tamil
0,tam_0512.wav,ethnic to Munnar page pathippagam,tamil
0,tam_0513.wav,Nandri Ravi Mangal Kari theatrical green,tamil
0,tam_0514.wav,add veroor Army Arnold,tamil
0,tam_0515.wav,avaru done in the and girl very funny at river,tamil
0,tam_0516.wav,mailam kalikkalam Airtel kudathu,tamil
0,tam_0517.wav,Mohan pictures Nirgun itinerant people believe under a tree padathil G Srinivasa Rao matrum palar,tamil
0,tam_0518.wav,Vaanam in Kannada till Kannada,tamil
0,tam_0519.wav,Parivahan Nigam Patra noolgal in Patel,tamil
0,tam_0520.wav,under my chin Aarambh Thali Varam every,tamil
0,tam_0521.wav,thagaval sar noolgal irukkindrana,tamil
0,tam_0522.wav,Nangal courier on my,tamil
0,tam_0523.wav,Pila Betal adhigam Tamil Enna Kora pambaram,tamil
0,tam_0524.wav,katturai Arkham samooham kolgaigal Tamil Wikipedia win aur mukhya Amazon,tamil
0,tam_0525.wav,Gopalakrishnan kathil Velli Malai Theri padathil NS Krishnan matrum padam,tamil
0,tam_0526.wav,United I am Syed,tamil
0,tam_0527.wav,idhar Oru Iravu patriya katturai viruthu dabana kalanthu,tamil
0,tam_0528.wav,IKEA Ranchi Ameer Pori avittathur,tamil
0,tam_0529.wav,Appu Pal Purulia arangal patriya katturai adangum,tamil
0,tam_0530.wav,tapori trance nortel vanthirukirar,tamil
0,tam_0531.wav,nadaniya kathil Velli vanthu padathil Jay Shankar Lakshmi mathampalayam,tamil
0,tam_0532.wav,Dabang sahab ke ghante ki Dam,tamil
0,tam_0533.wav,Hariya Pata sylhet in Marwadi bangle,tamil
0,tam_0534.wav,sanmugam and repairing album wirathu,tamil
0,tam_0535.wav,Balaji Singh ya Qatil wali band hai teri padathil Ramaswami matrum palar,tamil
0,tam_0536.wav,angular Wikipedia will Khuda Ne rayavadee Mata,tamil
0,tam_0537.wav,senior area solar Apollo Munich,tamil
0,tam_0538.wav,katril kaanum kaanum Neram,tamil
0,tam_0539.wav,Eid Samantha upper paadal petra Sivalayam,tamil
0,tam_0540.wav,samander Sundar are herein paadal petra sthalam Pudukkottai Mavattam,tamil
0,tam_0541.wav,Aero irukurathu vendam enthan,tamil
0,tam_0542.wav,Krishnan 5 ya Qatil velivantha padathil muthulakshmi mathampalayam Nathula,tamil
0,tam_0543.wav,dravida mozhigal mukiyamana Hue Tamil Telugu Kannada Malayalam in unavagam,tamil
0,tam_0544.wav,Iyer India Viduthalai poratta veerar,tamil
0,tam_0545.wav,Pengal sudhandhiram varavendum Enna Piriya William Bina,tamil
0,tam_0546.wav,Kannada article in Kannada padam,tamil
0,tam_0547.wav,Kannada Kiran Bedi Param Sanjay album,tamil
0,tam_0548.wav,Rajan Lakshmi mathampalayam,tamil
0,tam_0549.wav,padatha Ramana Pangali Pangali Pangali Tamizha paarkiren,tamil
0,tam_0550.wav,Nirman 3 people will even though it still Ke 7 kk7 rathinam mathampalayam medical,tamil
0,tam_0551.wav,tunnel level thagavalgal Om Hari Om,tamil
0,tam_0552.wav,in khel ka real Allahabad kidakku mhanatil,tamil
0,tam_0553.wav,upper samander paadal petra sthalam,tamil
0,tam_0554.wav,Eppadi scenery Milana pyramid coronavirus Tamil,tamil
0,tam_0555.wav,IKEA America me room I Karachi m4a,tamil
0,tam_0556.wav,Krishnan Panchayat ill will even the eatery padathil Muthuraman Sripriya matrum palar,tamil
0,tam_0557.wav,ilangai in noolagam Temple Tamil Nadu in Airtel,tamil
0,tam_0558.wav,ke Ami Dulha aur TV nadagam,tamil
0,tam_0559.wav,are yah Katil wali Bandar Theri padathil Gemini Ganesan Padmini mathampalayam dholana,tamil
0,tam_0560.wav,iruppidam where are you Madhuri,tamil
0,tam_0561.wav,Kendriya Sodal Tamil Desam Veru Muslim Desam where,tamil
0,tam_0562.wav,Rahman ya Katil velivantha Theri padathil Jaishankar KR Vijaya,tamil
0,tam_0563.wav,uruvakum Param bhaniyana katturaigal,tamil
0,tam_0564.wav,Wikipedia thodarnthu Varum Oru Pani,tamil
0,tam_0565.wav,ennaku middle Telugu party,tamil
0,tam_0566.wav,Samantha padal petra thalam India win,tamil
0,tam_0567.wav,Kareena Kachi Mudhal neelakanda,tamil
0,tam_0568.wav,Georgia IKEA America manilangal ondrum,tamil
0,tam_0569.wav,tripada nadigargal total Panna katturaigal in the pakka pagal adangum,tamil
0,tam_0570.wav,Bengaluru Waqia page Pakdi silica Italy,tamil
0,tam_0571.wav,hip hop dance,tamil
0,tam_0572.wav,any other income in Anchal Sethupathi,tamil
0,tam_0573.wav,Vicky 15 Salem to Malai,tamil
0,tam_0574.wav,Prakash Rao Ek 12813 padathil Sivaji Ganesan Thangavelu matrum palar,tamil
0,tam_0575.wav,Narayan ya Katil vendithera padathil Sivakumar Sripriya matrum palar,tamil
0,tam_0576.wav,upper samander Sundar Murugan padal petra Sivalayam,tamil
0,tam_0577.wav,Iran thodarbana Quran katturaigal kurta katturai padangal,tamil
0,tam_0578.wav,Tamil moral velivantha Mudhal Tamil pulavar Kerala to easy way,tamil
0,tam_0579.wav,eneno Nadi Mein Royal Palace Kalyana,tamil
0,tam_0580.wav,Shankar Mahadevan Theri padathil premnaseer ke Kesavan matrum palar,tamil
0,tam_0581.wav,samander Sundar arguin padal petra thalam Madurai Mavattam,tamil
0,tam_0582.wav,Samantha paadal petra sthalam Ramanathapuram Mavattam,tamil
0,tam_0583.wav,Theri padathil Padalgal kuritha katturai padangal,tamil
0,tam_0584.wav,Kannan Pillai Pillai padathil,tamil
0,tam_0585.wav,Krishnan Iyer kathil velivantha Theri padathil Jaishankar Jayalalitha mother,tamil
0,tam_0586.wav,Yuva aur Satta Ringa Awaaz,tamil
0,tam_0587.wav,Mayuri Nadan Sinha Tamil circle circle cycle,tamil
0,tam_0588.wav,Madhavan kathil Velli Chittu padathil Vijayakumar Sripriya matrum palar,tamil
0,tam_0589.wav,Oviya Kadhal Kavithai sirf kattidam Mein Eagle note pump and irukum,tamil
0,tam_0590.wav,Eva IKEA America win Mudhal kudiyarasu Thalaivar awaare,tamil
0,tam_0591.wav,Dahi paise there on military pagal katturai Kalai uruvaga Vendum,tamil
0,tam_0592.wav,samander aap per hour urine paadal petra Shiva,tamil
0,tam_0593.wav,Iran total Banda Quran katturaigal Patri katturai Theri padangal,tamil
0,tam_0594.wav,sangariya kathil Velli 13 padathil Jaishankar KR Vijaya,tamil
0,tam_0595.wav,Abba Rana sirappu amsangal Ki Tarah Patola,tamil
0,tam_0596.wav,Pudhiya katturaigal uruvakuvathu makilchi,tamil
0,tam_0597.wav,anal mukkiyam endral Enna vilai,tamil
0,tam_0598.wav,samander upper paadal petra sthalam,tamil
0,tam_0599.wav,Theri padathil Patri katturai Theri padangal,tamil
0,tam_0600.wav,abe yaar panora rajiyam Dena Padega,tamil
0,tam_0601.wav,IKEA rajiyam parents are hereby nut Bunny nadergul nadergul,tamil
0,tam_0602.wav,Nangal kattida Kalinga in Badal Nigam udhavum internet in rain,tamil
0,tam_0603.wav,are bhai Namo reductil pothu varavendum,tamil
0,tam_0604.wav,Enge Aval endre Vishay milae,tamil
0,tam_0605.wav,tapori Trance not till receipt varugirar,tamil
0,tam_0606.wav,Velli malai in brother Vicky thittam Tera Mangal Grah gum,tamil
0,tam_0607.wav,Sundaram Ayya kathil velivantha Theri padathil Jay Shankar Vijayalakshmi mathampalayam,tamil
0,tam_0608.wav,Kavithai Srihari puthinam arivial nadagam padatha Pattu novel Hotel Sangam,tamil
0,tam_0609.wav,Kadai in brother Oru porul in select Tum To Thehre Pardesi album,tamil
0,tam_0610.wav,India will Adiga Makkal thogai Konda manilam Dubey,tamil
0,tam_0611.wav,Jungle circuit Royal nandraga American Runner,tamil
0,tam_0612.wav,Nangal Bhandari Hotel Mangal and Mangal Trichy,tamil
0,tam_0613.wav,upper samander paadal petra Shiva Damarukam,tamil
0,tam_0614.wav,Theri padathil Padalgal Puthu Padalgal,tamil
0,tam_0615.wav,Harry Potter indo-european weather bada movie,tamil
0,tam_0616.wav,Krishnan ya Qatil velivantha 3 padathil MGR matrum palar,tamil
0,tam_0617.wav,Eid Pina yaar in the gallery and other,tamil
0,tam_0618.wav,every pain but Re lehenga girl parlour Avan kondana,tamil
0,tam_0619.wav,Eid kurit silverberg Olympic kathalu Telugu,tamil
0,tam_0620.wav,Apollo Nan veerakesari asiriyar pida Chilam wale Aisa Eid 2019,tamil
0,tam_0621.wav,Narayan Yeh Qatil Billi Bandar padathil Ravichandran J 17 mathampalayam,tamil
0,tam_0622.wav,avarude thanthai Patri Oru Pathi Patal,tamil
0,tam_0623.wav,mailam itself Akhil,tamil
0,tam_0624.wav,Anand sirukathaigal navalgal Pawar,tamil
0,tam_0625.wav,Kala Til Tamil Congress Rawal Vetri petra urupinar,tamil
0,tam_0626.wav,on pen Pookkal,tamil
0,tam_0627.wav,ningol ka avashya Malai Ravi,tamil
0,tam_0628.wav,Hathi Pol grantham Wyndham in room Satta Malai,tamil
0,tam_0629.wav,aap per Sundar paadal petra Sivalayam,tamil
0,tam_0630.wav,Malaysia Singapore irappa 15 pagal Iran Wikipedia pagal pagal Varun entry thondravillai,tamil
0,tam_0631.wav,dravida mozhigal totapada katturaigal in,tamil
0,tam_0632.wav,Krishnan panjiyak till will even though it's still,tamil
0,tam_0633.wav,ivargal yaar Panam vanea aahe pagali evergreen Sare paad,tamil
0,tam_0634.wav,the riverside near Ramgarh Tal Linux kattalaigal Kancham jungle,tamil
0,tam_0635.wav,Mayur Anand Mangal current train,tamil
0,tam_0636.wav,Sundaram ya Qatil velivantha Theri padathil Jaishankar Lakshmi mathampalayam,tamil
0,tam_0637.wav,soda kalathil Oru Tamil ilakkana nadagam,tamil
0,tam_0638.wav,Nobel Parichay Patra Soviet real andhere Sa karo,tamil
0,tam_0639.wav,muthalil adipadai alag Google,tamil
0,tam_0640.wav,samander upper padal Patri Talab India win,tamil
0,tam_0641.wav,Kapda taiyar per nirbhar Nangal Patri katturai Theri padangal,tamil
0,tam_0642.wav,badi elaichi India wale,tamil
0,tam_0643.wav,German Kallingal kuritha katturai padangal,tamil
0,tam_0644.wav,Indian uncle irukkindrana,tamil
0,tam_0645.wav,parents Nangal Sonam Kapoor,tamil
0,tam_0646.wav,veerasaivam in weather cyber samyapuram Dragon,tamil
0,tam_0647.wav,IKEA America Vin maricopa grill,tamil
0,tam_0648.wav,Russia medical Critical Angle,tamil
0,tam_0649.wav,Bhanu 3 lendl kurta katturai padangal,tamil
0,tam_0650.wav,Tamil desiya Kuda Mein pin nadalumandra urupinar,tamil
0,tam_0651.wav,Gopi Ravi mayuranathar irukum Nandri,tamil
0,tam_0652.wav,Anil Kapoor patriya vivarangal yadum ke dekhe Pillai,tamil
0,tam_0653.wav,Samantha padal petra thalam Thullum in Telugu,tamil
0,tam_0654.wav,Tere padangal thodarbana katturaigal in the pakka Baghel Rangam,tamil
0,tam_0655.wav,anaivarukkum another Christmas matrum vidumurai varthakal,tamil
0,tam_0656.wav,either way I repair win Makkal thogai imagine dhanagar magam,tamil
0,tam_0657.wav,German Karenge help patriya Kathaigal Thedi Padalgal,tamil
0,tam_0658.wav,Wikipedia win irukkum Aana kolgaigal in,tamil
0,tam_0659.wav,Pioneer Mangal katturai,tamil
0,tam_0660.wav,Anil Singh other Kuber karanam,tamil
0,tam_0661.wav,Russia medical Patri katturai Theri padangal,tamil
0,tam_0662.wav,yaar Panama part 8 in Urdu,tamil
0,tam_0663.wav,vanoti nilangal Patri katturai Theri padangal,tamil
0,tam_0664.wav,Eid Oru siru kurippu mat mein,tamil
0,tam_0665.wav,Oru Sila samayangalil Maitri circle irunthalum Ave muthalum Pratham 11,tamil
0,tam_0666.wav,coap important porul arrange mahilchi,tamil
0,tam_0667.wav,kadapada not kala kala,tamil
0,tam_0668.wav,Samantha paadal petra sthalam Tirunelveli Nagar Al-Ameen,tamil
0,tam_0669.wav,Theri padam thodarbana Karan katturaigal in the pakka pagal Patang,tamil
0,tam_0670.wav,Bhilai parantu in Nagari,tamil
0,tam_0671.wav,Trance Sundar Nangal covid-19,tamil
0,tam_0672.wav,eneno kupita level is my home I am crying,tamil
0,tam_0673.wav,krishna janma Mathura,tamil
0,tam_0674.wav,Eid war America nadergul katturaigal,tamil
0,tam_0675.wav,winner of Chhota Kaun Jaunpur in the world,tamil
0,tam_0676.wav,Vicki hill on katturai in katturai in Tamil,tamil
0,tam_0677.wav,are mum Badi poundhawadi farm in Kollam,tamil
0,tam_0678.wav,Srikanth ya Qatil velivantha Italy padathil Ravichandran KR Vijaya,tamil
0,tam_0679.wav,Balveer nadigalile De villain film,tamil
0,tam_0680.wav,nadappu nigalvugal,tamil
0,tam_0681.wav,aap suti Tarah irukum,tamil
0,tam_0682.wav,Vanakkam ningol Russia thodarbana katturai,tamil
0,tam_0683.wav,yellow circle in Truecaller,tamil
0,tam_0684.wav,ichal Karawal Nagar Indrapura padam,tamil
0,tam_0685.wav,other income Kancham veli seiya Vendum,tamil
0,tam_0686.wav,Mayur Nadan Epic Qatil padamata mein ullathu,tamil
0,tam_0687.wav,Bharatpur not Agarwal IKEA rajiyam Kidhar Kannada Ayyappa thinam katturai in Tamil,tamil
0,tam_0688.wav,Muthuraman padathil Sivakumar Sripriya mathampalayam,tamil
0,tam_0689.wav,Tanu kam ya Qatil very 13 padathil Sivakumar naditha padam,tamil
0,tam_0690.wav,Yellamma Le sakti internet BK window,tamil
0,tam_0691.wav,Wikipedia final Gopi matrum Sindhu water Wikipedia Bin anamat today,tamil
0,tam_0692.wav,money Ek 12113 padathil S Krishnan mathampalayam,tamil
0,tam_0693.wav,Haryana Samayal muraigal,tamil
0,tam_0694.wav,and the siru kurippu English irupathal,tamil
0,tam_0695.wav,even point India muluvathum matrum American Aadukalam coronavirus,tamil
0,tam_0696.wav,you can also look Marupadiyum Selvan Perundurai in in Raipur in the gold mudiyavillai,tamil
0,tam_0697.wav,Japan Athil ahmadullah Oru Nagaram aagum,tamil
0,tam_0698.wav,Bada anda,tamil
0,tam_0699.wav,IKEA America win 10 Mare Cooper grill,tamil
0,tam_0700.wav,Vanakkam Russia patriya Tamil katturaigal,tamil
0,tam_0701.wav,India will parent Preeta new coming year,tamil
0,tam_0702.wav,in the park pillar muthanmai katturai Australia,tamil
0,tam_0703.wav,ilangai tamilar Katchi in Thalaiva,tamil
0,tam_0704.wav,15 puthagangal Tamil pesum varthaigal endrum problem ullathu,tamil
0,tam_0705.wav,neelagiri Malai rail padhaai America Patta,tamil
0,tam_0706.wav,now you do in the weather in 1 come out and party,tamil
0,tam_0707.wav,udaharan Magar on Gila Vicky Gill milian male angle,tamil
0,tam_0708.wav,Mangal and Mangal Trichy,tamil
0,tam_0709.wav,Naan Oru Senthoora,tamil
0,tam_0710.wav,Malai Patri katturai Theri padangal,tamil
0,tam_0711.wav,Gopalakrishnan 1 12113 padathil Manohar,tamil
0,tam_0712.wav,IKEA America win Vadakku pathil,tamil
0,tam_0713.wav,Google will come until I'm on my Run,tamil
0,tam_0714.wav,Australia in weather Wiki tectum nadergul,tamil
0,tam_0715.wav,Katori gali 15 nadi porutham,tamil
0,tam_0716.wav,Muthuraman 12113 padathil Jay Shankar Sujatha,tamil
0,tam_0717.wav,evidyarthi sci-tech nirame Manjal,tamil
0,tam_0718.wav,video gana Patri katturai Theri padangal,tamil
0,tam_0719.wav,katturaigal Arabian local Army weather,tamil
0,tam_0720.wav,movies l petroleum Palakkad to Regal old,tamil
0,tam_0721.wav,nigal Bahu pakkathil eloquence patriya katturai in Tamil,tamil
0,tam_0722.wav,under INI Enna Velai seiyum Velai,tamil
0,tam_0723.wav,Palangal Patri katturai Tamil Theri padangal,tamil
0,tam_0724.wav,Birati in badhai vadachi in trillion,tamil
0,tam_0725.wav,thirunal Brahma Suriyan Ahir Badi Patta Salem phone number,tamil
0,tam_0726.wav,Muthuraman 1 12113 padathil Vijay Saroja,tamil
0,tam_0727.wav,Krishnan Tamil Thiraipadam,tamil
0,tam_0728.wav,Ang Victoria Nile in direct kapda,tamil
0,tam_0729.wav,Afghanistan and Vicky thittam nadergul in Urdu,tamil
0,tam_0730.wav,even I will in a pagal hridayathil non condom condom,tamil
0,tam_0731.wav,16 para se autumn kanuni Laya Pattathu,tamil
0,tam_0732.wav,Arabic till Chennai Tumhare moolam patta,tamil
0,tam_0733.wav,nirbhagi Tharam ullavargal in the pakka padam,tamil
0,tam_0734.wav,in Chennai Gill Road per niruvanangal,tamil
0,tam_0735.wav,umapati Gopi Ravi Mangal critical entry,tamil
0,tam_0736.wav,Tamil choodel porattam Patri will even I will either ilai,tamil
0,tam_0737.wav,chair Padalgal in real in Kollam,tamil
0,tam_0738.wav,Shiva Pathar aap Padalgal,tamil
0,tam_0739.wav,Seetha Yeh Qatil will even though it's padathil Gemini Ganesan Bharti mathampalayam,tamil
0,tam_0740.wav,IKEA America Vin Kadak Kadak kare pagali,tamil
0,tam_0741.wav,Wikipedia panel Balaji mutton Gopi Odia Katha,tamil
0,tam_0742.wav,Krishnan Panju ya Qatil velivantha Theri padathil,tamil
0,tam_0743.wav,ya nahin Dinar in Tamil Surya Varalaru,tamil
0,tam_0744.wav,Eid Thirukural katturai in,tamil
0,tam_0745.wav,Hrithik manam katturai Enaku puriyavillai,tamil
0,tam_0746.wav,make a kuraintha vayathil Nobel Parichay Patra per hi hue,tamil
0,tam_0747.wav,Yuva train Veeram kadamattathu Sillunu Adigal Mudhal Sila Adigal very very Eppadi,tamil
0,tam_0748.wav,silver Pongal in current year in rain,tamil
0,tam_0749.wav,anyway I N brother purn Tum Intezar Karen,tamil
0,tam_0750.wav,courier pagal Mayur Radhanpur Road exam katturaigal Nalla Kalai Kalai,tamil
0,tam_0751.wav,diopside Aaye sari seiya home,tamil
0,tam_0752.wav,Srinivasan Ek Katil very 133 padathil Sivakumar Sripriya matrum palar,tamil
0,tam_0753.wav,Prakash Rao Yeh Qatil valibathil Gemini Ganesan durairaj mathampalayam,tamil
0,tam_0754.wav,IKEA America made coronavirus,tamil
0,tam_0755.wav,Arnold samayam in Trivandrum,tamil
0,tam_0756.wav,Mara bhai no kill you what are Immoral,tamil
0,tam_0757.wav,varumai Patri katturai Theri padangal,tamil
0,tam_0758.wav,Chandi Veeran padathil ke Thangavelu matrum palar,tamil
0,tam_0759.wav,uncle makeup Empire,tamil
0,tam_0760.wav,ING Malai poluthin internet,tamil
0,tam_0761.wav,Srinivasan Ek Katil velivantha Theri padathil Sivaji Ganesan Jayalalitha matrum palar,tamil
0,tam_0762.wav,kadaisi vazhanum Yaaro Sun Lo yaar in Delhi,tamil
0,tam_0763.wav,i k Rajat in Madhurawada pin Prathama Anar,tamil
0,tam_0764.wav,Russian art in Mega Periyar Nagar Imam album,tamil
0,tam_0765.wav,ithanaal Khuda pump Pillai,tamil
0,tam_0766.wav,Ilayaraja katturaigal Pongal thirutham Parthen,tamil
0,tam_0767.wav,vethiyal thanimangal in Urvashi Agam,tamil
0,tam_0768.wav,Andhra mannathu moondravathu Periyar Nagar Mein ghoom,tamil
0,tam_0769.wav,Bada America vilangugal kurta katturai jungle,tamil
0,tam_0770.wav,Vaada movie ilakiyam Kritika try padangal,tamil
0,tam_0771.wav,Muthuraman kathil padathil Sivaji Ganesan KR Vijaya,tamil
0,tam_0772.wav,intermedical Tavera Mel Ambala ulana,tamil
0,tam_0773.wav,Ijazat hi potha mama ko Munh irukum aur mukhya Pani,tamil
0,tam_0774.wav,Modi fan button,tamil
0,tam_0775.wav,Border movie ilakkiyam Patri katturai Theri padangal,tamil
0,tam_0776.wav,Srinivasan Ek Katil velivantha 3 padam Sivaji Ganesan Saroja Devi mathampalayam,tamil
0,tam_0777.wav,Kuri Prathap uncle Padalgal mattam Mein Virendra katturai,tamil
0,tam_0778.wav,Krishnan panjiyak 12113 padathil Mohan KR Vijaya,tamil
0,tam_0779.wav,Tarana yadam irukkuthu,tamil
0,tam_0780.wav,gift buttock America will older Oru koothu nadagam,tamil
0,tam_0781.wav,Ayya Vanakkam engelberg and non Mega Mahila Kiran,tamil
0,tam_0782.wav,Teriyan pyramid chocolate factory in Salem,tamil
0,tam_0783.wav,Bada America will Angel factory pirakata Theri padangal,tamil
0,tam_0784.wav,marunattil baby where muraigal in bottle,tamil
0,tam_0785.wav,amam Ravi Selvan Puri talsari and non ID padalum in train,tamil
0,tam_0786.wav,Salai in resolve barekel Pillai,tamil
0,tam_0787.wav,Varalaru Kathaigal Eppadi Mela dikha thagaval eduthu,tamil
0,tam_0788.wav,Tamil put and entropy ooril Oru Pakkam irukan,tamil
0,tam_0789.wav,Srinivasan ya Qatil velivantha Theri padathil Sivaji Ganesan Sujatha mathampalayam,tamil
0,tam_0790.wav,angle needle in Badal I am Pillai,tamil
0,tam_0791.wav,Prakash Rao Anjali Devi matrum palar,tamil
0,tam_0792.wav,report ING Eppadi seivathu enter parka Vendum,tamil
0,tam_0793.wav,Eid border kanakana katturai in Tamil Wikipedia will irukum enna enna aagiren,tamil
0,tam_0794.wav,Marana Yogam ennaruma mukhya thanthiram,tamil
0,tam_0795.wav,sundarar padal petra sthalam Trichy Mavattam,tamil
0,tam_0796.wav,vethiyal aringer Nobel Parichay Patra per,tamil
0,tam_0797.wav,is not a way Surya Mangal in a production,tamil
0,tam_0798.wav,Shankar 1 12113 padathil Sivaji Ganesan Sripriya mathampalayam,tamil
0,tam_0799.wav,vanigam Patri katturai Theri padangal,tamil
0,tam_0800.wav,Krishnan Panchayat Dilwale 13 padathil Srikanth K R Vijaya,tamil
0,tam_0801.wav,IKEA America win 10 maic Madhya pagal admin tool,tamil
0,tam_0802.wav,Ethan Badi thoda minute I'm Tirupati Katrina,tamil
0,tam_0803.wav,inai Illa katturai garam,tamil
0,tam_0804.wav,Tanmay in brother non in Badhai kuraipathu,tamil
0,tam_0805.wav,Srinivasan ya Qatil wali Bandar it reproductive Muthuraman Jayalalitha mathampalayam,tamil
0,tam_0806.wav,our the page pakad Urai Vanakkam,tamil
0,tam_0807.wav,Nakkeeran Nangal Khurd Sar Kalam,tamil
0,tam_0808.wav,I will be till illegal Yaaron Pillai,tamil
0,tam_0809.wav,Golden perumbala Namakkal per summary,tamil
0,tam_0810.wav,angular Vakil Virendra petra kurippugal,tamil
0,tam_0811.wav,Eid not in front of the Periyar Nagar I'm Adam,tamil
0,tam_0812.wav,Jivan Kala Til Pandian Hotel malaikalam illamal irunthal,tamil
0,tam_0813.wav,yaar padathil irundhu Valley Varum Oru kulathil Sanjay Gayi,tamil
0,tam_0814.wav,Eid Pathri mailam Aadhar uncle arindhaal arival,tamil
0,tam_0815.wav,Muthuraman kathil vala Vantha edathil Sripriya Jay Shankar matrum palar,tamil
0,tam_0816.wav,Kalam in weather in Badhai,tamil
0,tam_0817.wav,UAE Asia Africa 10 irappa Ahir PagalWorld,tamil
0,tam_0818.wav,Anil arandeshwar Karnan padathil irukum idam in namkaran,tamil
0,tam_0819.wav,Vishnu avatar Irandam avatharam album,tamil
0,tam_0820.wav,Tamil Naan Kandu Konda,tamil
0,tam_0821.wav,another angle Wikipedia final Pakkam Enge,tamil
0,tam_0822.wav,Sivaji in until I pill Mulakat ki Jay,tamil
0,tam_0823.wav,Prakash Rao Yeh Qatil velivantha padathil Sivaji Ganesan Thangavelu Padmini Savitri,tamil
0,tam_0824.wav,Veppam Patri katturai Theri padangal,tamil
0,tam_0825.wav,the riverside Villa canal irukum,tamil
0,tam_0826.wav,Krishnan Panju ya Qatil will even though it Theri padathil Jay Shankar Jayachitra mathampalayam Nathula,tamil
0,tam_0827.wav,idhar udhar Chala via moral 82 kolapata on Ragam,tamil
0,tam_0828.wav,Badi rcr will thondriyathum,tamil
0,tam_0829.wav,Sundaram Sundaram mathampalayam,tamil
0,tam_0830.wav,cake irappa Kritika try padangal,tamil
0,tam_0831.wav,Wikipedia final Gopi Matka Mumbai Gonda raja odia,tamil
0,tam_0832.wav,ING noolgal yelam Arivu taken together,tamil
0,tam_0833.wav,warragul thodarbana katturai kal in the pakka pagal Sangam,tamil
0,tam_0834.wav,sukama Hero Patel Udan Pade,tamil
0,tam_0835.wav,a Dil Wapas a Ramanand Pattu Pattu Padalgal,tamil
0,tam_0836.wav,idhar Mel Makkal video munnani,tamil
0,tam_0837.wav,where enna prachanai enna puriyavillai,tamil
0,tam_0838.wav,boy real Patri katturai village Theri padangal,tamil
0,tam_0839.wav,10 Khuda rcr will done Bhari Madan Madan Bhaiya,tamil
0,tam_0840.wav,reporter samayangalil Tamil July 8 8 April,tamil
0,tam_0841.wav,Soumya kathil Velli 133 padathil Ganesh Radha mathampalayam,tamil
0,tam_0842.wav,Rajan angular wiki in AP koothu online,tamil
0,tam_0843.wav,aanal noolgal Ellam leiden table in return error control,tamil
0,tam_0844.wav,Kiran the knitter courier in English,tamil
0,tam_0845.wav,kick irappa Patri katturai Theri padangal,tamil
0,tam_0846.wav,Kallingal kurta katturai Padalgal,tamil
0,tam_0847.wav,Tamil angular Hindi samaskirutham matrum Bangaram,tamil
0,tam_0848.wav,tamilnattil Tamil entry where you can eat in Rome,tamil
0,tam_0849.wav,Sridhar kathil velivantha Theri padathil Sivaji Ganesan KR Vijaya matrum palar,tamil
0,tam_0850.wav,make a pyramid in the Killing peyargal,tamil
0,tam_0851.wav,Eid vah nikal candidate in Mughal theatre room,tamil
0,tam_0852.wav,Shiva The mukhya To Ham thodarbana Aadhar angle arindhaal Ek katturai Kalam,tamil
0,tam_0853.wav,Gopi Sindhu ningal beaded ki Patri vivarangal,tamil
0,tam_0854.wav,Krishnan Ek Katil velivantha Theri padathil Ramachandran matrum palar,tamil
0,tam_0855.wav,Tamil Aayirathil Param arasiyal kulappam Enna Partha,tamil
0,tam_0856.wav,Kadhal Padalgal Sila viraivil noolagam title,tamil
0,tam_0857.wav,IKEA nadergul kuritha katturai padangal,tamil
0,tam_0858.wav,Nadaga Kalai Patri katturai Theri padangal,tamil
0,tam_0859.wav,indiavin miga Periya tennis Potti Agam,tamil
0,tam_0860.wav,kirket Regal iruntha katturai in Tamil,tamil
0,tam_0861.wav,a Mere Parwar digare Aalam,tamil
0,tam_0862.wav,Ramasamy ya Qatil Vella Vantha idathil Muthuraman KR Vijaya,tamil
0,tam_0863.wav,main Kanda katturaigal Pada adipadai Tamil,tamil
0,tam_0864.wav,kikinda angular Chocolate Tamil circle TV,tamil
0,tam_0865.wav,Tirunelveli Varum nalithal,tamil
0,tam_0866.wav,Krishnan 501 till velivantha 3 padathil Sivaji Ganesan,tamil
0,tam_0867.wav,yah to muraigal kurithu katturai Tangle,tamil
0,tam_0868.wav,handle Tamil Wikipedia Oru Kalai kalanchiyam,tamil
0,tam_0869.wav,nnl article in mail Pulicat Yadav,tamil
0,tam_0870.wav,IKEA nadergul Patari per Rekha triangle Theri padangal,tamil
0,tam_0871.wav,Shankar Mahadevan Theri padathil Sivaji Ganesan Sripriya matrum palar,tamil
0,tam_0872.wav,kadaisi a gaye ennangal silver in rectangle Kolam,tamil
0,tam_0873.wav,Viduthalai poratta veerargal kuritha katturai padangal,tamil
0,tam_0874.wav,Ek Katori Maurya Patri adipadai,tamil
0,tam_0875.wav,Eppadi irukum kuraipathu,tamil
0,tam_0876.wav,Madhavan velivantha Theri padathil Gemini Ganesan KR Vijaya matrum palar,tamil
0,tam_0877.wav,idhal iva patriya thagavalgal,tamil
0,tam_0878.wav,kurta Paka Paka tha,tamil
0,tam_0879.wav,Tumhare kal Patri katturai Theri padangal,tamil
0,tam_0880.wav,Varalaru katturai girl in the pakka Vakil,tamil
0,tam_0881.wav,Gopalakrishnan kathil Velli Vantha Manohar S Krishnan matrum palar,tamil
0,tam_0882.wav,IKEA rajiyam in weather Vicky thittam,tamil
0,tam_0883.wav,Wikipedia yaaruntu comedian in weather unnithan,tamil
0,tam_0884.wav,Bade Katil Tamil channel Ada milae,tamil
0,tam_0885.wav,angular syriatel our kalkuda leni pagal Tara Mudiyathu,tamil
0,tam_0886.wav,minanjal Patri katturai Theri padangal,tamil
0,tam_0887.wav,in Badaun podhuvaga undakunna,tamil
0,tam_0888.wav,Rajendran kathil Velli Chittu padathil Sudhakar Radhika matrum palar,tamil
0,tam_0889.wav,Thyagaraja Bhagavathar Tamil thiraipada nadigai padhakar,tamil
0,tam_0890.wav,Rahman ya Qatil velivantha Theri padathil Ramasamy matrum palar,tamil
0,tam_0891.wav,in the country poor in the world,tamil
0,tam_0892.wav,suicide in brother syrup in Eden Garden matriculation,tamil
0,tam_0893.wav,Gopalakrishnan a kathil Velli Chittu padathil Sivaji Ganesan Padmini matrum palar,tamil
0,tam_0894.wav,in the park pillar muthanmai katturai IKEA America nadergul,tamil
0,tam_0895.wav,kurti will make up area area,tamil
0,tam_0896.wav,cre Kanata Siddha maruthuva Ringa over,tamil
0,tam_0897.wav,are Lakshmi matrum palar,tamil
0,tam_0898.wav,Arun Kundu train,tamil
0,tam_0899.wav,Nind Naat Kala Hai use any theorem on,tamil
0,tam_0900.wav,matar pagal Mai Ke Charan bakthargal math mein,tamil
0,tam_0901.wav,in the no kill is L palava city girl,tamil
0,tam_0902.wav,animal Urdu Saiya mudiyavillai,tamil
0,tam_0903.wav,Eid notia cycle mukiyam paragraph,tamil
0,tam_0904.wav,vilayattu Patri katturai Tamil Theri padangal,tamil
0,tam_0905.wav,Gopalakrishnan a kathil vala Vantha edathil Muthuraman Sujatha mathampalayam,tamil
0,tam_0906.wav,IKEA American article in weather Vicky thittam nadergul in Urdu,tamil
0,tam_0907.wav,alien Tamil thirumana Nilayam,tamil
0,tam_0908.wav,over Ronaldo merquri Pita kunthirikkam,tamil
0,tam_0909.wav,Lakshmi Devi matrum padam naditha Lene,tamil
0,tam_0910.wav,arasiyal samayam samuga ariviyal vidiyum kalayil,tamil
0,tam_0911.wav,Parbhani Pin Pattu Varum video,tamil
0,tam_0912.wav,Viduthalai poratta veerargal Patri katturai Theri padangal,tamil
0,tam_0913.wav,artical thodarbana katturaigal in the pakka Baghel adangum,tamil
0,tam_0914.wav,Naan paadum katturai Kalai neekevvaru Wikipedia win32 mein,tamil
0,tam_0915.wav,Pottu Amman Padalgal Amman dholana,tamil
0,tam_0916.wav,manavargal Tamil Wiki katturai,tamil
0,tam_0917.wav,Tamil pickle katturai Tamil mattam iruka Vendum in brother,tamil
0,tam_0918.wav,Tamilnadu Manila arasiyal Kachi album,tamil
0,tam_0919.wav,siruvar Malar Nada Kangal armpit medai nadagam,tamil
0,tam_0920.wav,Vanakkam ilankuyil meendum Oru Padam Indian Ambika coronavirus,tamil
0,tam_0921.wav,Khatri kal kal kal kal kal,tamil
0,tam_0922.wav,Prakash 1 12113 padathil Sundaram,tamil
0,tam_0923.wav,IKEA American article in Badaun sariyana peyar,tamil
0,tam_0924.wav,Shri Indira Kiran the editor vadivam indrakaran still together album,tamil
0,tam_0925.wav,spinner German Kudi Pataka wala chicken,tamil
0,tam_0926.wav,Chennai pothu katturai Parampara Moondru Mugam,tamil
0,tam_0927.wav,open the Patri katturai college Theri padangal,tamil
0,tam_0928.wav,Wikipedia final Harrison aukat adipadai,tamil
0,tam_0929.wav,Wikipedia in Raya syrup padam Kuthu padangal,tamil
0,tam_0930.wav,Srinivasan ya Qatil velivantha Theri padathil Ravichandran KR Vijaya matrum palar,tamil
0,tam_0931.wav,Sidhpur Notting parthu Kangal lyrics,tamil
0,tam_0932.wav,Kanpuri Mein thoda bahut hi Tamilnadu Arasu Salem,tamil
0,tam_0933.wav,Wikipedia in Riya syrup padam Patri katturai Theri padangal,tamil
0,tam_0934.wav,Srinivasan Yeh Qatil velivantha Dhire Dhire padathil thengai Srinivasan Sujata matrum palar,tamil
0,tam_0935.wav,Modi in brother samuh gathan aur Kuran,tamil
0,tam_0936.wav,Ravi Rawal,tamil
0,tam_0937.wav,Anandan Ashokan matrum palar,tamil
0,tam_0938.wav,mailam Tamil Ayyappa merican article in 2014,tamil
0,tam_0939.wav,Sanjay Gayi in birthday ilankuyil para,tamil
0,tam_0940.wav,umapathi Tamil Google Salem,tamil
0,tam_0941.wav,Bhai Ki uncle kuritha katturai padangal,tamil
0,tam_0942.wav,Sundar Mangal in Pol vilakkam sari,tamil
0,tam_0943.wav,udagir pokkuvarathu Meghnath Ravan aur teen idhayangal patriya thagavalgal katturaigal Tirupattur,tamil
0,tam_0944.wav,Lake Melissa in Haryana,tamil
0,tam_0945.wav,Kidhar karanam Enna enbathum theriyavillai,tamil
0,tam_0946.wav,Vicky media Patri katturai village Theri padangal,tamil
0,tam_0947.wav,Kumar patriya katturai in Priti thodarbana current page,tamil
0,tam_0948.wav,in the packet Tamil Wikipedia Virk Mata the Vendum,tamil
0,tam_0949.wav,Durai ya Katil velivantha Theri padathil Vijay Kumar Rajinikanth matrum palar,tamil
0,tam_0950.wav,IKEA nadergul Sabhi uruppu nadugal parkavum,tamil
0,tam_0951.wav,Tere pondakata Vicky mulam Palam,tamil
0,tam_0952.wav,Vijay Padalgal patriya katturai girl in the pakka Vakil adangum,tamil
0,tam_0953.wav,Devi films Nirman general velivantha padathil Kalyana Rama temple,tamil
0,tam_0954.wav,velliparavakalayi Naan enbathu Tamil comedy,tamil
0,tam_0955.wav,Ravi Kalai Kalai gym in Mallapur,tamil
0,tam_0956.wav,adive irukalam in brother Enaku Udan Pade,tamil
0,tam_0957.wav,eneno polymer per trip Balveer karuthu Padalgal,tamil
0,tam_0958.wav,any no is it reported in the other point theorem,tamil
0,tam_0959.wav,real cricket the oval,tamil
0,tam_0960.wav,Mujhe kam se kam,tamil
0,tam_0961.wav,till I come in madam,tamil
0,tam_0962.wav,Srinivasan ya Qatil velivantha Theri padathil Jai Shankar naditha padam padam,tamil
0,tam_0963.wav,Wikipedia final Balaji Matka Gopi Matram Wikipedia win final today,tamil
0,tam_0964.wav,winner devanampattu budanam petrol per Anar,tamil
0,tam_0965.wav,moondravathu Manithan pathippagam tharamani,tamil
0,tam_0966.wav,Eid Aaya Tere padam patriya katturai viruthugal,tamil
0,tam_0967.wav,creepy detectable girl Yadav illegal overtraining Kalam,tamil
0,tam_0968.wav,tell Nalla design,tamil
0,tam_0969.wav,Gopi Bangali Tamil serial in padam Puran,tamil
0,tam_0970.wav,ulagil miga Periya Yari Eid Ve,tamil
0,tam_0971.wav,Coimbatore Mavattam is an Ally,tamil
0,tam_0972.wav,Nalla surukkam manakattur I Sundar Ravi,tamil
0,tam_0973.wav,Naan pirantha Kulanthai Geetham Chennai,tamil
0,tam_0974.wav,Radha naditha velivantha silatare padangal,tamil
0,tam_0975.wav,Mudhal Naal mean in badanpura anal Milenge Cola mudiyamal,tamil
0,tam_0976.wav,yah pagal pagal pagal khana paadum paravaigal padam,tamil
0,tam_0977.wav,Srinivasan ya Qatil velivantha Theri padathil Rajinikanth Lakshmi mathampalayam,tamil
0,tam_0978.wav,Devanagari editor kal thoda Baga irukurathu period,tamil
0,tam_0979.wav,kittatha in the samugathil Mandal in Kollam,tamil
0,tam_0980.wav,Karnataka psychological Critical Angle,tamil
0,tam_0981.wav,tharamana virivana katturai,tamil
0,tam_0982.wav,Nan nodigal Patari in a Governor,tamil
0,tam_0983.wav,either way I will Makkal TV Mahendra nadagam,tamil
0,tam_0984.wav,anyway you don't I am in it with alarm in saree,tamil
0,tam_0985.wav,Bharti patriya Padalgal kurippugal indiavil ulana,tamil
0,tam_0986.wav,Swamiye Qatil velivantha padathil Srinivasa Rao s r Santo mathampalayam,tamil
0,tam_0987.wav,Vijay per Tripura katturaigal Theri padangal,tamil
0,tam_0988.wav,in Nagaram Nagaram,tamil
0,tam_0989.wav,aap per Diye erkanave papa ko pagal,tamil
0,tam_0990.wav,Vijay Narayanan ya Qatil Jaishankar Lakshmi mathampalayam,tamil
0,tam_0991.wav,Gopi leiden table ine Bade photo point Patil irukum cell,tamil
0,tam_0992.wav,Karnataka psychological Patri katturai college Theri padangal,tamil
0,tam_0993.wav,mukkala till is imperative in Europe,tamil
0,tam_0994.wav,party Mangal patriya Oru Thalaivan,tamil
0,tam_0995.wav,it was Haryana Aashiq Alam album,tamil
0,tam_0996.wav,ennil Enna Oru thagaval Kalai Se today,tamil
0,tam_0997.wav,Nakkeeran Eid mein,tamil
0,tam_0998.wav,uncle in Tamil till shutter adhiyamaan Aayirathil,tamil
0,tam_0999.wav,Arasu udavi parampalli,tamil
0,tam_1000.wav,train enikkai patriya thagavalgal Pillai,tamil
