,Filename,text,language
0,tel_0001.wav,Aa Tarvatha Hyderabad ko Badri,telgu
0,tel_0002.wav,yah Gramam Lo prajala Pradhan Navratri pravachan,telgu
0,tel_0003.wav,quthbullapur Andhra Pradesh rashtram Loni Rangareddy Jilla mandalam,telgu
0,tel_0004.wav,Naina Pita Puraskar and grahita viswanatha Satyanarayana,telgu
0,tel_0005.wav,hi grammar course ki nadi Madhya Marg block Kala Dun,telgu
0,tel_0006.wav,wicked kevalam Hyderabad matrame Pathshala saukaryam,telgu
0,tel_0007.wav,Wikipedia sabyulu Ravichandra Mario Khas Babu Mario ki pidiya ka aadharit,telgu
0,tel_0008.wav,railu Ravana vyavastha parimanam kramam Lo deshala Javed Hindi,telgu
0,tel_0009.wav,Hindu Sangam Makka ko Lala Kota mein,telgu
0,tel_0010.wav,Vijay Singh Ji ki film ko pattern De,telgu
0,tel_0011.wav,Jila Lo Agra Mala cutting,telgu
0,tel_0012.wav,dinner dwara chuttu pakkala Parikrama Logon Ne Tripura jaruguthunnadi,telgu
0,tel_0013.wav,Kabhi Asan Drishti Mario play the star,telgu
0,tel_0014.wav,ekgaon Delhi Bengaluru Hyderabad Mandi near me,telgu
0,tel_0015.wav,udaharan ko Wikipedia to login Pukara Vyas ke jilon ke Charcha,telgu
0,tel_0016.wav,Madhushala Ananda Undi,telgu
0,tel_0017.wav,alagey bommalu upload cheyali,telgu
0,tel_0018.wav,bommalu vade vidhanam pay Jila na sari Pandey,telgu
0,tel_0019.wav,Euro Vijayawada chala dhagara,telgu
0,tel_0020.wav,Jeene prastut import Muscat leather Pata Nagar Manikonda antaru,telgu
0,tel_0021.wav,Kadapa jilla Andhra Pradesh Loni Jilla,telgu
0,tel_0022.wav,Wikipedia lugadi pratyek licence padhati,telgu
0,tel_0023.wav,kalidasu per Sanskriti Kavi ka karta,telgu
0,tel_0024.wav,desamlo prasidha Tamila senior darshakudu ke bhalchandra Anaconda Bandhan Hindi,telgu
0,tel_0025.wav,Hindu Kante Communist Party gurinchi vyasam,telgu
0,tel_0026.wav,vayasam Kaminey Jamane rajkiy Mario samajika siddhantam gurinchi matrame,telgu
0,tel_0027.wav,Chitram Lo Akkineni Nageswara Rao Nageswara Rao,telgu
0,tel_0028.wav,Kannada Karnataka Rashtra adhikara bhasha,telgu
0,tel_0029.wav,emotion Wikipedia ko sambandhit Mausam,telgu
0,tel_0030.wav,Aaina bheji financement aalochana,telgu
0,tel_0031.wav,men rashtram Lo Diwakar engineering kalasala,telgu
0,tel_0032.wav,eppudu Miriyala Sant kam chest Mein Katha Sant kam Karna Hindi,telgu
0,tel_0033.wav,Kabali neruppu Rangoli Mukul tappa,telgu
0,tel_0034.wav,Rani Vari gurinchi ninadalu chala takkuva,telgu
0,tel_0035.wav,e Gramam Lo Hari pradhana Panta,telgu
0,tel_0036.wav,Varalakshmi vratham Anna pageelu Varalakshmi vratham cinema Varalakshmi vratham Pandaga,telgu
0,tel_0037.wav,Walker with Amina boutique Aacharya,telgu
0,tel_0038.wav,Ke jilo Mere chahane Wale Dunga Prayag Aalu chahie Tum Wikipedia lo avasaram,telgu
0,tel_0039.wav,dinner dwara ka Prathmik ka Pathshala ka high school ka IDBI Net covid-19,telgu
0,tel_0040.wav,America lo ATI Prachin na Prabhu to Sanskriti ka Sanstha,telgu
0,tel_0041.wav,today Army Aakhri satyata Pratibha,telgu
0,tel_0042.wav,kostha Andhra Telangana Mario Rayalaseema,telgu
0,tel_0043.wav,the girl Loni railway station Rajahmundry lega Kakinada,telgu
0,tel_0044.wav,Telugu cinema Rangam Lo gummadi gummadi Venkateswara Rao,telgu
0,tel_0045.wav,Kota Tirupur Godavari Jilla ramavaram Mandalam Gramam,telgu
0,tel_0046.wav,Gramam Lo prathamika patashale low mood colour,telgu
0,tel_0047.wav,Gramam Lo Sarana Manchi Neethi part 2,telgu
0,tel_0048.wav,Adavilo Chala Rakha Mario pakshulu,telgu
0,tel_0049.wav,kulkacharla Andhra Pradesh rashtram Loni Rangareddy Jilla mandalam,telgu
0,tel_0050.wav,Panchayat Raj Shaka website Lo Kadapa jilla taluka vivaralu,telgu
0,tel_0051.wav,vivaralu de sailaja beta Sampada Anjana vistarana Gramam lo,telgu
0,tel_0052.wav,Maroon a software wataru Sahi,telgu
0,tel_0053.wav,main Krishi ki mein pratyek ka Abhinandan alone,telgu
0,tel_0054.wav,Tirupati Vijayawada Chennai Hyderabad to Kadapa Mungaoli Madhya Pradesh nityam,telgu
0,tel_0055.wav,Telugu songs from Lo Hyderabad,telgu
0,tel_0056.wav,Saudi Arabia rajkiy Patil Siddham,telgu
0,tel_0057.wav,Nandamuri Akkineni saree collection natinchina subbarow Chitram Pelli Pilla,telgu
0,tel_0058.wav,Mario Kart Babu Mario Wikipedia kurti per aadharit kam,telgu
0,tel_0059.wav,Divya Bharti Ela cheyali Lo YouTube 12 vivaralu,telgu
0,tel_0060.wav,kanyasulkam natakam gurajada Apparao Rasina sangikanatakam,telgu
0,tel_0061.wav,Apollo mission Tamila kanipistundi,telgu
0,tel_0062.wav,dinner kendram Delhi login,telgu
0,tel_0063.wav,Padyalu Rider Ne ki upyog inch Vidhana Ne Chandu antro,telgu
0,tel_0064.wav,Telugu cinema project nirmanam Lona Bomma,telgu
0,tel_0065.wav,Raj Pramukh Sangeet Darshak TV Raja kumarudu,telgu
0,tel_0066.wav,Yuvraj Sayani ke prasiddh chandanadi,telgu
0,tel_0067.wav,Nani Telugu Wikipedia ko kutta,telgu
0,tel_0068.wav,MI vixion Aaja beta Sayan to de dena thoda Lagan Matra mein,telgu
0,tel_0069.wav,Dada Saheb Phalke award grahita Pradeep,telgu
0,tel_0070.wav,vaaram parvatha tricky randi,telgu
0,tel_0071.wav,Deva Paschim Godavari Jilla Penukonda Mandal Aane Ki Chinna Gramam,telgu
0,tel_0072.wav,community channel Telugu chitralu Ku Ku K Raghavendra Rao Garu brisket vahin Charon,telgu
0,tel_0073.wav,go Pata Mandi Ki Pata taka,telgu
0,tel_0074.wav,Marina Abraham Wikipedia in Hindi,telgu
0,tel_0075.wav,Ek Mukhi main Pantaloon Wari Mukh gana,telgu
0,tel_0076.wav,Academy Trivandrum,telgu
0,tel_0077.wav,Bharata Desam Lo a cougar matade dravida bhasha,telgu
0,tel_0078.wav,Chitra Nikki Mahesh Babu nathana Krishna,telgu
0,tel_0079.wav,pradhana rajakiya Patalu Congress Telugu Desam,telgu
0,tel_0080.wav,Hamari kalaiya ka Nikita Chitra Katha,telgu
0,tel_0081.wav,hi prantham Lo Hari mukhe mhana,telgu
0,tel_0082.wav,Telugu Muslim Jadu ki samasya,telgu
0,tel_0083.wav,Kothapalli Thiruppavai Jilla polavaram Mandal Aane Ki Gramam,telgu
0,tel_0084.wav,Sivani Vikram samudramlo Nanna Eswari Vikram Chala donon Undi Undi,telgu
0,tel_0085.wav,Telugu Wiki Lo Desam gurinchi vyasam,telgu
0,tel_0086.wav,gadi Roja ninde Telugu songs from Telugu,telgu
0,tel_0087.wav,Tarvatha Tamil cinema Nirmata Narayan to Kalsi general film corporations pancharam,telgu
0,tel_0088.wav,I know that grantham Shivaji Maharaj Charitra,telgu
0,tel_0089.wav,even sem Telugu coronavirus in China Muslim 17,telgu
0,tel_0090.wav,Australia Desh jatiy pakshi,telgu
0,tel_0091.wav,Kadapa assembly niyojakavargam Kadapa assembly niyojakavargam,telgu
0,tel_0092.wav,Yuvraj De sailaja Vita railu Ravana vyavastha parimanam Niyam bataiye,telgu
0,tel_0093.wav,udaharan kaun sa jilo thoda,telgu
0,tel_0094.wav,Kiran Kumar Garu Telugu Wikipedia ko Swagatam Wikipedia Abhinandan,telgu
0,tel_0095.wav,yavarum Samaikya Krrish ki ematram aadarniy Laden,telgu
0,tel_0096.wav,Gramin Kaun private saukaryam Mario kaariyam unnadi,telgu
0,tel_0097.wav,Keval sorensen matrame puthupadam caution licence patam Jordan De,telgu
0,tel_0098.wav,41 mm Anurodh dhundho Mari,telgu
0,tel_0099.wav,Dada Saheb Phalke award grahita Akkineni Nageswara Rao,telgu
0,tel_0100.wav,Ummadi Kutumbam Sanjana Vijay massage in Ranchi Jharkhand,telgu
0,tel_0101.wav,Naina peta award pudina Toli Telugu,telgu
0,tel_0102.wav,kanyasulkam gurajada Apparao kanthur sangikanatakam,telgu
0,tel_0103.wav,Swamy Vaari Aalayam mukhya Krishna,telgu
0,tel_0104.wav,Itna Chandra Tum chakka Ka Dum Chesko Nadu,telgu
0,tel_0105.wav,Kakatiya visvavidyalayam Warangal public visvavidyalayam,telgu
0,tel_0106.wav,Meeru Paschim Godavari Jilla Bari Katha,telgu
0,tel_0107.wav,Sangeetha nataka Academy Bharat Prabhu airport jatiyan Academy,telgu
0,tel_0108.wav,Ready vyasani Telugu Wikipedia page you are brothers in showroom,telgu
0,tel_0109.wav,Dada Saheb Phalke award grahitha L V Prasad,telgu
0,tel_0110.wav,Suna Dard ko tum vahin Suna Ho Sita ka dwara Shani rangapravesam ke Charo,telgu
0,tel_0111.wav,kevalam Telugu Itna service matrame,telgu
0,tel_0112.wav,Sunday Wikipedia Telugu puku rasalu vayasam,telgu
0,tel_0113.wav,Annapurna Sansthan chaitrangan KV Reddy Das ko thaam Lo rupanjana Donga Ramudu,telgu
0,tel_0114.wav,Paschim Bangal Bengali Pradhan Mahina bhasha,telgu
0,tel_0115.wav,Pradhan net1 Arun Nagarjuna Sagar Kalwa,telgu
0,tel_0116.wav,ETV Telugu songs from Lo Pada vanilla,telgu
0,tel_0117.wav,Bharat ka pahla Khula bhajana,telgu
0,tel_0118.wav,free Akshara Ka Mamla me veekshana Javed Gani vs Thapa Jila Patrika,telgu
0,tel_0119.wav,prapanchamlo Randhawa software Sansthan,telgu
0,tel_0120.wav,Chinna pillala ko Bhaga istamaina Aata,telgu
0,tel_0121.wav,Andhra Pradesh Rashtra Mhari mukhymantri Nandamuri Taraka Rama Rao dobariya Nandamuri Lakshmi Parvathi,telgu
0,tel_0122.wav,Malika Parishad naalu nishedam Wikipedia Malika parisodhana total,telgu
0,tel_0123.wav,ooriki pakka Varun jagannadhapuram Madhya condom Narasimha Swamy Aalayam,telgu
0,tel_0124.wav,siddhantam Paschim Godavari Jilla Penukonda Mandal aane ke Chandana gramamu,telgu
0,tel_0125.wav,bhai Ranjeet Singh Shekhawat Rajasthan shasan sabasab Durga Nadu,telgu
0,tel_0126.wav,Mata Vada Kidhar BM Sansthan Telugu Tamil Kannada bhasha nirminchithivi,telgu
0,tel_0127.wav,the pancham Lo Randhawa pakshi,telgu
0,tel_0128.wav,Gramam Lo aparadhini ka Pathshala Maru Jila Parishad Pune to Pathshala Unnao,telgu
0,tel_0129.wav,Kadapa Jilla ko sambandhit Samachar Samachar website Logon nadi,telgu
0,tel_0130.wav,Andhra Pradesh Rashtra Maji mukhyamantri Nandamuri Taraka Rama Rao,telgu
0,tel_0131.wav,Uri Janab tomorrow I Di wale,telgu
0,tel_0132.wav,Raghu Dard ko tum vahin Chuna Marathi cinema,telgu
0,tel_0133.wav,Wikipedia sabyulu Shastri Mariyam visa Satya Mario Wikipedia,telgu
0,tel_0134.wav,Eluru Nandi buses or kariyum Hindi,telgu
0,tel_0135.wav,Dada Saheb Phalke award grahita V K Murthy,telgu
0,tel_0136.wav,Dani pakka Ne vah Jinda Ling ko Neela Undi,telgu
0,tel_0137.wav,Kadapa Jilla Kothur Pune nelluru Anandapuram dakshinachitra,telgu
0,tel_0138.wav,dinner Vatika Lo a cougar jailu Antara,telgu
0,tel_0139.wav,inter Commando Adhikari kawna page iganga Tollygunge,telgu
0,tel_0140.wav,Pakistan custom military Pala nalo unnadi,telgu
0,tel_0141.wav,yah gram Samudra tirane ki jagah unnadi,telgu
0,tel_0142.wav,adhikary praantiy Prabhu tufani Ke abhineta,telgu
0,tel_0143.wav,elanti Madras Lo jarigina TV karykram Gemini Ganesan,telgu
0,tel_0144.wav,Euro Hyderabad Nagaram Lo Cross Road,telgu
0,tel_0145.wav,Shameem Lo Dasari Narayana Rao K Raghavendra Rao kodandaram Reddy Anna Darshan Kollam,telgu
0,tel_0146.wav,Raghu vayasam Telugu Wikipedia,telgu
0,tel_0147.wav,Dasari Narayana Rao Prabhu Mahila degree kalasala unnadi,telgu
0,tel_0148.wav,Khud dikha Vitamin C in Muthuku,telgu
0,tel_0149.wav,Bharata Desam project masala Varkala vargikarana,telgu
0,tel_0150.wav,Ek Raniwara who are you under vacuum,telgu
0,tel_0151.wav,Jana Gana Mana deshaniki Hindi adhikara bhasha,telgu
0,tel_0152.wav,Minnesota rashtram Lo kala ka Pramukh Janata Vidya Sansthan vyavastha,telgu
0,tel_0153.wav,han ki Munawar Azad Rahana Gala Aata,telgu
0,tel_0154.wav,Prati nirva Guru Wikipedia to Lakhimpur vidhanam ardham Chesko wale,telgu
0,tel_0155.wav,Bhumi Mario chandroday Madhya porika,telgu
0,tel_0156.wav,Yuva ki truck Guru raghavapuram Madhya Narasimha Giri Anaconda Maidan Narasimha Swamy Aalayam,telgu
0,tel_0157.wav,Tumko vishayam Na Paye Re Tappu ka prasaran,telgu
0,tel_0158.wav,Satyanarayana Raju Mario Vaidya Satya ki pidiya ka kurti per aadharit,telgu
0,tel_0159.wav,Panchayat Raj Mantri to check website Kurnool jilla taluka vivaralu,telgu
0,tel_0160.wav,urlana Kalan Jila Parishad Pathshala kapati Sanskrit Pathshala,telgu
0,tel_0161.wav,Dada Saheb Phalke award grahita shantharam,telgu
0,tel_0162.wav,minty Pareto prasiddh Chandana Roy Hindi,telgu
0,tel_0163.wav,Hookah jathulu Yaad Mandir,telgu
0,tel_0164.wav,veeraghattam Andhra Pradesh rashtram Loni Srikakulam Jilla Gramam mandalam,telgu
0,tel_0165.wav,Gramam Lo Prathmik Arogya Kendra Undi,telgu
0,tel_0166.wav,Bhartiya Bhasha loan Wikipedia badlun Hyderabad Wikipedia Ante Ela Undi,telgu
0,tel_0167.wav,Divya Salim Kodathoor and,telgu
0,tel_0168.wav,hydropower Yugam Arrambam Hindi,telgu
0,tel_0169.wav,Prasad Parida vah bheji ke Hindi,telgu
0,tel_0170.wav,purvam ki gram Ravana sokar Malaika Maro monogram Manga,telgu
0,tel_0171.wav,Kanchipuram any solution falana sannivesha Manu Laika inke dosani Vesham,telgu
0,tel_0172.wav,udaharan ko Nandamuri Taraka Rama Rao NTR NT Rama Rao,telgu
0,tel_0173.wav,Hani ke Aayo Maya Nivrutti pay ji,telgu
0,tel_0174.wav,Navin Garu new ppd Katha,telgu
0,tel_0175.wav,dinapur aadami ka pratipadan Matra mein,telgu
0,tel_0176.wav,Ganga Rahul vayasam Telugu Wikipedia Madhya Pradesh in Charan,telgu
0,tel_0177.wav,Eppadi Jila Parishad Adhyaksh Ramchandra ready sankusthapana Jaise Nadu,telgu
0,tel_0178.wav,Manna Rajasthan ke Telugu adhikara bhasha,telgu
0,tel_0179.wav,Ek Sanskrit mahine pet ki Telugu Vadi karlo iqamat Allah Kante Ek Matra Kante Ek Kuan,telgu
0,tel_0180.wav,Telangana Panther Nikki change na Madhya mukhyamantri,telgu
0,tel_0181.wav,rashtram Loni Nadi Godavari Krishna,telgu
0,tel_0182.wav,very gram pradhan R pant,telgu
0,tel_0183.wav,abe Jila Palak Mundu Tapan Sarkar Wikipedia Andheri gundavali,telgu
0,tel_0184.wav,polavaram tour to Godavari Jilla mandalam,telgu
0,tel_0185.wav,rava ka pratyek Kamina Hota Varna Sanstha,telgu
0,tel_0186.wav,inter hi Charcha bheji Jordan De,telgu
0,tel_0187.wav,Shastriya Mario paristamil n do upayogam,telgu
0,tel_0188.wav,Mausam Chetna tharuvatha Aalu Aate Riva Riva Gumla ke bacche,telgu
0,tel_0189.wav,Srikakulam Ghantasala prasiddh Chandana Andhra Vishnu Devalayam Unnao room,telgu
0,tel_0190.wav,Panchayat Raj Mantri tracker website Lo Karimnagar jilla taluka la vivaralu,telgu
0,tel_0191.wav,Telugu visvavidyalayam prachar in China weakness service from Hyderabad,telgu
0,tel_0192.wav,Marconi sambandhit kya Salah Apa Aku Kadapa yo Maya nivritti Chauhan De,telgu
0,tel_0193.wav,Pradhanmantri mukhya Jana Chehre ko Mario,telgu
0,tel_0194.wav,Kurnool Mario Prakasam jilla lo uttarana,telgu
0,tel_0195.wav,Khas Babu Garu Yadav,telgu
0,tel_0196.wav,Dainik Ami Suchna liye Mahina unt cal Pandey,telgu
0,tel_0197.wav,Mukabala Mere gane ka DJ Gurmeet nigana yah ko Abhinandan,telgu
0,tel_0198.wav,Gramam Lo Pradhan Prati Nirupa kuragayalu,telgu
0,tel_0199.wav,what input only to see a cinema love someone in Chennai on Sunday,telgu
0,tel_0200.wav,Gramam lo unnatha patashala unnadi,telgu
0,tel_0201.wav,mirgoda Santa kam cheyandi,telgu
0,tel_0202.wav,ki bheji prayogshala Lo sampatti to Dandi,telgu
0,tel_0203.wav,Mourya Samrajyam Lo Bhag Ganga Bundeli,telgu
0,tel_0204.wav,Mayuri Pairon Pati ke Ande,telgu
0,tel_0205.wav,Kasu Babu Garu chinchina visham bagundi Kahani Vishwanath surjan Chetan,telgu
0,tel_0206.wav,Undertaker ka Khooni cinema Lo 5 recorder,telgu
0,tel_0207.wav,apart in Hindi Aadesh improve Germany,telgu
0,tel_0208.wav,20 visvavidyalayam Prapancham lo,telgu
0,tel_0209.wav,mashid Basani ke Roj le lo,telgu
0,tel_0210.wav,Lakshmi Rajyam Telugu cinema rangasthalam mariyo Nirmata,telgu
0,tel_0211.wav,Pramukh Telugu cine darshakudu K Viswanath Sirivennela cinema Patalu,telgu
0,tel_0212.wav,Kahani Janab Hyderabad Nagar janaba ghante chala takkuva,telgu
0,tel_0213.wav,Telugu songs from Lo Naal Gagan alarm,telgu
0,tel_0214.wav,emotional gurinchi vivarana,telgu
0,tel_0215.wav,the Kalidas ka Mata Mandir natak Rachna,telgu
0,tel_0216.wav,edhi Maharashtra yoga adhikara bhasha,telgu
0,tel_0217.wav,Hindi vyavsay aadharit egramam Pari Pradhan reporter,telgu
0,tel_0218.wav,han sandarbham Lo me Sabhi Naam asthanam Lo address kanipistundi,telgu
0,tel_0219.wav,talavera vyavastha read wala Jija mokalo,telgu
0,tel_0220.wav,Mausam ke chundawada bommalu Aate Di vachinavante Ne Yuva Gamla ki bacche Chirutha,telgu
0,tel_0221.wav,Kadapa Andhra Pradesh rashtram Loni Kadapa Jilla mandalam,telgu
0,tel_0222.wav,Krishna jilla Ghantasala Mandalam lo unnadi,telgu
0,tel_0223.wav,naked Mahashivratri ki Brahmand Mahina matwalo Hai rojana part 2,telgu
0,tel_0224.wav,Panchayat Raj Mantri Prasad ka website Vijayanagaram jilla taluka vivaralu,telgu
0,tel_0225.wav,where bhi Prime psychoda chapter 2,telgu
0,tel_0226.wav,Kavali santhakaviti Srikakulam Jilla santhakaviti Mandal Aane Ki Gramam,telgu
0,tel_0227.wav,Kahani Vyas ambagan pancharan Kosam pranalu Marciano,telgu
0,tel_0228.wav,khedapati Shahrukh Khan se Babu Garu,telgu
0,tel_0229.wav,Nirma pakka na Munna Mithaiwala,telgu
0,tel_0230.wav,hematin Sheikh Karam Gujarat Dwarka satanwada,telgu
0,tel_0231.wav,Telugu nelalu Telugu nelalu pannandu,telgu
0,tel_0232.wav,vyasani Telugu puku Vidyarthi Ke Charno,telgu
0,tel_0233.wav,abhi ko pratyek Mahina Vasna Ruchi Kalki,telgu
0,tel_0234.wav,varg vivaran ke jilo Kinder vivaran undali,telgu
0,tel_0235.wav,very very Pradhan,telgu
0,tel_0236.wav,apni usko Aana Bharat apana Adhikar koren,telgu
0,tel_0237.wav,Maurya Samrajya ke calling Rajdhani ke Madhya Jari Hindi,telgu
0,tel_0238.wav,Corona ok Oka Vishwavidyalay caller tune,telgu
0,tel_0239.wav,Bhartiya ghante shastron Samaj Jaane Ki Karya briskoda,telgu
0,tel_0240.wav,Aaina sishyulu I know Master Tulsi kuntaru,telgu
0,tel_0241.wav,alagey Chiranjeevi Aayo Maiya nivritti Aandhi I am Aaya Nivrutti PG,telgu
0,tel_0242.wav,Sajan chappal and a Wikipedia,telgu
0,tel_0243.wav,Ante women Desam by Salim Andhra Pradesh ghante Aqua,telgu
0,tel_0244.wav,Brahmana cheruvu Chittoor Jilla KVB Puram Mandalam Gramam,telgu
0,tel_0245.wav,nagireddy vayasam Telugu Wikipedia Marathi,telgu
0,tel_0246.wav,free Telugu songs download,telgu
0,tel_0247.wav,Gazal are Nagin three Sambhashana streela Sambhashana,telgu
0,tel_0248.wav,Dani pere komanam Greek bhasha,telgu
0,tel_0249.wav,prapancha sahityam lo ugo prachana,telgu
0,tel_0250.wav,Prati Jila Kaun Kendra prabhutva IAS officer collector ka niyam in Hindi,telgu
0,tel_0251.wav,iverson Logon Christina samacharan,telgu
0,tel_0252.wav,Kadapa Matam Jila koraku Kadapa Jilla,telgu
0,tel_0253.wav,oorilo Oka railway station Undi,telgu
0,tel_0254.wav,Wikipedia sabyulu Ravichandra Mariyam ka Subah ka kurti per aadharit,telgu
0,tel_0255.wav,Srikakulam Jilla Lo local Lok Sabha,telgu
0,tel_0256.wav,mister ranante Keralam angle Wiki anuvadam cartoon,telgu
0,tel_0257.wav,pedavegi vah kapati Denge Satavahana La kalamlo Pramukh Nagaram,telgu
0,tel_0258.wav,aadami ka Pathshala kab Hona Tha Pathshala Inter College Unnao,telgu
0,tel_0259.wav,Devayani ki hey Durga Madhya nirminchina Mandapam Krishna,telgu
0,tel_0260.wav,jeevamshamayi Thane patrikalu pracharam Nirahua Hindustani 2,telgu
0,tel_0261.wav,Aankhen yah Dena Sandesh Ham Vaste kachithanga Charcha page lo rayandi,telgu
0,tel_0262.wav,American to do Ramdev Banna Subramanya Swamy Konda pakoda,telgu
0,tel_0263.wav,model Babu Garu Chala pratyek Netru thevai ki sabhyata Ande,telgu
0,tel_0264.wav,Ilaaj Islam Mein koda nibandh naalum Unnai v,telgu
0,tel_0265.wav,Govardhan Parvat R Bondhu Re Kancha bacchon ko vidhanam chodan de,telgu
0,tel_0266.wav,yah Puri Lo vyavasayam Ek Kauwa,telgu
0,tel_0267.wav,Jindagi sambandhit na Telugu model Jodi Jodi Jata Janata comedy,telgu
0,tel_0268.wav,Sanskrit and Hindu bauddha Mario China metallic pradhana bhasha,telgu
0,tel_0269.wav,Yad Mein cal Hua Nalgonda Jilla covid-19 Shroff Rajasthan,telgu
0,tel_0270.wav,Warangal Jilla ko mukhya Pattanam Warangal,telgu
0,tel_0271.wav,he Pattanam Hasan Jila ko Rajdhani Kota,telgu
0,tel_0272.wav,endukante abhi Aaya sabila abhipraya lo matrame,telgu
0,tel_0273.wav,naa Jeevitha Yatra tanguturi Prakasam paging,telgu
0,tel_0274.wav,Devalayam Telugu undakkam prathyekatha,telgu
0,tel_0275.wav,Aaina ko Inder Kumar Akshay Kumar,telgu
0,tel_0276.wav,inter Randhawa song from Sri Sai junior kalasala Bapatla,telgu
0,tel_0277.wav,Divya Saloni Pradhan ko file ka taiyari test baguntundi na uddesham,telgu
0,tel_0278.wav,Kanaka Mein Kunda Kunda Kunda,telgu
0,tel_0279.wav,polavaram Paschim Godavari Jilla Kuchh Lena ok mandalam,telgu
0,tel_0280.wav,elanti samayamlo e Summit chapter room,telgu
0,tel_0281.wav,Kanti Garu Telugu Wikipedia ko Swagatham Wikipedia,telgu
0,tel_0282.wav,women Palli Andhra Pradesh rashtram Loni Adilabad Jilla Ko Chandi na mandalam,telgu
0,tel_0283.wav,Udaipur to Banna Qawali I am Aaya nivritti,telgu
0,tel_0284.wav,udaharan ko Malika any type test pattern,telgu
0,tel_0285.wav,Srikakulam Krishna jilla Ghantasala Mandalam Gramam,telgu
0,tel_0286.wav,ayate lekin Anda Ne Mataram Telugu song,telgu
0,tel_0287.wav,heroine 2 cinema Lo Kodathoor Nagar,telgu
0,tel_0288.wav,Annamayya Padyalu party ki tippani,telgu
0,tel_0289.wav,acche Varum Mumbai Airport live in Kapurthala,telgu
0,tel_0290.wav,Pashu budida Murga finale,telgu
0,tel_0291.wav,yavarum payasam tayari chesinanduku kruthagnathalu,telgu
0,tel_0292.wav,Rithika ka Maro viro Vibhag Aalu Unnai,telgu
0,tel_0293.wav,purti vivarana Javed Chaudhari,telgu
0,tel_0294.wav,parvaton ki Pradesh Aane ko masjid ka macharon,telgu
0,tel_0295.wav,Maurya Chakravarti Ashok Ne marananantharam Chand Ke Paar Chalo,telgu
0,tel_0296.wav,Yanam Bhai Hindi Maro ka bhashan,telgu
0,tel_0297.wav,original Kundan,telgu
0,tel_0298.wav,tharuvatha Kashi Vishwavidyalaya Mandi Sanskrit amloh Punjab,telgu
0,tel_0299.wav,up Mantri Lana Raja Nirgun Naino Ki,telgu
0,tel_0300.wav,kya chal raha hai Sandeep Pustakam ka Pustak gurinchi Matra mein,telgu
0,tel_0301.wav,Zee Telugu boys lover day,telgu
0,tel_0302.wav,DJ se Hani chalata Kuan,telgu
0,tel_0303.wav,Telangana Mudiyum Patla adhiniyam KCR Mandir,telgu
0,tel_0304.wav,Hindu ko Wiki Telugu lo Chiranjeevi Wiki Telugu lo Tirumala PG Tu Sanam,telgu
0,tel_0305.wav,ETV manam Rishte baguntundi ne na aalochana,telgu
0,tel_0306.wav,randi ki sambandhinchina Sanskrit model are you Madurai Naveen,telgu
0,tel_0307.wav,Madhya Pradesh Lo Oka Gramam Lo pradhamika Pathshala,telgu
0,tel_0308.wav,rashtram Loni Vijaywada udaharan,telgu
0,tel_0309.wav,Kavali Srikakulam Jilla santhakaviti Mandal Aane Ki Chinna Gramam,telgu
0,tel_0310.wav,Sufi tatvam Islam Matam Loni ka aadhyatmik Charan issue with tatvam,telgu
0,tel_0311.wav,Bhartiya Sanskriti ka Sahitya Patrika prarambh injured,telgu
0,tel_0312.wav,I think you don't to Wadi lakshanalu Dada ok wedding event I,telgu
0,tel_0313.wav,Panchayat Raj Mantri Swasthya ka website Lo Srikakulam jilla taluka vivaralu,telgu
0,tel_0314.wav,ant ekadam nikala Sangam Khuda par tippani N T Rama Rao Uttar Kumar ki ka Gunda Chandrababu Uttar Kumar ke Hindi,telgu
0,tel_0315.wav,Zee Cinema ko Mata Rani Hindi Gana Pita grahita Narayana Reddy,telgu
0,tel_0316.wav,Zee Cinema pradhana kadanayakudu Chiranjeevi,telgu
0,tel_0317.wav,nagoi vishayam isliye Mitali Yadav,telgu
0,tel_0318.wav,bahut jyada puratana Saraswati Nadi Ke osiya ka bacchon,telgu
0,tel_0319.wav,Lage Mira upload Jesna metre bommalu kokoda licence vivaralu chat Chandi,telgu
0,tel_0320.wav,Gramin ki Rajahmundry Nandi Ki Sawari caller tune,telgu
0,tel_0321.wav,Puri Madhya Telugu calendar,telgu
0,tel_0322.wav,V Ranga Rao natinchina Telugu cinema Le Ja beta Wikipedia,telgu
0,tel_0323.wav,Telugu Prasiddhi pudina anuvadam,telgu
0,tel_0324.wav,Reddy Telugu cinema darshakudu mariyo Nirmata,telgu
0,tel_0325.wav,Mohammad pravakta Gari Samadhi ki Masjid ko anukona Unnati,telgu
0,tel_0326.wav,Mahabubnagar Jilla Lo Varsha padam taqwa,telgu
0,tel_0327.wav,Chittoor to Tirupati Marg,telgu
0,tel_0328.wav,Kendra Rashtra Le Madhya adhikara vibhajana,telgu
0,tel_0329.wav,Tumhari nirminchina Kota Gramam Lo Krishna,telgu
0,tel_0330.wav,Tanuku Nandi,telgu
0,tel_0331.wav,Wikipedia sibulan Shastri Wikipedia ka Arth yah to sab liya ka kurti per aadharit,telgu
0,tel_0332.wav,district cricket live score Sajana Bharti video,telgu
0,tel_0333.wav,kapde Malli Pata Chala,telgu
0,tel_0334.wav,americalo Milan Tini Tini andinje Nagar near Nagaram,telgu
0,tel_0335.wav,cartoon Afghanistan Pakistan Mari Uttar Bhartiya prantar Palan chadao,telgu
0,tel_0336.wav,Saras Suma usuru Dada MD,telgu
0,tel_0337.wav,English Wikipedia lo anubhavam unnadi,telgu
0,tel_0338.wav,Kahani Aaina sahityam Patla Gouravam Telugu Andarivadu,telgu
0,tel_0339.wav,Sri Satyanarayana Swamy Devalayam Yuvraj Pradhan Krishna,telgu
0,tel_0340.wav,Brahma Kuncham Padava kya Janu,telgu
0,tel_0341.wav,Wikipedia Logan Navya Sanu,telgu
0,tel_0342.wav,pravesam Mein Govardhan college,telgu
0,tel_0343.wav,gram amloh Mankapur aadami ka Pathshala unnadi,telgu
0,tel_0344.wav,customer Saraswati and a perimeter,telgu
0,tel_0345.wav,Andhra Pradesh Rashtra Road Ravana samstha APS RTC bus charges,telgu
0,tel_0346.wav,V Ranga Rao natinchina Telugu cinema Raja beta,telgu
0,tel_0347.wav,Khooni kevalam Ekti Katha abhipraya Matra mein,telgu
0,tel_0348.wav,bidesh sarasari Kante Kunjan taqwa,telgu
0,tel_0349.wav,today Ami Eka Eka Eka centuri,telgu
0,tel_0350.wav,Achcha Kuchh Na prakriya Tera Cheta,telgu
0,tel_0351.wav,Nivrutti pay ji ki Prakash Ravan,telgu
0,tel_0352.wav,Kavali Peru to Chala bhaiya Shalu Unnai,telgu
0,tel_0353.wav,Vaidya Satya Prakash Babu Hamari Wikipedia,telgu
0,tel_0354.wav,Hitler Dhani personal intercourse realities kuntaru,telgu
0,tel_0355.wav,Srinivas Nagar Rangareddy Jilla quthbullapur Mandal ke Chandana Gramam,telgu
0,tel_0356.wav,Raghavendra Rao Sangeet Dard ko vahin chalu,telgu
0,tel_0357.wav,pravesam Nagpur Wardhaman Hindi,telgu
0,tel_0358.wav,Jilla Lo Aneka Kafi total Banaye,telgu
0,tel_0359.wav,advanta plant Aalu mukhymantri per Chhoda,telgu
0,tel_0360.wav,Kahani Vijayawada Aane per mere ko gavadka Logon Dikhane ka radhe Wadali,telgu
0,tel_0361.wav,alanti airport to Anjani Nagar Delhi Yadav,telgu
0,tel_0362.wav,Prabhu to Prathmik Pathshala college,telgu
0,tel_0363.wav,danilo Pata bacteria koda va Bhag Ganga nadi,telgu
0,tel_0364.wav,jeevasasthram project to pay ji Khesari Jagrata gana joden De,telgu
0,tel_0365.wav,Dakshin America Desh Aane Ki chamdi nadi,telgu
0,tel_0366.wav,mothabari at any point tharuvatha net ishardan Mein Pelli chesukunna 2,telgu
0,tel_0367.wav,ok bhaiya Sani ki aane ke pahle Pata Tumko dard ka beti Dari Mar per Ji Lo anusar Korean Wikipedia logo,telgu
0,tel_0368.wav,every Lo ko badhiya Buddhi Sanstha Kala,telgu
0,tel_0369.wav,Chitram Lo Pragya 2 Telugu NTR Krishna Jagah Arjun,telgu
0,tel_0370.wav,din ke Karan yemito meeku telusa,telgu
0,tel_0371.wav,prastut Aane Ki kalin sari chest nenu ante,telgu
0,tel_0372.wav,Tanya prantalu Islamia Sangeeta prabhavam,telgu
0,tel_0373.wav,yah Devalayam Lo Devi vigraham lekapovadam prathyekatha,telgu
0,tel_0374.wav,sattamataka.com Kristu Puram lo,telgu
0,tel_0375.wav,Mayabazar Chitram 2 muthalipatti chalachitra KV Reddy furniture,telgu
0,tel_0376.wav,Kakinada Ne Madrasi Ani pilustaru,telgu
0,tel_0377.wav,Eppadi work Wikipedia Lo Nind station Kursi Tak Vande Mataram Maithili song,telgu
0,tel_0378.wav,Panchayat Raj Mantri website Lo Warangal jilla taluka vivaralu,telgu
0,tel_0379.wav,dharan Kaun Hindi,telgu
0,tel_0380.wav,vajrapukotturu Andhra Pradesh rashtram Loni Srikakulam Jilla mandalam,telgu
0,tel_0381.wav,Africa Unicorn Asia Unicorn,telgu
0,tel_0382.wav,dinner Dam Na Kar Dun kavadam ledu,telgu
0,tel_0383.wav,prapanchamlo America Barwada ki gana to shaadi Chuna Rando Desam Ka Chitra,telgu
0,tel_0384.wav,meet Javed mother page 1120,telgu
0,tel_0385.wav,Wikipedia Swatantra vigyana sarvaswam,telgu
0,tel_0386.wav,Gramam Lo Oka Pathshala unnadi,telgu
0,tel_0387.wav,abhi Bhartiya cinema project Mario Telugu Bhasha project,telgu
0,tel_0388.wav,English Wikipedia koda anthakudi Roshan Mandir,telgu
0,tel_0389.wav,muthulakshmi pratyek Ashok Karyalay airport chestaru,telgu
0,tel_0390.wav,mahaguru chara Prashant Ranga andanga Undi,telgu
0,tel_0391.wav,ID card encoder Telugu fast low pressure in Jeopardy Prati Patrika,telgu
0,tel_0392.wav,Akad Wasim Wikipedia gurinchi matrame,telgu
0,tel_0393.wav,Karni man courier se Alwar to Tak Kuan,telgu
0,tel_0394.wav,Ranga Rao Gari ki Inder Kumar Kumar,telgu
0,tel_0395.wav,Heena film ka gana darshakudu GV Iyer Adi Shankaracharya cine Rangam Lo Pravesh ine chalu,telgu
0,tel_0396.wav,prativedan ekadam Puja,telgu
0,tel_0397.wav,Raju Babu Garu new ITI Wale Ko Naman Salon pageelu Devi kilo,telgu
0,tel_0398.wav,Nandamuri Taraka Rama Rao mallaiah Adhikar amloki baccha 2,telgu
0,tel_0399.wav,angular Wikipedia Lo copy hakkula gurinchi gurinchi,telgu
0,tel_0400.wav,gnanamani river Commission ki Inko Kavi Samudra Manthan,telgu
0,tel_0401.wav,bommalu upload Shaitan Ke upload page in Hindi,telgu
0,tel_0402.wav,Bharata Desam Loni ka mukhymantri Paryatan ka Kendra,telgu
0,tel_0403.wav,viswanatha Satyanarayana rachanalu,telgu
0,tel_0404.wav,Yaadein wala yani ki raili saukaryam Lado,telgu
0,tel_0405.wav,are you mine everything PG challenge,telgu
0,tel_0406.wav,Nirahua ke channel ko pratyek Ke Liye Do,telgu
0,tel_0407.wav,Annu Bhari Parishram lekin Allah Ko Nahin,telgu
0,tel_0408.wav,TV Matra mein kahan ka board Pathshala Lo Maloom Telugu,telgu
0,tel_0409.wav,Zee Telugu lo Madhuri Sangi ka chitran,telgu
0,tel_0410.wav,falana Patnam Manchi in Hindi,telgu
0,tel_0411.wav,uralo kasavaniyum ramalayam,telgu
0,tel_0412.wav,Kahani prastut aane ke Hindi Dada ko yes,telgu
0,tel_0413.wav,29 tarikh English part 1 Telugu chitram,telgu
0,tel_0414.wav,Bharata Desam Lo Madina Masjid Masjid Kerala Lo Nirmal Badi nadi,telgu
0,tel_0415.wav,Kabhi Kunda agraharam Visakhapatnam Jilla kotapadu Mandal aane ke Chandra grahan,telgu
0,tel_0416.wav,Paschim Godavari Jilla Bharat Desh Mein yoga Andhra Pradesh rashtram Lo Nahin Hoga Jilla,telgu
0,tel_0417.wav,Mere Jala salahalu suchanalu picturon,telgu
0,tel_0418.wav,Mike Vogel gurinchi Sa Re Ga Telugu song,telgu
0,tel_0419.wav,Panchayat Raj Mantri Swasthya kam website long tour Godavari jilla taluka la vivaralu,telgu
0,tel_0420.wav,Din Kodad HSC Wiki lo pettindi,telgu
0,tel_0421.wav,Suna Garu Telugu Wikipedia ko Swagatam Wikipedia Abhinandan,telgu
0,tel_0422.wav,Kanchan chuse bommalu upload chestive Nanu,telgu
0,tel_0423.wav,Andhra Pradesh Rajasthan ki Chandi Nagaram Mein Rewa Jila ka mukhya Patna mein,telgu
0,tel_0424.wav,a Gaya sala Kuchh To bhaiya Dena anda bacchon,telgu
0,tel_0425.wav,Oka sari Bengaluru Kannada Peru Daman Chandi,telgu
0,tel_0426.wav,Babu Das ka Tum Lo Chitra nirmanam jarigindi,telgu
0,tel_0427.wav,what a link lock awesome Kasturi I am in everything,telgu
0,tel_0428.wav,play the evergreen Sabina Charcha page Lo me samasya Narayan De,telgu
0,tel_0429.wav,Dussehra utsavalu gana Nirahua history,telgu
0,tel_0430.wav,fashion Pairon Pithapuram Nageswara Rao marchali,telgu
0,tel_0431.wav,manavoori Pandavulu Oka Manchi Telugu cinema,telgu
0,tel_0432.wav,Mera upload Chashma photo bagundi,telgu
0,tel_0433.wav,Vignan Shastra Vishay Alaikum Sarina vargikaran Intezar,telgu
0,tel_0434.wav,Kodangal koski Narayanpet bus Shukriya Undi,telgu
0,tel_0435.wav,kite udyamam Lo Pramukh ka Palan karna Pankha tried Rachna Patalu Ghoda Kshetra Mein Hindi,telgu
0,tel_0436.wav,Zee Cinema Raja beta Pita ne ne ne,telgu
0,tel_0437.wav,Vishal Nirahua kulaku Patra,telgu
0,tel_0438.wav,grammar Lagaya sala gurinchi Milana Charcha page Loris na Dhani Ki,telgu
0,tel_0439.wav,Ashu Babu Garu gudipati Venkata Chalam Chalam ke vyakti gurinchi Vyas,telgu
0,tel_0440.wav,Visakhapatnam sambandh in China and USA San Sebastian Aalu Unnai,telgu
0,tel_0441.wav,Daulatabad peroto Taken take covid-19 wala na ji Paye ji awesome airport Hindi,telgu
0,tel_0442.wav,Mere kutte ka 16 Chuna tangutur Prakasam kg Loni mission Ne anuvad inchi pipe dealer pattern De,telgu
0,tel_0443.wav,adhika pyhook labelencoder ka Vachan,telgu
0,tel_0444.wav,Rangareddy Jilla Gudur Mandalam Gramam,telgu
0,tel_0445.wav,Bapatla Engineering College Salon Bhagan cartoon,telgu
0,tel_0446.wav,Payal paralokanestham aksharalu undali,telgu
0,tel_0447.wav,karandola Kangna service ko sambandh Anjana pe Ji Lo,telgu
0,tel_0448.wav,Pithapuram tour to Godavari Jilla Court Channapatna,telgu
0,tel_0449.wav,udaharan ko bhejo randi,telgu
0,tel_0450.wav,pramuka Telugu cine darshakudu Satyanarayana,telgu
0,tel_0451.wav,Mandala pradhana Gramin Kota Gramin ka dam,telgu
0,tel_0452.wav,bikewale Delhi Samachar Mathura Mein,telgu
0,tel_0453.wav,keesara Andhra Pradesh rashtram Loni Rangareddy Jilla mandal,telgu
0,tel_0454.wav,Bharata Desam Lo Oka prantham,telgu
0,tel_0455.wav,Hamen Paschim Bangal Undi Telugu Parishram ko Pachadi,telgu
0,tel_0456.wav,Iqra patke Srikakulam Pina mukhya Samundi,telgu
0,tel_0457.wav,Deva Gari Charcha page lo unnadi,telgu
0,tel_0458.wav,Wikipedia sabyulu Ravichandra Babu Mario bheja Satya ka Kripa aadharit,telgu
0,tel_0459.wav,Rangareddy Jilla marpalli Mandalam Gramam,telgu
0,tel_0460.wav,Gramam Lo Zilla Parishad unnatha patashala Kadur,telgu
0,tel_0461.wav,Sare Mari program Hamari Udani sambandhit udaharan file 1994,telgu
0,tel_0462.wav,Nenu Kuda home ya Sani rasayanam,telgu
0,tel_0463.wav,kya Dube To Jaise aur ki Matra Mein kam Piston De,telgu
0,tel_0464.wav,payasam Kerala,telgu
0,tel_0465.wav,eruvaka PG commercial Inc owner,telgu
0,tel_0466.wav,apudu angala Wiki Telugu Wiki Rinku post Hindi,telgu
0,tel_0467.wav,Dussehra utsavalu nikal Gangadhar behtarin,telgu
0,tel_0468.wav,Telugu Wikipedia ok with service woman,telgu
0,tel_0469.wav,Radhe Man Ki aalochana tarvata Laut chahie Ande,telgu
0,tel_0470.wav,Budha madam Peru to vayasam Undi,telgu
0,tel_0471.wav,Wikipedia lo myura gurinchi rayandi,telgu
0,tel_0472.wav,namaskar Na purti Peru Lakshmi Saraswati Kumar,telgu
0,tel_0473.wav,Nenu Dani ka piche se naked Pita Nakoda,telgu
0,tel_0474.wav,Dani blue moon sapere Re,telgu
0,tel_0475.wav,Kasu Babu Garu namaste Telugu Wikipedia chala bagundi,telgu
0,tel_0476.wav,Srikakulam Andhra Maha Vishnu alayam,telgu
0,tel_0477.wav,han Gramam Lo Jila Parishad unnatha Pathshala Mandal Parishad bhagne ka Pathshala Unnai,telgu
0,tel_0478.wav,Vyas ka Parichay Pradeep Vyas Anarchy into mukhe mhana Bhagam,telgu
0,tel_0479.wav,Diwali Chitra Lo Patalu Kotha panchasaram,telgu
0,tel_0480.wav,Sufi tattoo Mein Islam Mein Tum logon ka aadhyatmik ka aaja Ram ki Su ringtone,telgu
0,tel_0481.wav,Rangareddy Jilla kandukur Mandal Chandanagar,telgu
0,tel_0482.wav,Devi ringtone gana Mangala Maya nivritti,telgu
0,tel_0483.wav,fashion lokala Miki Orissa Babu and paste a apadalo Nuvvu ardendale,telgu
0,tel_0484.wav,kanyasulkam natakam gurajada Apparao to Rachana sangikanatakam,telgu
0,tel_0485.wav,Amit computer pregnant,telgu
0,tel_0486.wav,Bengaluru nandi nandi,telgu
0,tel_0487.wav,palukulu,telgu
0,tel_0488.wav,episode na Kshetra Acharya Ranga Jo Saya Vishwavidyalay Mein pariyon ki vastundi,telgu
0,tel_0489.wav,han vayasam bhai Krushi Chesina Mari Ja Bata Chor randi,telgu
0,tel_0490.wav,Srikalahasti Maroon Nallur Madhu Pramukh puratana Devalayam,telgu
0,tel_0491.wav,in prastutam Muscat Lo Pani chestunnav,telgu
0,tel_0492.wav,Aaina vidyabyasa poornika akkade jarigindi,telgu
0,tel_0493.wav,angular Wiki Lo sangati 11 Chandan,telgu
0,tel_0494.wav,Yahi NR Dada Saheb Phalke award grahitha,telgu
0,tel_0495.wav,yah Din ok Maine yah some Devi kilo Le Dun,telgu
0,tel_0496.wav,Kurnool Andhra Pradesh rashtram Loni Kurnool jilla mandalam,telgu
0,tel_0497.wav,Ghantasala Ganam Chashma record Baga Janardhana Hindi,telgu
0,tel_0498.wav,Tanda Adilabad Jilla sarangapur Mandal unke Chandana Gramam,telgu
0,tel_0499.wav,Devru to Varna valluru nivritti thoda,telgu
0,tel_0500.wav,Mahakavi gurajada Apparao Janm sthan,telgu
0,tel_0501.wav,mein Guru Chala Manchi Guru,telgu
0,tel_0502.wav,kutur mutur Godavari Jilla Pithapuram Mandalam Gramam,telgu
0,tel_0503.wav,Nari kanalu kanalu live,telgu
0,tel_0504.wav,Bob Marley upload chestnut ko dhanyvad Alam,telgu
0,tel_0505.wav,Vasu saukaryam Hindi school on TV,telgu
0,tel_0506.wav,Ernakulam Ki Kathi Pe Ghoda,telgu
0,tel_0507.wav,adiganga Bhartiya kutumbale new Sanchar prant encoder,telgu
0,tel_0508.wav,Nellore Jilla Kota Mandalam Loni Gramam,telgu
0,tel_0509.wav,Dada Saheb Phalke award pudina Tuli Dakshin Bhartiya video,telgu
0,tel_0510.wav,ghante udaharan ko Dalo Matak Nahin Pata Rahe to perundi,telgu
0,tel_0511.wav,15 sarangapur Hyderabad Jila sarangapur Mandal Aane Ki chamdi Nagra mamu,telgu
0,tel_0512.wav,Aakhri Dam Nalgonda abhivrudhi jarigindi,telgu
0,tel_0513.wav,Ekkada Maha Shivaratri utsavalu gana Nirahua history,telgu
0,tel_0514.wav,hello open the Prakar I'm Bharat Khada Rachna Sagar Hindi,telgu
0,tel_0515.wav,dooram Lo Ballari Jilla lo unnadi,telgu
0,tel_0516.wav,PG Loni Hai dene star nani ki film ki ichcha Vidhan Kosam pay ji ki linkage vidhanam Chaudhari,telgu
0,tel_0517.wav,Aaya news cover garlapati nikala vivaralu rayandi,telgu
0,tel_0518.wav,Randhawa vyasani vargikaran chahie tha mukiyam,telgu
0,tel_0519.wav,Chali Gora Ram Andhra Pradesh rashtram Loni Nalgonda Jilla mandalam,telgu
0,tel_0520.wav,Andhra Pradesh Lo hanumanthuni Gudi Leni,telgu
0,tel_0521.wav,aa tharuvatha Aadi Pada hit,telgu
0,tel_0522.wav,Rayalaseema ko aap Peru pettindi Aaye ne,telgu
0,tel_0523.wav,Academy total covid-19,telgu
0,tel_0524.wav,Wikipedia sabyulu Tirumala Srinivas murder Wikipedia,telgu
0,tel_0525.wav,15 sarangapur Adilabad Jilla Loni sarangapur Mandal Gramam,telgu
0,tel_0526.wav,Ramayanam Lo beauty Patra entha Mandi,telgu
0,tel_0527.wav,Nagar Rangareddy Jilla Hyatt Nagar Mandal unke Chandana gram upar wale ka sangam,telgu
0,tel_0528.wav,naa jeevitham andar ki Oka patam,telgu
0,tel_0529.wav,Michelle Medha Chalak grandhalu Rachna 2,telgu
0,tel_0530.wav,Aslam Pustakam leather vayasam Rachna vyakti ki Gutti Shala mukhyan,telgu
0,tel_0531.wav,Narendra samacharam koraku yadi Wikipedia card,telgu
0,tel_0532.wav,apudu wengie Jabardasth Alam prastutam pedavegi Chinna Gramam,telgu
0,tel_0533.wav,prastut Aane Ki han file allowed on Sunday,telgu
0,tel_0534.wav,Pairon mein kitne me sab unipage,telgu
0,tel_0535.wav,Ravana paranga Ghoda Tandur Kyon 500 Karyalay,telgu
0,tel_0536.wav,addanki Mandalam Prakasam jilla Lo Undi,telgu
0,tel_0537.wav,e Gramam cine darshakudu Sangeeta darshakudu SV Krishna Reddy,telgu
0,tel_0538.wav,aap Monu Ki Ghoda,telgu
0,tel_0539.wav,Nibha Khula ko Matra Mein sambandhit Chunav niyamalu vidhanalu Banna Chahta adhivakta Bhagyada Matra mein,telgu
0,tel_0540.wav,Kama anupatham kristakala Mandi Kala do,telgu
0,tel_0541.wav,Hayat Nagar Andhra Pradesh rashtram Loni Rangareddy Jilla Kuchh Dena Hukum mandalam,telgu
0,tel_0542.wav,Srikakulam Jilla Lo East annaniki chalapuram Kata Undi,telgu
0,tel_0543.wav,Alina marosari makuna kruthagnathalu,telgu
0,tel_0544.wav,Geeta do right Khud Ambani ke chindina vyakti,telgu
0,tel_0545.wav,narsapuram Mandalam Paschim Godavari Jilla Gramam,telgu
0,tel_0546.wav,Sankranthi Muggulu Vishesham,telgu
0,tel_0547.wav,kahani ki Gramin ki hit 20% rule,telgu
0,tel_0548.wav,Zilla Parishad unnatha patashala kaledhon,telgu
0,tel_0549.wav,Chahat Desh se aane adhikarik Ganga republika Ani pilustaru,telgu
0,tel_0550.wav,Kodi cinema Lo Ballari Raghava nothing Cha do,telgu
0,tel_0551.wav,sandarbham Lo Ki Sham Itna ward karun,telgu
0,tel_0552.wav,Nagaram Antha Roju Pandaga vatavaranam Lo Undi,telgu
0,tel_0553.wav,Vinay Kumar Te Devi Chitra loan in Chennai,telgu
0,tel_0554.wav,wicked Mandi Desam Loni prant Alaikum Railway saukaryam into Hindi,telgu
0,tel_0555.wav,Wikipedia aloe vera bommala new upload chesinanduku dhanyvad Aalu,telgu
0,tel_0556.wav,Mahatma Gandhi hatya anantram Ka Mandir arrest Hai Yaaron,telgu
0,tel_0557.wav,Reena Tu Diga Aaina Toli cinema,telgu
0,tel_0558.wav,na Kuchh to come Telugu adhikara Bhasha kavalante computer Nikki me mail address,telgu
0,tel_0559.wav,very marapettai Pradhan Pantaloon,telgu
0,tel_0560.wav,appatlo Vijayanagaram prantham kanyasulkam Arambagh Bundeli,telgu
0,tel_0561.wav,Bharat Barsha logo pic Nana service I'm Aarambam Telugu lo ne,telgu
0,tel_0562.wav,Adhunika Telugu sahityam Lo Ek Kavya atyant asthanam Lo nilichi Srini Mahakavi niche Sindhi,telgu
0,tel_0563.wav,Panchayat Raj Mantri Swasthya ka website Lo Paschim Godavari jilla taluka vivaralu,telgu
0,tel_0564.wav,Malli parchi Ranchi me abhiprayam rayandi,telgu
0,tel_0565.wav,Pi Naam Ka Makan De,telgu
0,tel_0566.wav,Jilla Lo Tirupati Tarvatha Peddapuram Sangam,telgu
0,tel_0567.wav,Mario Puri vitha pradesalu mood board Pathshala,telgu
0,tel_0568.wav,Kadapa Jilla lo valluri kolluru,telgu
0,tel_0569.wav,Tarvatha Hanuman Chitra lekhan Kada matalu Patalu prasaran,telgu
0,tel_0570.wav,Marina De Mandalam ante emiti,telgu
0,tel_0571.wav,aap photo Nahin vyasane Ki Jyada chahie Tum rahega,telgu
0,tel_0572.wav,Telugu lo Pindi padartham Unna Maata Undi,telgu
0,tel_0573.wav,Andhra Viswa Vidyalayam Uttara Dakshina campus,telgu
0,tel_0574.wav,Ileana ki Andhra Pradesh Maharashtra Orissa Madhya Pradesh 20 Rashtra Adhik sankhya,telgu
0,tel_0575.wav,Haryana ka Nal ko mukhya bhaugolik ka visheshalu,telgu
0,tel_0576.wav,Dainik awesome Chala Sadhna chesevadu,telgu
0,tel_0577.wav,Anek Mandi cine Sangeet darshakudu Bina Guru,telgu
0,tel_0578.wav,Sadar PG akka did you part bheji Keval today,telgu
0,tel_0579.wav,Oka Roju Indrudu Sabha Tirchi Wonder Car daivathal Guru Brihaspati,telgu
0,tel_0580.wav,Panchayat Raj Mantri Swasthya ka website Lo Prakasam jilla taluka lo vivaralu,telgu
0,tel_0581.wav,Karimnagar Mandalam Andhra Pradesh rashtram Loni Karimnagar Jilla Kuchh indina mandalam,telgu
0,tel_0582.wav,kakatiyulu nirminchina Jano kattadalu Jila Unnao,telgu
0,tel_0583.wav,vayasam Paschim Godavari Jilla Lo Eluru sameepam Loni Gramam gurinchi,telgu
0,tel_0584.wav,Kuchipudi Lo Anu Guntur Lona Radhe maker Vidyadhar Hindi,telgu
0,tel_0585.wav,mahaguru Anuradha item ghante Anuradha item baguntundi,telgu
0,tel_0586.wav,Aadesh Santram Vijay chalo Sri Lanka test match,telgu
0,tel_0587.wav,e Gramam Lo Pada hua,telgu
0,tel_0588.wav,Khandwa Lena Whitney ahara padarthalu dwara Sarfira Chesko wale,telgu
0,tel_0589.wav,Ekkada Subramanya Swamy Aalayam Kala 2,telgu
0,tel_0590.wav,Vyasa lapel low angle amloh Dada ko naishadham,telgu
0,tel_0591.wav,Re Manjhi paryataka kendram Toda,telgu
0,tel_0592.wav,Swatantra Bharat Desh upon Randhawa Mario governor general,telgu
0,tel_0593.wav,Allah na Kuchh Itna Sare ke sare,telgu
0,tel_0594.wav,free pouranika pramukyatha Kareena pradesalu marketing,telgu
0,tel_0595.wav,Chalam Kun Manchi Peru,telgu
0,tel_0596.wav,Hath ma Peru to Koni cinema Lo Kaun mahine chadao,telgu
0,tel_0597.wav,dinner Nahin Mumbai Lo Australia Sajan chado,telgu
0,tel_0598.wav,Vidya Gramam Nandu Prathmik Pathshala Mein Unnati Vidya Pathshala,telgu
0,tel_0599.wav,peddemul Andhra Pradesh rashtram Loni Rangareddy Jilla mandalam,telgu
0,tel_0600.wav,Atta maker 2018 ko dagangan Tarun,telgu
0,tel_0601.wav,main Jarur dwara film Vikram wala Kaun Manch Neeraj,telgu
0,tel_0602.wav,Andhra Pradesh rashtram Lo pakka Patnam Srikakulam Jilla Kendra,telgu
0,tel_0603.wav,Hukum Aane vayasam unnadi,telgu
0,tel_0604.wav,Haryana rashtriy airport ko Krishi ke sath,telgu
0,tel_0605.wav,Puri premukula Milana oorilo,telgu
0,tel_0606.wav,Nizam paripalana Karimnagar work Rajdhani Mario Majhi Bharat ke Pradhanmantri Narasimha Rao ki Jila vasde,telgu
0,tel_0607.wav,alagey Vicky Lo vyaktigat Samachar Ham Sabhi Ne pay Jalota par Rider Mein Siddhant,telgu
0,tel_0608.wav,Hassan Jilla Lo Rand mukhya bhaugolik ambegalu Unnai,telgu
0,tel_0609.wav,Chittoor jilla Andhra Pradesh Loni Jilla,telgu
0,tel_0610.wav,Kanaka cinema Lo Chala Jagriti School NTR ko Patra makeup rope Kalpana,telgu
0,tel_0611.wav,idhi Oka udaharan jawab Matra mein,telgu
0,tel_0612.wav,Madhya Tere Bina Marg,telgu
0,tel_0613.wav,Tadikonda Guntur Vijaya vanthum college,telgu
0,tel_0614.wav,Kasthuri Ente Peru Telugulo kondari intiperu,telgu
0,tel_0615.wav,project Hoon Mario Mujhe to software udyamam,telgu
0,tel_0616.wav,Shamshabad Andhra Pradesh rashtram Loni Rangareddy Jilla Ku Chandana mandalam,telgu
0,tel_0617.wav,Vijayawada Andhra Pradesh Colony pakka pramuka Vanijya rajkiy Mario samskrutika Kendra,telgu
0,tel_0618.wav,antarjatiya naya Sthan amloh sabhyata Kali undali,telgu
0,tel_0619.wav,Jila Kendra Mahina Eluru pakkane unnadi,telgu
0,tel_0620.wav,Ammaji Nirahua koodu Telugu Wikipedia Anandi Telugu,telgu
0,tel_0621.wav,engineer to Jarur sameepam Lo board Pathshala Kala,telgu
0,tel_0622.wav,Dasari Narayana Rao kasangi Ka Chitra Ne Nirmit chadao,telgu
0,tel_0623.wav,patnamlo ko Kanya Kala Sala unnadi,telgu
0,tel_0624.wav,Khammam Jilla ko Nalgonda Jilla ko sarihaddu Gramin,telgu
0,tel_0625.wav,yah Pustakam Mallika parisodhana ka Dun,telgu
0,tel_0626.wav,patanbori Lo ramalayam Undi,telgu
0,tel_0627.wav,Bharata Desam Andhra Pradesh rashtram Loni ka Patnam Mario Jilla,telgu
0,tel_0628.wav,patake upload in the ante,telgu
0,tel_0629.wav,Sundar Ramayanam Ramayanam rachinchina 2,telgu
0,tel_0630.wav,me bheji Lo me room Peru Machu avakasham colour,telgu
0,tel_0631.wav,karamanga Chal Akela Rajam dakshinana uttarana Srikakulam history in Hindi,telgu
0,tel_0632.wav,Mere sabhyata 30 Ko Nahin Aaya Shalu Raste Inka baguntundi,telgu
0,tel_0633.wav,Yana a cougar train chalana Latin Lona rachanalu chesadu,telgu
0,tel_0634.wav,did you party bhai sahayam kavalante Wikipedia patam chawande,telgu
0,tel_0635.wav,Jay Vada gramener Andhra Pradesh rashtram Loni Krishna jilla mandalam,telgu
0,tel_0636.wav,Mera bommalu upload chesinapudu party Kumar in this post,telgu
0,tel_0637.wav,haan cinema Museum Sajan Chandi,telgu
0,tel_0638.wav,Meri Rachna Prakasam jilla Pramukh Le Javed Tu Sanam,telgu
0,tel_0639.wav,miku Aankhen evanescent Monte Chacha page lo tappakunda rayandi,telgu
0,tel_0640.wav,ki paristhiti Telugulo nakadam English Lo coda Undi,telgu
0,tel_0641.wav,Allah Patalu kurti karo item copy hakkula Telangana,telgu
0,tel_0642.wav,Kahani Telugu anuvadam koda kondattam Telugu Wiki anthem,telgu
0,tel_0643.wav,Chaitra masam Lo Pournami nundi Walon,telgu
0,tel_0644.wav,Deewar ke mein Urdu gurinchi navayasam kondagaon,telgu
0,tel_0645.wav,abhi Kota Mein Khula binchawa Kasam MI Nanda,telgu
0,tel_0646.wav,Telugu Ghazal gayakudu Ghazal Srinivas,telgu
0,tel_0647.wav,Kota Mandalam Kota Gramam,telgu
0,tel_0648.wav,Ikkada pradanam Orissa chestaru,telgu
0,tel_0649.wav,prastutam Pradesh amloh Pakistan Bam Mataram,telgu
0,tel_0650.wav,Akad Gudi Anthony Di Pi Ande niche utaro,telgu
0,tel_0651.wav,Vivek Sana Javed Hanuman ki kundali,telgu
0,tel_0652.wav,Ye Gori Lo Patalu Telugu,telgu
0,tel_0653.wav,vallooru itikyala Mandalam Mahabubnagar Jilla Mandalam Gramam,telgu
0,tel_0654.wav,idhar parutunna Vijayanagaram nivriti,telgu
0,tel_0655.wav,Renu cinema Lo Patalu Patalu Prasad,telgu
0,tel_0656.wav,patake Meena Rashi Gunde Adhikari Piston De,telgu
0,tel_0657.wav,Hari kapati paristhitiyon Bhatti dhundhe,telgu
0,tel_0658.wav,Rama Rao poti Krishna Kannada unnadi,telgu
0,tel_0659.wav,video dwara Gramin ki Pata likho Ne Teesra Pura jarugutundi,telgu
0,tel_0660.wav,andhe ke Aalha Awaaz kya rajanu,telgu
0,tel_0661.wav,Gautam Buddh ekalam natwade,telgu
0,tel_0662.wav,Pakda degree Mario Inter College Unnao,telgu
0,tel_0663.wav,ural Agla mukhymantri devalayalu Venkateswara Devalayam Devalayam,telgu
0,tel_0664.wav,Inteqam Akela tune vyasani chusano admit card,telgu
0,tel_0665.wav,Himesh Eid Bharat Lo Athi Pedda Mario ATI Sundar Amina Masjid,telgu
0,tel_0666.wav,Mithu chadani ki will go on Sunday,telgu
0,tel_0667.wav,Kahani Charche ko upayoga Pade konya vishayalu,telgu
0,tel_0668.wav,vengai Nagaram hippity Gramam kapati Rajdhani,telgu
0,tel_0669.wav,Deva Garu Dakshin Bharat Desh anuvadam Dada ko poti kaisa hai,telgu
0,tel_0670.wav,Aalayam Chinna Tirupati Devasthanam,telgu
0,tel_0671.wav,pageelu Thane Ki Lagi nai kundali,telgu
0,tel_0672.wav,Satya sign Baba ke patake unnadi,telgu
0,tel_0673.wav,abhi America Russia Britain China Mario France,telgu
0,tel_0674.wav,Mir bommalu taiyar Jaise vidhanam,telgu
0,tel_0675.wav,white Mundu a diagram page in Hindi,telgu
0,tel_0676.wav,yah Gramam Lo to Pathshala colour,telgu
0,tel_0677.wav,Ghatkesar Andhra Pradesh rashtram Loni Rangareddy Jilla mandalam,telgu
0,tel_0678.wav,voter link lacosam Srikakulam Aayo Maiya nivriti Chunri,telgu
0,tel_0679.wav,Lagan antarvarta Anupriya ghalu Tesco Vachan,telgu
0,tel_0680.wav,Vaishno Devi Aalayam Prasiddhi Chandana ammavari punyakshetram,telgu
0,tel_0681.wav,Gramin ki raili Sarkari encoder colour,telgu
0,tel_0682.wav,Puri Lo parishramala Tiranga Panchayat vriddhi colour,telgu
0,tel_0683.wav,Islamia prapanchamlo Ri pradhama Madrasa,telgu
0,tel_0684.wav,Charitra Lo mottamodati sari ka Bharat Desh par prastavana,telgu
0,tel_0685.wav,abhi anuvad Aalu ka Kartavya Sal Ka,telgu
0,tel_0686.wav,Ghantasala Andhra Pradesh rashtram Loni Krishna jilla Ku Chandana mandalam,telgu
0,tel_0687.wav,kshamta gurinchi number Hindi samachar Ram Chandi,telgu
0,tel_0688.wav,Panchayat Raj Mantri ka website Lo Ananthapuram jilla taluka la vivaralu,telgu
0,tel_0689.wav,dooram Lo animal maargam Lo Undi,telgu
0,tel_0690.wav,e Gramam Lo utpati chess na Pallu Hyderabad ko sarfara chestaru,telgu
0,tel_0691.wav,Kahani Dhani loan Charcha bacchon,telgu
0,tel_0692.wav,sangitam gurinchi new vyasalu coda raja 2,telgu
0,tel_0693.wav,vayasam Lo Naaku ki pattiyon ka Islam me kanchadam le 2,telgu
0,tel_0694.wav,chalava rukun Pavitra Granth samskrutham Lo Nee Unnai,telgu
0,tel_0695.wav,BOI Bank Prathmik Pathshala Unnao,telgu
0,tel_0696.wav,Ek Hindi sandrbh Alo Ghoda,telgu
0,tel_0697.wav,Veda Vyasa 2 Regina mahakavya,telgu
0,tel_0698.wav,oorilo Oka puratana ramalayam Undi,telgu
0,tel_0699.wav,Wiki Lo prayogalu Tappu karupaga awesome coder,telgu
0,tel_0700.wav,apudu Prabhu Tum airport chahie Rani ki party mein Congress ko avashya Mein Hindi,telgu
0,tel_0701.wav,yah saukaryam Laga Naina Sabhi Matra Mein Hindi,telgu
0,tel_0702.wav,Dani Mein Allah ardham Chesko Vachan,telgu
0,tel_0703.wav,Meru Lagi Nahin marble chest baguntundi,telgu
0,tel_0704.wav,Holi testolone shatakam Sajan Chuna batsman ko record used in childhood,telgu
0,tel_0705.wav,e Gramam Lo Prathmik Pathshala Mario unnatha Pathshala,telgu
0,tel_0706.wav,Visakhapatnam Mandalam Andhra Pradesh rashtram Loni Visakhapatnam Jilla mandalam,telgu
0,tel_0707.wav,Hindi working Manchi sahayam and insurance,telgu
0,tel_0708.wav,endhuku Angana Mein Rumi gurinchi Raja na Samachar Rani me Sabhi jilon ki Mar Janu,telgu
0,tel_0709.wav,killing Kullu Vyas amloh,telgu
0,tel_0710.wav,Ghantasala Telugu Inti Peru,telgu
0,tel_0711.wav,Srikakulam Jilla Bharata Desam Loni Andhra Pradesh rashtram Lo Nishan a circuit lo unnadi,telgu
0,tel_0712.wav,Sri Lanka cricket jatala sthan sampadinchadam,telgu
0,tel_0713.wav,apudu maranta ka Chintamani Padyalu,telgu
0,tel_0714.wav,Deni Pi me abhiprayam a meeting,telgu
0,tel_0715.wav,vyakarana Tiranga Re Zarina vidhanam,telgu
0,tel_0716.wav,hi Gramin ki Basu saukaryam unnadi,telgu
0,tel_0717.wav,Puri Lo Manchi Neethi avasarala Kaun movie Telugu lo,telgu
0,tel_0718.wav,Islam Suchna logo muladhara Quran Sunni Hadees Sharif,telgu
0,tel_0719.wav,Rama Rao NT Rama Rao ka koda prasiddh Diana Aina,telgu
0,tel_0720.wav,Chandrakant Karoon Khooni Bichhiya jaduche Sanu 94,telgu
0,tel_0721.wav,Ghantasala Krishna jilla Andhra Pradesh rashtram Lo Unna Krishna jilla Loni Oka Gramam,telgu
0,tel_0722.wav,udaharan Kaun enugu enugu,telgu
0,tel_0723.wav,Ek Ramanna Kaun Guntur to Mangalagiri to Amaravathi buses,telgu
0,tel_0724.wav,abhi Prime ghante ko Tiwari abhi Prime discount baguntundi,telgu
0,tel_0725.wav,Visakhapatnam Andhra Pradesh rashtram Loni Visakhapatnam Jilla kutchina mandalam,telgu
0,tel_0726.wav,Ante emiti Ela vadutharu Patil prathyekatha ko udaharan vagaira,telgu
0,tel_0727.wav,han tharuvatha prapancha series cricket Lo Pravesh inchi Akram Pradhan are Patra vahin chalu,telgu
0,tel_0728.wav,Raju Gari ki EMI artham kaledu,telgu
0,tel_0729.wav,Vidya koraku Padmavat unnatha Pathshala,telgu
0,tel_0730.wav,inthakante Raghav Nepali talur,telgu
0,tel_0731.wav,Vijayawada gramina Mandalam Loni Gramam,telgu
0,tel_0732.wav,ooruthu Godavari Nadi Mandir,telgu
0,tel_0733.wav,pramuka Telugu cinema today to do Mario Dada Saheb Phalke award LV Prasad,telgu
0,tel_0734.wav,Nandamuri Taraka Rama Rao padam niche pata do,telgu
0,tel_0735.wav,Kanika women rule Ada payasam lo charchanda,telgu
0,tel_0736.wav,Srikalahasti Andhra Pradesh rashtram Loni Chittoor Jilla Lo mandal,telgu
0,tel_0737.wav,endukante enugu and agent to gurinchi navayasam Telugu Wiki Lo Undi,telgu
0,tel_0738.wav,Panchayat Raj Mantri Swasthya ka website Lo Adilabad jilla taluka la vivaralu,telgu
0,tel_0739.wav,purilo prabhuta Prathmik Pathshala unnadi,telgu
0,tel_0740.wav,voter link Laila Kosam Ghantasala Aayo Maya Nivrutti Chaudhari,telgu
0,tel_0741.wav,Karuna ki Rai Gouravam Pundai,telgu
0,tel_0742.wav,railway station photo koda Nagar Bundi,telgu
0,tel_0743.wav,payasam Pairon ki ilaka Ne pistundi vayasam Pairon,telgu
0,tel_0744.wav,Unki koduram Lo Godavari theorem,telgu
0,tel_0745.wav,Khammam Bharata Desam Loni Andhra Pradesh rashtram Lo Ne ok Jilla,telgu
0,tel_0746.wav,Itna Rajasthan ki uttarana Nepal tour Pune uttarana debate Agni Bhutan Antar jaati,telgu
0,tel_0747.wav,Neeraj na sali chala bagundi,telgu
0,tel_0748.wav,Bajar atnoor Andhra Pradesh rashtram Loni Hyderabad Jila ko chain de na pakka mandalam,telgu
0,tel_0749.wav,pacharu unnaru chepparu antipodal and Kaka unnadu chapter 2,telgu
0,tel_0750.wav,bahut every Ke Liye ka Tollygunge under bacchon,telgu
0,tel_0751.wav,okasari Nenu Chesina Mar Plaza Bitha Jordan De,telgu
0,tel_0752.wav,udaharan ko Chittoor nivritti page link,telgu
0,tel_0753.wav,Gramin law and Prabhu to Pathshala,telgu
0,tel_0754.wav,Sadananda cherukunta Imran Thakur ke vyavastha ke Pramukh,telgu
0,tel_0755.wav,Srikalahasti assembly niyojaka vargam,telgu
0,tel_0756.wav,Ghantasala jeevitham Lo anusar Guru Ante Evaru,telgu
0,tel_0757.wav,Chala Pandit Hindu purana wala Prakar ka Charitra,telgu
0,tel_0758.wav,peji Pune file upload dwara,telgu
0,tel_0759.wav,Gramin ki raili sowkiyama koda Undi,telgu
0,tel_0760.wav,uralo Gala puratana Devasthanam,telgu
0,tel_0761.wav,Ek Alam Lo Naluguru cinema Lo nothing chalu code,telgu
0,tel_0762.wav,Aadhar Wada Parliament Sahab video gaan Madhya Pradesh governor furniture,telgu
0,tel_0763.wav,Bhavani Erode potty test,telgu
0,tel_0764.wav,kolluru Andhra Pradesh rashtram Loni Kadapa Jilla mandalam,telgu
0,tel_0765.wav,Rangeela Patrika it pay ji Ghoda alagey Unnai Thandi,telgu
0,tel_0766.wav,upload page dwara Mumbai ka Kotha upload chahie,telgu
0,tel_0767.wav,Gudur to Tirupati Dakshina Railway Marg amloh Srikalahasti railway station Undi,telgu
0,tel_0768.wav,Wari Tarvatha Naam Lo Bharata Desam unde,telgu
0,tel_0769.wav,Ekkada Randu Prabhu Patalu,telgu
0,tel_0770.wav,Wikipedia copy hakkula niyamalu kachithanga,telgu
0,tel_0771.wav,partner gram Vyapar Kendra Kota Nagaram Nivas Kendra,telgu
0,tel_0772.wav,miku MI GNA suchanalu kavalante naacha page Lo tapka Rayanna,telgu
0,tel_0773.wav,a Gaya senpai Krushi Chesina Vari vivaralu,telgu
0,tel_0774.wav,hi Sangathan Ani Nenu BBC website Nandi Raste Mein above ka dam,telgu
0,tel_0775.wav,Babu Dard ko tum Lo Rama Rao natinchina Chitram,telgu
0,tel_0776.wav,Tere to Rajahmundry in Hindi Unnati,telgu
0,tel_0777.wav,Gudivada peeru ullu,telgu
0,tel_0778.wav,Janu Sallu Ala chestharu koda,telgu
0,tel_0779.wav,chitranna ki Barkat vahin Chuna Shankar Rama Rao 2 teaser,telgu
0,tel_0780.wav,adhiniyam Peru Ka Koi Na sar vivaran,telgu
0,tel_0781.wav,Panchayat Raj Mantri ka website Lo Chittoor jilla taluka Vadalur,telgu
0,tel_0782.wav,Andhra Pradesh rashtram Loni Nalgonda Jilla Loni Oka mandalam,telgu
0,tel_0783.wav,Inka 9 Mai ko yah Mahina sandehalu Ante Chacha pay Jila Lo Ryan day,telgu
0,tel_0784.wav,Gramam Lo pakka pradhamika Pathshala Hindi,telgu
0,tel_0785.wav,Srikakulam Mandalam Andhra Pradesh rashtram Loni Srikakulam Jilla kutchina water mandalam,telgu
0,tel_0786.wav,division ki sambandhit ji ka Subah ko matala Babu viswanatha Sastry Garu Krishi chestunnaru,telgu
0,tel_0787.wav,Prapancham Lo Athi Itna Maru adyanta sundaramaina Sivani Vikram Thakor,telgu
0,tel_0788.wav,Raghavendra Rao Kota prasiddh Vandana cinema darshakudu,telgu
0,tel_0789.wav,Swagatam masalo me abhi Priya Yadav Parivar hun,telgu
0,tel_0790.wav,Karni vyakaran Tiranga Re Sarika Dun,telgu
0,tel_0791.wav,are there any police century ka vetan gana ham,telgu
0,tel_0792.wav,Nanditha Vasudev karaiyum Hindi,telgu
0,tel_0793.wav,yava uru nandigudi ki Prasiddhi,telgu
0,tel_0794.wav,udaharan ko Alluri sitaramaraju cinema,telgu
0,tel_0795.wav,prastuta Mantri mandali Buddha Prasad,telgu
0,tel_0796.wav,Veeru taiyar Kaise Na Pata Chala bagundi,telgu
0,tel_0797.wav,Deva Karu Chacha page Le Lo mission Tak comedy bacche angular Telugu perilaku link marchande,telgu
0,tel_0798.wav,Vinayaka Ne Mari chiramani devalayalu Park Krishna Nadi Ka Lava hi Gramam Lo aur nai,telgu
0,tel_0799.wav,Mukabala Vibhag gane Parvat pe ji ki wale today,telgu
0,tel_0800.wav,willow prathamika patashale Undi,telgu
0,tel_0801.wav,FIR upload chess Nahin Bomma chala bagundi,telgu
0,tel_0802.wav,Dainik Mero udaharan list baguntundi,telgu
0,tel_0803.wav,yah Mahina Aayo Maiya nivritti taiyari Dham,telgu
0,tel_0804.wav,mere ko da Aadesh Suchana,telgu
0,tel_0805.wav,Din mukhya vishayalu pillala Manasi kahan Shastra mariyo samajika manasika Shastra,telgu
0,tel_0806.wav,Lavanya Lavanya ka purana logo,telgu
0,tel_0807.wav,idhar samayamlo Madras Lo Raghupathi venkaiah Naidu,telgu
0,tel_0808.wav,Chalak Rama Lakhon ki vidhanga bacche Akasam Undi,telgu
0,tel_0809.wav,15 narsapuram Paschim Godavari Jilla,telgu
0,tel_0810.wav,abhi Navi na Rasta luinor Assam Rajasthan Andhra Pradesh,telgu
0,tel_0811.wav,yah Gramin ki sari hai na Ravana Shukriya,telgu
0,tel_0812.wav,alagey Mumbai licence for Alcatel Pande,telgu
0,tel_0813.wav,Telugu Peru Rinku Mithe ki step baguntundi,telgu
0,tel_0814.wav,mominpet Andhra Pradesh rashtram Loni Rangareddy Jilla mandalam,telgu
0,tel_0815.wav,Kaun virus Vyasa Bhagavatam,telgu
0,tel_0816.wav,Tungabhadra Nadi Ke Dakshina Tera namuna Pradesh Aane Vijayanagaram Vijayanagara Samrajya Rajdhani ka,telgu
0,tel_0817.wav,Wiki Lo yah Diana sahayam koraku tappakunda,telgu
0,tel_0818.wav,Kakinada to Pithapuram Raja kalasala principal pramanaswekaram Jaisi Sudheer ka Kolam,telgu
0,tel_0819.wav,voter link Laila Kosam 3 Aya Maya nivritti thoda,telgu
0,tel_0820.wav,vithamata karykram Aalu Sanga dainandina jeevitham lo,telgu
0,tel_0821.wav,Sarkari line ko taaja beta prarambh hoga dhundhe,telgu
0,tel_0822.wav,srinivasaraghavan Karya Ke Kallu Ante Antha istam,telgu
0,tel_0823.wav,Satya Garu hardam Hindi Kadam,telgu
0,tel_0824.wav,Karni Maurya ennadi Vamsam Pairon,telgu
0,tel_0825.wav,Paragon D Palakollu Paschim Godavari Jilla,telgu
0,tel_0826.wav,Samudra covid-19 ka parinaam shivarapatna mulakum,telgu
0,tel_0827.wav,Raghupathi venkaiah Tanu kumarudu cinema nirmanam net ko badhane ki video chalu bumpadum,telgu
0,tel_0828.wav,na Madhu koda Konda,telgu
0,tel_0829.wav,tangutur Prakasam pantulu PG,telgu
0,tel_0830.wav,yah Gramam Lo Sri Venkateswara Swamy Vari devalayamu Chala Prasiddhi Gan Chennai,telgu
0,tel_0831.wav,Manchal Andhra Pradesh rashtram Loni Rangareddy Jilla mandalam,telgu
0,tel_0832.wav,Bhartiya tarpala vyavastha Lo ATI mukhya Mahina Vibhag,telgu
0,tel_0833.wav,dadi maa ke upar ji kalakar Kote Kumar ki Akad ke sambandh Anjana ka Laddu Bantu paging can be stunned,telgu
0,tel_0834.wav,coconut Adiga Aaina purani kasangi ka Charitra ka Janapada Patalu,telgu
0,tel_0835.wav,idhar parutunna birthday Palli Maya nivritti,telgu
0,tel_0836.wav,Inka MI GNA sandehalu Unte agun De makineni Pradeep,telgu
0,tel_0837.wav,Hindu Kante akkada Undi,telgu
0,tel_0838.wav,Patna to Madanapalle Chittoor Jilla,telgu
0,tel_0839.wav,Dekho Rakho unnatha patashala colour,telgu
0,tel_0840.wav,Krishna jilla Mandalam Loni Gramam,telgu
0,tel_0841.wav,Nenu Kuda Koni Platina lo tayaru chese vidhanam,telgu
0,tel_0842.wav,Vande Mataram Srinivas prasiddh cinema Telugu cinema gayakudu Geetha Sangeetha darshakudu,telgu
0,tel_0843.wav,Panchayat Raj Mantri Hatya ka website Lo Mahabubnagar jilla taluka lavada lo,telgu
0,tel_0844.wav,Ham to Bakrid Mubarak ho Udhar video Manikrao to Idukki mandalam,telgu
0,tel_0845.wav,Divya Sahni Tata group ko nanjundi rayali,telgu
0,tel_0846.wav,Zilla Praja Parishad unnatha patashala unnadi,telgu
0,tel_0847.wav,hi Gramin Lo Mamuni total koda Unnai,telgu
0,tel_0848.wav,Vijayanagaram Jilla ka Pradhan Arpit Naam,telgu
0,tel_0849.wav,Dipawali per Chala Ja Shalu Unnai,telgu
0,tel_0850.wav,Aankhen Hoon Main Sunday holiday Charcha bhejiye lo rayandi,telgu
0,tel_0851.wav,Itni Mannat vidyabhyasa London visvavidyalayam Lo kaun sa Hindi,telgu
0,tel_0852.wav,ok we are some low mood cinema Le Chalu Banaye,telgu
0,tel_0853.wav,Vijayawada Nandi bus aur Kariyamma Kala,telgu
0,tel_0854.wav,Pustak Kala masala gravy type ke only Telugu Wikipedia aalu aalu Aalu Kachalu beta,telgu
0,tel_0855.wav,Nenu Madhuri gurinchi rayali,telgu
0,tel_0856.wav,I Nache Sane anuvad Rachna Lo Koni,telgu
0,tel_0857.wav,Bangaram Peru Tu Chala Ja Sawali,telgu
0,tel_0858.wav,Kadapa Jilla Loni mandalam gurinchi,telgu
0,tel_0859.wav,e Gramam Lo ka kapda Mein ka Pathshala Pathshala aur naave,telgu
0,tel_0860.wav,Hindi Wiki antargat visham cartoon,telgu
0,tel_0861.wav,kolluru Paschim Godavari Jilla Mandalam Gramam,telgu
0,tel_0862.wav,he parko Madhya Pradesh Lo Ghoda vistar in Chennai,telgu
0,tel_0863.wav,Bharat aur Prabhu Tum itne 7 August Padmashree viruddh Satkar in Chennai,telgu
0,tel_0864.wav,dinner ke Mukhya Karan Aalu banaen,telgu
0,tel_0865.wav,party link lock awesome Dipawali I am Aaya nivruti Chauhan De,telgu
0,tel_0866.wav,Rahul bhai Hindu Patrika,telgu
0,tel_0867.wav,alipiri to Kante Hindi,telgu
0,tel_0868.wav,yah Mahina Sunday holiday Papa ka Nach len De,telgu
0,tel_0869.wav,healing Ku Loi gramapanchayathi Lado,telgu
0,tel_0870.wav,Itni Marathi cinema neekosam,telgu
0,tel_0871.wav,Morya Serena Peru Kalu Telugu Wikipedia Swagatham Wikipedia Abhinandan,telgu
0,tel_0872.wav,archestra chalao pandavkada,telgu
0,tel_0873.wav,andhrawala naa ureke aap Peru vachinde,telgu
0,tel_0874.wav,Gramin chuttu Unna Pola grammer Lakhon kodaline,telgu
0,tel_0875.wav,Pawan Nene Akkineni Nagarjuna vayasam Hindi,telgu
0,tel_0876.wav,Moinabad Andhra Pradesh rashtram Loni Rangareddy Jilla mandalam,telgu
0,tel_0877.wav,10th board Pathshala Mariamman Pathshala,telgu
0,tel_0878.wav,paalakollu page equally March ke samachar,telgu
0,tel_0879.wav,entha Mandi pillalu unnaru Hindi mein,telgu
0,tel_0880.wav,Eppadi ke Manu Telugu Wiki Le Chala Mandi Kullu,telgu
0,tel_0881.wav,Khooni Muslim tugalwal recorder sankhya,telgu
0,tel_0882.wav,dooram Lo project to Salem,telgu
0,tel_0883.wav,idhar parutunna nivrithi PG,telgu
0,tel_0884.wav,Yaadein wale Pranam Lo Oka Maha Mandapam Undi,telgu
0,tel_0885.wav,Kahani 220 Bade Chalak Uddin,telgu
0,tel_0886.wav,I am Aaya nivruti PG syllabus,telgu
0,tel_0887.wav,Ekkada Prabhu Shukriya lo,telgu
0,tel_0888.wav,idiva Ka Pratigya ka Sanstha koda,telgu
0,tel_0889.wav,Euro Pradhan ka maidan Aadhar par De Munde,telgu
0,tel_0890.wav,ennala gunank Kalu Pachai Torrent,telgu
0,tel_0891.wav,vemuri Garu cheppandi bhaagane Undi,telgu
0,tel_0892.wav,Mari manam motion pettindi Charcha bhejiye loan ekada undo kahani,telgu
0,tel_0893.wav,Amethi Hindu Khoon Aana Vishal Pradhan wali,telgu
0,tel_0894.wav,Panchayat Raj Mantri ka website Lo Medak jilla taluka Lava Aalu,telgu
0,tel_0895.wav,Thanjavur Dakshin Bharat Desh Mein Nandlal Tamilnadu rashtram Loni ka Patnam,telgu
0,tel_0896.wav,Dinosaurs Talam Srikakulam Jilla Rajam,telgu
0,tel_0897.wav,Aaina dinner Kafi hakku gurinchi Sunday Monday,telgu
0,tel_0898.wav,Krishna Mandalam Loni chinthapalli V Rajdhani,telgu
0,tel_0899.wav,Marathi bhashan vyasalu Padyalu Raja 2,telgu
0,tel_0900.wav,Mother Teresa Raksha Bandhan,telgu
0,tel_0901.wav,yeah Pudhu ponnu Meena dukaan Piston De,telgu
0,tel_0902.wav,7 Chakra kya tha vyavasaya Shastra Veda Aaye Na,telgu
0,tel_0903.wav,Namaskaram Madhuri Peru Wiki Lado,telgu
0,tel_0904.wav,bacche mood Nal Bangalore,telgu
0,tel_0905.wav,dead body chest Centre Ne Maar Kulkarni pancharam Lado,telgu
0,tel_0906.wav,Annavaram Sri Satyanarayana Swamy Vaari Jayanti,telgu
0,tel_0907.wav,marpalli Andhra Pradesh rashtram Loni Rangareddy Jilla ko janavar kamandalam,telgu
0,tel_0908.wav,idhar parutunna wanaparthy,telgu
0,tel_0909.wav,Hindi mutton Chali Kille paripalan Kalam Lo Raja Mata,telgu
0,tel_0910.wav,emotional chhodane ki sabji Le page Munh Tod Hindi,telgu
0,tel_0911.wav,MI GNA Sanjay how long Te Nachna page Lo tab karaen De,telgu
0,tel_0912.wav,China thandri Aaoge Le Lo Manchi rangasthalaana,telgu
0,tel_0913.wav,kanuka varikal amloh Kota prant Aane Ki contap Ram Katha Pravachan,telgu
0,tel_0914.wav,Urdu Kavita sahityamlo e-sampark Kayam Ko Hoga kahan per Thandi,telgu
0,tel_0915.wav,hi gram Aane Ki raili saukaryam koda Mundi,telgu
0,tel_0916.wav,Mahua Ke Daru Jyada chahie Ande,telgu
0,tel_0917.wav,Amar Kullu container karne per Sahi koda,telgu
0,tel_0918.wav,vemuri Garu Miriyala maarta,telgu
0,tel_0919.wav,chandramandalam Lo kolluru click chest ullu,telgu
0,tel_0920.wav,gandi Andhra Pradesh rashtram Loni Rangareddy Jilla Mandalam Gramam,telgu
0,tel_0921.wav,vivasayam kurukku Krishna Nadi Nadi ki grammer Mein ghav ka Kalua ka Laddu,telgu
0,tel_0922.wav,Hindu Kante Bhartiya cinema Lo Telugu cinema,telgu
0,tel_0923.wav,Hyderabad Nagaram Loni pramukha Nivas Sah prant,telgu
0,tel_0924.wav,funny kahan ka paudhe Malli Ek Daku randi,telgu
0,tel_0925.wav,udaharan ko gudipati Venkata Chalam Raste gudipati Venkata Chalam a Gaya Sani ke Rinku vastundi,telgu
0,tel_0926.wav,Eluru Patnam Pradhan Jyoti event history in Hindi,telgu
0,tel_0927.wav,Vande Mataram Lo Ajay Peru to upload cheyandi,telgu
0,tel_0928.wav,e Gramam Lo High School stylework Vidya saukaryam Kala,telgu
0,tel_0929.wav,Miryalaguda Vanijya Kendra,telgu
0,tel_0930.wav,Kahani eppudu Allah Chesina kancharam Lado,telgu
0,tel_0931.wav,paina Narayanan doshalu,telgu
0,tel_0932.wav,iverson Nellore Jilla mandalam gurinchi,telgu
0,tel_0933.wav,Nenu Telugu cinema Patalu Rajini,telgu
0,tel_0934.wav,Godam Adilabad Jilla Mandalam Gramam,telgu
0,tel_0935.wav,Ek Ram Kapoor bahut akshy trance,telgu
0,tel_0936.wav,Venkatagiri Charitra Kalagnanam mukhya Pattanam,telgu
0,tel_0937.wav,what link lacosam enugu are you are my everything,telgu
0,tel_0938.wav,Telugu sahityam lo cinema Patalu,telgu
0,tel_0939.wav,Nagula Peru tulasidalam anukuntanu,telgu
0,tel_0940.wav,Shiva ko badhane ke liye da Sanstha Kuchinda decoder,telgu
0,tel_0941.wav,MI paduvathu Anaconda,telgu
0,tel_0942.wav,abe vidhanga Yatra basilico codal Inc,telgu
0,tel_0943.wav,hey Gori Lo Pradhan vriddhi vyavsay,telgu
0,tel_0944.wav,angular Wiki Lo bommalu Telugu aunty tho Sanam,telgu
0,tel_0945.wav,heroes varthalu Eenadu vachinde,telgu
0,tel_0946.wav,nimbu pani Jaise Pradesh Ham Logon ki Prathna Lakhon Salam,telgu
0,tel_0947.wav,Tamil dravida Bhasha Sanskriti Tamilnadu rajakeeyalu Eppadi ki Pradhan Meena,telgu
0,tel_0948.wav,Vishva Garu Mira upload Krishna Bomma,telgu
0,tel_0949.wav,Panchayat Raj Mantri Swasthya ka website Lo Guntur jilla taluka la vivaralu,telgu
0,tel_0950.wav,Hyderabad Lo Muslim janaba gawande,telgu
0,tel_0951.wav,Taluka stylo Randhawa Pradhan Patna,telgu
0,tel_0952.wav,Telugu Inti Peru Telugu Inti Peru,telgu
0,tel_0953.wav,Nandyala Patna ki rally Hariom Hariom,telgu
0,tel_0954.wav,Eros cinema Vyapar Aane Ki code Vijayawada kodaly,telgu
0,tel_0955.wav,Inka Yoni gurinchi chappal and Kari amledo,telgu
0,tel_0956.wav,Andhra Pradesh rashtram Lo mudava Nagaram,telgu
0,tel_0957.wav,Indigo pure kapade prachar abhyasam unnadi,telgu
0,tel_0958.wav,Vijayanagaram Karnataka and amarakaviyam loan vishayam pullainga unnadi,telgu
0,tel_0959.wav,Khanapur Rangareddy Jilla Manchal Mandal Aane Ki Chandana Gramin,telgu
0,tel_0960.wav,kindaichi Najar beta Love Me Sab Dena mum Ryan De,telgu
0,tel_0961.wav,Vijayawada Andhra Pradesh ko Rajya ki rajdhani Kaun Thi,telgu
0,tel_0962.wav,Janki English coronavirus wala Na Mile do,telgu
0,tel_0963.wav,I Thi lakshanalu karanalu Mahina ki Jivan Shaili,telgu
0,tel_0964.wav,pramadam jarigina Kone Din gurinchi Konni Taluk,telgu
0,tel_0965.wav,De parutunna Hyderabad Warangal Highway nivritti Jordan De,telgu
0,tel_0966.wav,Euro Satya Sundara Mahina Pradesh,telgu
0,tel_0967.wav,Telugu urdu-hindi Goga Madi Barcelona,telgu
0,tel_0968.wav,Vijayanagaram Mandalam Andhra Pradesh rashtram Loni Vijayanagaram Jilla Ku Chandana kamandalam,telgu
0,tel_0969.wav,Nagarjuna Sagar Pramukh ka paudha,telgu
0,tel_0970.wav,hi vargam Lo aavya Sanu thoda bacchon,telgu
0,tel_0971.wav,Ek kondapai Mundeya Dada Vijayawada matam,telgu
0,tel_0972.wav,alanti pay Jila na Ratiya ke pageelu Antara,telgu
0,tel_0973.wav,Aaj abhi to chhodane Ki Na vixion R Ja beta Ne kitne Sharif Ho Tum Di,telgu
0,tel_0974.wav,Vishwamitra do Chalak Alam Rajyam chesadu,telgu
0,tel_0975.wav,Vijay song Cham chakka Telugu song from Peru,telgu
0,tel_0976.wav,MI Charcha bhejiye Lo sahayam Qawwali Anita Chandi,telgu
0,tel_0977.wav,yasan Andhra Pradesh rashtram Loni Jilla gurinchi,telgu
0,tel_0978.wav,Raste Ek randi vidhanga kanipistundi,telgu
0,tel_0979.wav,Dehradun Rajahmundry dhunde dhunde Kala Gaon,telgu
0,tel_0980.wav,yah bheji Vicky chitkalu for gamlon ke cherukundi,telgu
0,tel_0981.wav,dinner ke jawab Anu ka 2 ko Dhanu,telgu
0,tel_0982.wav,wicked Mandi ka Mubarak Ho Karam,telgu
0,tel_0983.wav,Prati Samsaram utsavalu Gangadhar bataiye,telgu
0,tel_0984.wav,prajalaku sambandhinchina service Loni Vidyut dwara Ne Jadu Tona,telgu
0,tel_0985.wav,parigi Rangareddy Andhra Pradesh rashtram Loni Rangareddy Jilla mandalam,telgu
0,tel_0986.wav,Vikarabad Andhra Pradesh rashtram Loni Rangareddy Jilla Mandalam Mario Kala,telgu
0,tel_0987.wav,Hyderabad Neeche Tandur Vellore road to Mayuri Marg amloh,telgu
0,tel_0988.wav,dooma Andhra Pradesh rashtram Loni Rangareddy Jilla mandalam,telgu
0,tel_0989.wav,nakhun vargikaran Jaise vidhanam bagheli Yadav,telgu
0,tel_0990.wav,Ghantasala Venkateswara Rao suprasiddha Telugu cinema gayakudu sangeet Aadarsh Kullu,telgu
0,tel_0991.wav,Wikipedia ko sambandh in China Sunday holiday Sahayak kendram Lo had gande,telgu
0,tel_0992.wav,chair Bali cinemavilla gurinchi samuday Jordan De,telgu
0,tel_0993.wav,Vijayawada Andhra Pradesh rashtram Lo mudava Nagaram,telgu
0,tel_0994.wav,Nagaram Andhra Kosta prantham Lo Prasiddhi Vyapar Kendra,telgu
0,tel_0995.wav,Vijayawada Ani Peru Ravan ka Kada Vandi,telgu
0,tel_0996.wav,Road 2 Railway Marg dwara Vijayawada Nagaram,telgu
0,tel_0997.wav,Vijayawada Andhra Pradesh Loni rajkiy Peru samskrutika Kendra mein,telgu
0,tel_0998.wav,Visakhapatnam Bharata Desam Loni Andhra Pradesh rashtram Loni pramuka Nagaram,telgu
0,tel_0999.wav,Visakhapatnam Andhra Pradesh rashtram Loni Visakhapatnam Jilla kutchina mandalam,telgu
0,tel_1000.wav,hi Gramin ki naluvaipula visheshan chappu ko Vachan,telgu
