,Filename,text,language
0,ben_0001.wav,Etawah Koi click Kore abre Bahar khole,bengali
0,ben_0002.wav,angreji aka nibandh burrito template Saraswati bebohar Kothe per,bengali
0,ben_0003.wav,Amar ancholik Sangeet Uddin Bangladeshi Sangeet tar Uddin Bangladeshi 2017,bengali
0,ben_0004.wav,Tini Moulik sankha Madhya Bhalo Sampark ko khojen,bengali
0,ben_0005.wav,Bangladeshi Rajdhani Dhaka Shahar Purano Dhaka Ekti aitihasik kila ka,bengali
0,ben_0006.wav,potty following Robertson jontro Woodward corden James Gregory,bengali
0,ben_0007.wav,Karun Itni Jagah Kotha nije bolchi,bengali
0,ben_0008.wav,Jodi Ek Gulo sotti Kotha ke Asha Kori aarop Udan rakhte Babu,bengali
0,ben_0009.wav,agent no active bot theory Kothapalli Khoob Bhalo hai,bengali
0,ben_0010.wav,Cadet College Bangla pedia nibandh,bengali
0,ben_0011.wav,8 K tha Ka Karbonn Baki on show,bengali
0,ben_0012.wav,Akshara ko ek per Chhod Aage tar Upar actor motor boy,bengali
0,ben_0013.wav,Shukra Grah Shuddh jothe ke liye chhod di thi,bengali
0,ben_0014.wav,Ape Auto Aama ke aarop utsahit korbe,bengali
0,ben_0015.wav,prashasak hisab se apni Aro Bhalo bujhte per pen,bengali
0,ben_0016.wav,Bangla Academy of Mughal Mughal,bengali
0,ben_0017.wav,Holi ichcha Thakle ki Chhu joke kurte parchina,bengali
0,ben_0018.wav,aabhar rxt prayog Kare Tanisha Bhavik August Farid estate,bengali
0,ben_0019.wav,Teeny an open-source Shatabdi for Rashida Sundara prabhavit to hue chillin,bengali
0,ben_0020.wav,Sri Anu chai Pari aerocraft chobi,bengali
0,ben_0021.wav,vishwakosh Champa do na asali hi Pratham,bengali
0,ben_0022.wav,angreji Wikipedia onek Chobi fair use Vishay per nibandh Ja project,bengali
0,ben_0023.wav,Tu Hi Apna anuman shatak,bengali
0,ben_0024.wav,Icona Siddhant to niye Shakal sthani Ekti balon prayog Kora uchit,bengali
0,ben_0025.wav,idhar Khadya Annu photo shop,bengali
0,ben_0026.wav,so high ka total active Muslim wishes,bengali
0,ben_0027.wav,Jamun Tu angreji banana,bengali
0,ben_0028.wav,Bharat samantaral chalachitra Abhinetri,bengali
0,ben_0029.wav,Asha Kori Apar 30 8 Ami thakbo na kokhono,bengali
0,ben_0030.wav,Tata Sumo chachi desh ki Chu,bengali
0,ben_0031.wav,Abu show ITI Khoob shimano cars,bengali
0,ben_0032.wav,Ami Chester korbo kivabe Kotha dete parchina,bengali
0,ben_0033.wav,Vishva tea nibandh Jonno Uttam Tukur Tukur,bengali
0,ben_0034.wav,Shikha Neta Updesh Ta chilan bigyani jaj be filled,bengali
0,ben_0035.wav,80c proof Likhit Dharma Granth,bengali
0,ben_0036.wav,ETA besh bikkhato actor project,bengali
0,ben_0037.wav,Jo Tu coronavirus Shivpur John to nibandh Shesh,bengali
0,ben_0038.wav,Karen apni abhi go,bengali
0,ben_0039.wav,tothapi tarsikka Jibon sambandhit Taka bolate ho Na Jaaye,bengali
0,ben_0040.wav,nibandh 13 Naam edit Kholi Jodi Ishwar Chandra Vidyasagar College,bengali
0,ben_0041.wav,porabazar Birha tritiya Bhag,bengali
0,ben_0042.wav,akhono Bhalo Kono Karen piney,bengali
0,ben_0043.wav,Computer Science and Engineering Vibhag,bengali
0,ben_0044.wav,Itna German Bhasha uchcharan Prathmik Bhakti path,bengali
0,ben_0045.wav,Ek Jima niye Kichu Sadharan Kotha janabo,bengali
0,ben_0046.wav,BPO Bhagya chhilo Hazrat Musa,bengali
0,ben_0047.wav,jatiyo Puraskar se rajaun upyog chobi,bengali
0,ben_0048.wav,Ada Mod Te Prothom 6 June sabse prasiddh,bengali
0,ben_0049.wav,80 kilo Shesh pesh Aadhar match,bengali
0,ben_0050.wav,Sahi Bhasha Te Sarkari bhabhi 18 Charan anusaran Kora uchit,bengali
0,ben_0051.wav,Dharma samparke Montu bukute kiye bolun,bengali
0,ben_0052.wav,taramachi Tuti Niyam sarvadhik guruthulu,bengali
0,ben_0053.wav,shish Mausam ke Bima ne,bengali
0,ben_0054.wav,ichcha 80rrb Bhasha thankyou prastut shabd,bengali
0,ben_0055.wav,Jetha Bole Chand nibandh Jyotish DNA Uttar Jila,bengali
0,ben_0056.wav,Bangladeshi Khadya AVN Bangladeshi March,bengali
0,ben_0057.wav,Asal Naam chilo Everton f,bengali
0,ben_0058.wav,Darjeeling gallery episode Darjeeling,bengali
0,ben_0059.wav,Irani Mulakat ki Bhasha Parivar bhasha prachalit,bengali
0,ben_0060.wav,Gori Tere Bin Na khetra Paye hai,bengali
0,ben_0061.wav,Vishesh auto kritim Tejas po po that Sampark active fall love,bengali
0,ben_0062.wav,Pramod Kichu udaharan Deva Ho lo,bengali
0,ben_0063.wav,Wikipedia Apna Oppo gane Jonno dhonnobad,bengali
0,ben_0064.wav,videshi Shabd Bangla Protibad nikaalen Niti Mala Dekhun Wikipedia Bangla bhasha videshi Shabd prativarti Karan,bengali
0,ben_0065.wav,top Army song Chester Kochi,bengali
0,ben_0066.wav,October ki rokom kachakachi template poriborton Kore,bengali
0,ben_0067.wav,sylhet on Chole tar Mon Tomay Islamic prachar Ghate,bengali
0,ben_0068.wav,James Gregory abhineta marketing abhineta,bengali
0,ben_0069.wav,Islamic Itihas O Sanskriti,bengali
0,ben_0070.wav,Anup in Shatabdi Te Nari Mukti AVN Adhikar Rog ka Aandolan a Teeny Chilam Exxon group to Purna vyaktitva,bengali
0,ben_0071.wav,bhashan Darshan Bhasha joke tintara Sampark ko,bengali
0,ben_0072.wav,purono uthakar Ekti Prachin Masjid,bengali
0,ben_0073.wav,100 shot prastuti babohar Kora,bengali
0,ben_0074.wav,Bangla bhasha Wikipedia ke Ek tippani Vishva ko hisab Dekhte chai,bengali
0,ben_0075.wav,a template Bangladeshi upazila somporke to nibandh lekhan Tu Hi coronavirus Hai,bengali
0,ben_0076.wav,oh vishwakosh Kanu bujhte Pasina,bengali
0,ben_0077.wav,Apna Koi onshow are Kora darkar name,bengali
0,ben_0078.wav,Jaruri avsthi Vishwavidyalay hotath Kore Bhule Jawa bortoman a Pora Lekha niye Khoob Vastu achi,bengali
0,ben_0079.wav,rxt Kotha nibandh circular format angreji Wiki anusilon code,bengali
0,ben_0080.wav,apara dhonnobad Dikshit lekhak jodna,bengali
0,ben_0081.wav,Bangla pedia copyrighted Malik Asiatic Society of Bangladesh,bengali
0,ben_0082.wav,topic Prothom Prakash airpory link Diya Kila,bengali
0,ben_0083.wav,Jodi Apna Ukhane account Virat,bengali
0,ben_0084.wav,dukher Vishay castor kurte giye Ami niche Notun Kono nibandh Ho dete parchina,bengali
0,ben_0085.wav,ETA Amar Lekha Prothom nibandh,bengali
0,ben_0086.wav,Humayun Azad likha actor Upar Nache,bengali
0,ben_0087.wav,Etawah bishakto ki Jante Amrohi,bengali
0,ben_0088.wav,joutuk coronavirus ke amicolon,bengali
0,ben_0089.wav,ITI Kolkata Vishwavidyalay mahine natok store Degree College,bengali
0,ben_0090.wav,are ho to avasthit Aankhen Dhaka Medical College Vatakara,bengali
0,ben_0091.wav,Jamuna Nadi Upar avasthit actor Shahrukh aur rail Setu,bengali
0,ben_0092.wav,Jamun Shabd paribahan Babu sthaniya Ekti template,bengali
0,ben_0093.wav,asole category toiri korar Lage Na,bengali
0,ben_0094.wav,Moha Vishva chhilo onek Boro Ami Jadhav na Kore Chilam,bengali
0,ben_0095.wav,Komala Ram actor current Bono,bengali
0,ben_0096.wav,Puli 2 Rasayan aur Ashwini Prajapati Vibhag,bengali
0,ben_0097.wav,ETA actor Vishwa kosh Rachana prokolpo,bengali
0,ben_0098.wav,Aadi kosh AVN prokrito kosh,bengali
0,ben_0099.wav,Shisha main college Sahakari sampadak chillin Ishwar Chandra Vidyasagar,bengali
0,ben_0100.wav,hydrogen sabse Halka Maulik padarth,bengali
0,ben_0101.wav,mohila der mudde 3 e-prothom alag Jago go Ne Tumko,bengali
0,ben_0102.wav,Phool banata Bhul hue the,bengali
0,ben_0103.wav,Jodhpur tukra Ho Mangal bro,bengali
0,ben_0104.wav,economy rashtriy nibandh Jonno Dekhun prajatantrik Ireland,bengali
0,ben_0105.wav,80 London sabse Chhota football Mart,bengali
0,ben_0106.wav,airport Bharti Hona Dhaka Medical College,bengali
0,ben_0107.wav,Karen teenie tar nibandh OT Prothom Patai dakait 88,bengali
0,ben_0108.wav,18 story short,bengali
0,ben_0109.wav,mulatu English Sathi Taj karane ka kirim Nahate hue,bengali
0,ben_0110.wav,Dhaka holiday Prothom proposed chillin Dhaka college Udyog ko f,bengali
0,ben_0111.wav,Bashir Bhag Banjo Dhoni do Idhar Hai,bengali
0,ben_0112.wav,Tu Buta ke dalne and coach,bengali
0,ben_0113.wav,Deepa Mul equation chilo awesome ko Pakhi O March,bengali
0,ben_0114.wav,Amar post abhi to thampuratti Aloe Vera ko,bengali
0,ben_0115.wav,Ishq Beparwah Amar Updesh Khub sohoj,bengali
0,ben_0116.wav,bhogolik Aakar Dixit ke Jhukta Raja Ekti Khud Ko rashtra,bengali
0,ben_0117.wav,a likhate Ho Le Shaitan click karun,bengali
0,ben_0118.wav,Rasayan Vibhag Dhaka Vishwavidyalaya Roshan Vibhag Bangladeshi it or not by Vibhag,bengali
0,ben_0119.wav,bhai apna ki Anurodh korbo Apna ki Samosa Hote nirdisht Kore bolun,bengali
0,ben_0120.wav,Bangladesh awami League Pratishtha Sadharan sampadak,bengali
0,ben_0121.wav,Manchester of bongobondhu jatiyo stadium,bengali
0,ben_0122.wav,she hobby she Prithvi Shaw,bengali
0,ben_0123.wav,Sadharan Jivani nibandh Hero Naam Sudhu matro Bhakti Nami with RK,bengali
0,ben_0124.wav,Amish Sampurna angreji Wiki anusaran korechi,bengali
0,ben_0125.wav,Chini baudh Dharm Mein prachar Shuru Hai,bengali
0,ben_0126.wav,thik ki Holo bujhte parchi na,bengali
0,ben_0127.wav,notancha Kudi aa Wikipedia the free Asha Jono Abhinandan,bengali
0,ben_0128.wav,ji Kshetra Dharma tatva Jo acche Shikha nicollet promotion,bengali
0,ben_0129.wav,motor muddin ki bhabe padatha begin nibandh Jhukta Bhalo hai,bengali
0,ben_0130.wav,dirgho Din Jabat Jhukta Rajya Rajdhani Londan Vishwas question,bengali
0,ben_0131.wav,best chahti prodhan nodi acche,bengali
0,ben_0132.wav,Teeny akkada reaction Kobe open Nashik abong Roman Kahin children,bengali
0,ben_0133.wav,Tik Tik Bhasha Vigyan vibhinn Bhasha Ki bhabe Kore,bengali
0,ben_0134.wav,Ragi bhai apna likha per Bhalo Laga Lo,bengali
0,ben_0135.wav,bought Diye Kora jabe dhonnobad,bengali
0,ben_0136.wav,dhonnobad druto link thik korar Jonno,bengali
0,ben_0137.wav,Ami Kali category Gulo Mujhe Devo,bengali
0,ben_0138.wav,tag culo surakshit uchit,bengali
0,ben_0139.wav,ration shop dishes to Chauk,bengali
0,ben_0140.wav,actor Vishwa Ami Khub biography,bengali
0,ben_0141.wav,hi obosheshe nibandh Baki Osho Army type Kore thik korbo,bengali
0,ben_0142.wav,ichcha ulat Jo Gora Chunar madhe acche vibhinn Itihaas Upar Nache,bengali
0,ben_0143.wav,Kintu Dil Ko Aqua Chhod Ta sharirik Kono Unnati Dekha Jaaye ne,bengali
0,ben_0144.wav,Joshua Jila School procat attend Dr Mohammad shahidullah Krishna Chandra Majumdar,bengali
0,ben_0145.wav,money pretty Mahadeshwara Jono act I template,bengali
0,ben_0146.wav,Quantum cat retorted Malik poster,bengali
0,ben_0147.wav,Datia Datia bahut maje le kishorganj,bengali
0,ben_0148.wav,poly cotton boxer ekane guruttopurno,bengali
0,ben_0149.wav,Uttar Kolkata Shahar sabse purana show,bengali
0,ben_0150.wav,Wikipedia Bangla bhasha German Shabd pratibhuti Karan nibandh at Anya aalochana Kothe per,bengali
0,ben_0151.wav,Great Britain British the Punja Shobha brihat dip,bengali
0,ben_0152.wav,nibandh Shuru Dekhe Mone 80 Kono Sthan samparke nibandh,bengali
0,ben_0153.wav,yahoodi Christo AVN Islam Dharm Mein secretin Nobi prerita Purush,bengali
0,ben_0154.wav,Prithibi theke on Ekta Lal Deccan Corona copper Naam Hote Lal,bengali
0,ben_0155.wav,Khoob actor Bhalo bar kharab Colony Ka Hona,bengali
0,ben_0156.wav,tirpude acche Liverpool AVN Manchester United,bengali
0,ben_0157.wav,Khan feelin it mote Chaturthi,bengali
0,ben_0158.wav,asali Pro choli to Bangla shabdon ke nibandh Shetty hawa uchit,bengali
0,ben_0159.wav,e Sampark ke 20 tarikh ko Dekhun Wikipedia ki Nohay,bengali
0,ben_0160.wav,Union Johnson ka niyantran commity aur niyantran Kaaj kare,bengali
0,ben_0161.wav,jyotirvigyan Sankranti duty Sadharan Sadharan madhumeh ki darane durvikkho prayojan ka nirdharan Kora Jai,bengali
0,ben_0162.wav,Asia Africa bohu Bhasha Portuguese bhasha ke shabd,bengali
0,ben_0163.wav,Bangladeshi Rajdhani Dhaka Shahar obosthito Ek Tamatar,bengali
0,ben_0164.wav,Maqsood bhai football at actor f,bengali
0,ben_0165.wav,Bhai bortoman Amar Kache hi paudhon Chobi 9,bengali
0,ben_0166.wav,nibandh Vishay Vastu porimoni Kono sambadpatra Hote hue the,bengali
0,ben_0167.wav,it article in cotonou Upar actor border reference dharana boy,bengali
0,ben_0168.wav,angreji Bhasha for Rashi Bhasha Jhutha Bhave Kannada Sarkari bhasha,bengali
0,ben_0169.wav,Binita deka,bengali
0,ben_0170.wav,Ammi ko active Rishta sampadan ecology,bengali
0,ben_0171.wav,Taka Sadharan eito Prothom aadhunik Bangla open Nashik Kora hoy,bengali
0,ben_0172.wav,Asha Kori Bhavishya Arrow paudhon Arjun corbyn,bengali
0,ben_0173.wav,Moha jagatik Mool Niti pocket ok Kannu Niti part of the ballroom 8888 aushadh,bengali
0,ben_0174.wav,jontro Sangeet Modi Ne Baat 2017 tar se tar,bengali
0,ben_0175.wav,Bangladeshi Rajdhani Dhaka Shahar ka AVN Prashasnik Thana,bengali
0,ben_0176.wav,sylhet Shahar avasthit active again or projukti Sahayak Sarkari Vishwavidyalay,bengali
0,ben_0177.wav,Rakhi Bhai Amar Mone hoy professor due to abba Tori Kote haway,bengali
0,ben_0178.wav,Ami bodhu theek bojhate parlam na,bengali
0,ben_0179.wav,German Naam a pretty pony coronavirus baypari 20 tarikh ko Dekhun Wikipedia Bangla bhasha German Shabd prativarti Karan bataen,bengali
0,ben_0180.wav,Ek vyakti Niti Mala Army prastav korechi Jaate ke prokolpo pata hai jo Kora jite per,bengali
0,ben_0181.wav,joke kara Kshetra Kichu Niti Mala Mini solar system,bengali
0,ben_0182.wav,Asha Kudi account ke near me to Pavan Wikipedia,bengali
0,ben_0183.wav,Rakhi Bhai onek Din Aage the ki Amar Chobi Jo kara Kotha chilo,bengali
0,ben_0184.wav,onek Din por Wikipedia yogdan Kollam,bengali
0,ben_0185.wav,Army Joker vyavastha korbo,bengali
0,ben_0186.wav,Misty talika Shuru Jonno Ashok ko dhanyvad,bengali
0,ben_0187.wav,Ja bortoman a Notun hall Nami porichito,bengali
0,ben_0188.wav,Apna ke awesome ko dhonnobad sambandhit Prakash ok,bengali
0,ben_0189.wav,asali October Jet Airways,bengali
0,ben_0190.wav,Paschim Bangla actress Khatu Sangeet Shilpi,bengali
0,ben_0191.wav,Ghare baire Re Upar Nache Rabindranath Thakur rochito uponnash,bengali
0,ben_0192.wav,Char bhai bonavita Kishor chillin shop thake Chhotu,bengali
0,ben_0193.wav,hi ignore marking angreji ucharan,bengali
0,ben_0194.wav,Sohar Bashir Bhag adhivashi British Irish,bengali
0,ben_0195.wav,Tu Khoon Naam chalo Punjab Cadet College,bengali
0,ben_0196.wav,80 Euro paid brihottomo deep abong prithibir Austin Bihar,bengali
0,ben_0197.wav,Teeny Kolkata Saraswati College Sabhi Khuda Ko,bengali
0,ben_0198.wav,udgeeth Pranayama ETA Pratham abiskar koren sad Jagadish Chandra Basu,bengali
0,ben_0199.wav,Mughal Samrajya Shobha Samrat Bahadur Shah,bengali
0,ben_0200.wav,Probot the mote Botal bolun,bengali
0,ben_0201.wav,Chadar Aage acche Manchester United,bengali
0,ben_0202.wav,Europe mahadesh annatama Pradhan Parivahan post,bengali
0,ben_0203.wav,bortoman A 80 Samajik Vigyan Vibhag anuvad Vibhag,bengali
0,ben_0204.wav,taji Bengali babohar Kora uchit,bengali
0,ben_0205.wav,Gramin jonosonkha niyantran commity Jonno Shankar Pori kolpona aur niyantran catch kare,bengali
0,ben_0206.wav,shop kitne protibondhi Karan Thakur mein,bengali
0,ben_0207.wav,Sita Dil Samosa banane ka Niyam,bengali
0,ben_0208.wav,Jamun Prathamesh sankshipt Parichay gana dikha do it,bengali
0,ben_0209.wav,rajshahi ilaka somporke Apna guruttopurno anbudan kamona Kursi,bengali
0,ben_0210.wav,Dhara Nakoda hai yeh pahchane actor nirdisht Kono Karan Mein hone ke Karan pravachan,bengali
0,ben_0211.wav,Asha Kori thik korar Sambhav Hobbit,bengali
0,ben_0212.wav,Ami Jibon biggan professor chachi,bengali
0,ben_0213.wav,Ireland Bolt Kintu Ireland dip Baje,bengali
0,ben_0214.wav,ITI Dhaka jogajog vyavastha Pradhan Kendra,bengali
0,ben_0215.wav,gobhi Shauk Adhyapak Shakal Jivani shuru kochina,bengali
0,ben_0216.wav,taenia kathare chillin Exxon Kobe open Nashik aur Rajniti bit,bengali
0,ben_0217.wav,Arsenal Football Club nibandh 30 nirbachito Kora Kora Kora,bengali
0,ben_0218.wav,Utsav Shabd Hota ekane Aakhri anuvad with action,bengali
0,ben_0219.wav,Vishesh Shristi Chada Chokher ostitto baccha Kora Jai na,bengali
0,ben_0220.wav,Kone nibandh the amount category Jokar Lal link dikhave,bengali
0,ben_0221.wav,Jani na ki bhabe Ghoshna dete Ho Paye,bengali
0,ben_0222.wav,computer precautions on the book to be shared Konaseema name,bengali
0,ben_0223.wav,ichcha ejb in action,bengali
0,ben_0224.wav,protibondhi coronavirus by pastor AMR Wikipedia Bangla bhasha videshi Shabd Prati aalochana Kochi,bengali
0,ben_0225.wav,Asha Kudi Bangla Wikipedia Apna opposite of Baitha,bengali
0,ben_0226.wav,samarthan bilayat Bangla Wiki Jyotish to Oppo Dun,bengali
0,ben_0227.wav,Rakhi bhai Ammi Maksud Indrajeet Kichu catch Kore Chilam,bengali
0,ben_0228.wav,Amar mote aalochana Hoyechilo,bengali
0,ben_0229.wav,wicket Amar kajar position Khan Kothi Dekhte Babu,bengali
0,ben_0230.wav,apni Kore Dile Bhalo Hoto,bengali
0,ben_0231.wav,Asha Kori Jana Bin ki bhabe Thakur,bengali
0,ben_0232.wav,Bengali sahityik aur chalao Chitra porichalok,bengali
0,ben_0233.wav,Ami tar Kache Jante Chai pini Ki Chaal,bengali
0,ben_0234.wav,Bijoy dibosh Bangladeshi Bijoy dibosh,bengali
0,ben_0235.wav,Dukhi tu aur Nau Bhai Ki Holo theek bujhte Pari nai,bengali
0,ben_0236.wav,Teeny mulatu poton vibhinn Vigyan Patrika AVN vaigyanik golpo Kahini,bengali
0,ben_0237.wav,bosto Mane dpo Bhasha hisab angreji bhasha guruttopurno,bengali
0,ben_0238.wav,Prothom a college ka naam Rakha Hai East Pakistan Cadet College,bengali
0,ben_0239.wav,ATI Prachin Kal ke Desh t pot ok there are no quotes on your Desh,bengali
0,ben_0240.wav,Hira Chhotu Aakar Grah Jamun Buddha photo,bengali
0,ben_0241.wav,Wikimedia Foundation active Unmukt prokolpo,bengali
0,ben_0242.wav,3D song gram turn AutoCAD AC guruttopurno Vishva ghost,bengali
0,ben_0243.wav,Ukhane ATK best Boro korar likhechi 26 Ho,bengali
0,ben_0244.wav,nibandh x** purn anubad Kora Shesh,bengali
0,ben_0245.wav,dollar bortoman sadasyon talika Dekhte chai Dekhun Manchester United nibandh,bengali
0,ben_0246.wav,a Vishwavidyalay Prothom upachar show Bangladeshi through Kaushal Vishwavidyalay peacock doctor golem Rahman,bengali
0,ben_0247.wav,a couple ayojon Kore football league,bengali
0,ben_0248.wav,Aaru bistarito Bhave Chinta korle nijeke Ishwar chudan to bikosito Roop Bole Dhabi Corporation,bengali
0,ben_0249.wav,Unnati prokolpo Karan jyotirindranath,bengali
0,ben_0250.wav,Paschim Banga Jivan Bhar Kora Kora uchit,bengali
0,ben_0251.wav,Irshad doctor abong Pradhan card Chalo Chalo London,bengali
0,ben_0252.wav,Ek khane aaro acche Ek t art studio,bengali
0,ben_0253.wav,Apna ke awesome ko dhonnobad mulloban Updesh pradan jodna,bengali
0,ben_0254.wav,Asha Kori apni Kashti Chali Javed,bengali
0,ben_0255.wav,we keep ottoke originate Jonno Abhinandan,bengali
0,ben_0256.wav,apni Agali Wikipedia Bangladesh Sarfaroshi Shabd protibondhi Karan Dekhte,bengali
0,ben_0257.wav,Bangladeshi irakkam Ghut Ghut To Teri Hai,bengali
0,ben_0258.wav,algorithm computer beginner actor Malik Vishal,bengali
0,ben_0259.wav,ITI Bangladeshi brihat Bhaskar,bengali
0,ben_0260.wav,likhane nishchit Samosa samadhan,bengali
0,ben_0261.wav,Teeny Bulletin aitihasik upanyas lekhak Jonno wicked,bengali
0,ben_0262.wav,idhar uthikkum showy children Dhaka Vishwavidyalay Chhatra neta,bengali
0,ben_0263.wav,Ami Amar Bhul Puchte parchi,bengali
0,ben_0264.wav,jukto Rajjo probashi Exxon Bangladeshi lekhika AVN open Nashik,bengali
0,ben_0265.wav,topic Ami Chester korbo Kotha Sambhav cast,bengali
0,ben_0266.wav,Rakhi Bhai short thick Banana for AC,bengali
0,ben_0267.wav,Ishwar Chandra Vidyasagar rochito actor Granth and Naam,bengali
0,ben_0268.wav,Etah Dekhte sobuj ronge Lamba kare hue Tha Ke,bengali
0,ben_0269.wav,nibandh x** nirbasito Vegas,bengali
0,ben_0270.wav,ji gana Kotha juktakkhor achi se Gulli ki mujhe Devo dhanyvad,bengali
0,ben_0271.wav,khane ki Chhu offer Nahin to Chhori trade Naam Ocean Maar Naam De hona,bengali
0,ben_0272.wav,ki bolun Asha Kori Amra Bullet camp Safal Kothay pabo,bengali
0,ben_0273.wav,Akon shiranami shatak kivabe thik korbo taaja nale Khushi Ho,bengali
0,ben_0274.wav,are bolun ki eto dukkho aur khoma Prakash Dwarka,bengali
0,ben_0275.wav,vitamin A herbal Utsav,bengali
0,ben_0276.wav,Kachi Zafar Ahmed Bangladeshi Sab Ek Pradhanmantri,bengali
0,ben_0277.wav,angreji Wikipedia Ka Chamatkar udaharan,bengali
0,ben_0278.wav,amount somoy tahat aashay Death Note,bengali
0,ben_0279.wav,ki kahani Roop aur with Ki Kore toiri Kora Hi Ekti anime series,bengali
0,ben_0280.wav,Tu Khoon Jamuna Nadi ostitto Khilauna AVN sirajganj tangail,bengali
0,ben_0281.wav,Prakriti chahti Maulik Pollard Mahakal show,bengali
0,ben_0282.wav,corner padarth Vigyan on Ek guruttopurno Vishay bortoman adrishya Boss 2,bengali
0,ben_0283.wav,Ireland Uttar Paschim Europe atlantik mohasagor obosthito activity,bengali
0,ben_0284.wav,angreji Wikipedia Sahitya Nobel puraskar nibandh,bengali
0,ben_0285.wav,Bangladeshi Prachin Kirti Khand,bengali
0,ben_0286.wav,Nameer Asal barnan Mohammad shahidullah,bengali
0,ben_0287.wav,top 80 English football tritiya Shobha ko Vibhag,bengali
0,ben_0288.wav,sammobadi Kazi Nazrul Islam at ka brother,bengali
0,ben_0289.wav,are Bangladeshi Pradhan Mantri talika dete Holi ka Illada Prabhu Deva uchit,bengali
0,ben_0290.wav,onek Din por Amar edit Shuru golden,bengali
0,ben_0291.wav,Amitabh ke desh ko ek bar female ko sataya Tara Kono jawab De,bengali
0,ben_0292.wav,Kudi Utsav Bangladeshi Purano Ekti bhai Utsav,bengali
0,ben_0293.wav,token price shop European jaati open niveshak prashasan per Jonno Portuguese Bhasha Bahar Koto,bengali
0,ben_0294.wav,Ami Sudhu Apna link Daya Rishta Thi anuvad Qureshi,bengali
0,ben_0295.wav,is niche duty total ok Lagana acche,bengali
0,ben_0296.wav,topi likhane Tasha ful misreported,bengali
0,ben_0297.wav,Karen HSC Te Amar Ji begin society Khilona,bengali
0,ben_0298.wav,Prothom a a Holland Naam chilo Dhaka hall,bengali
0,ben_0299.wav,apni Baki Pata Gulo Tu Hi Kot Payal,bengali
0,ben_0300.wav,Champawat O Ami bujhte Bhul korechi,bengali
0,ben_0301.wav,8 Visakha calculus Maulik Upadhyay Sampark it,bengali
0,ben_0302.wav,Chhoti Chitra Ekti vishwakosha Ekti khubi guruttopurno Osho,bengali
0,ben_0303.wav,Hazrat Muhammad Shah ke photo,bengali
0,ben_0304.wav,a wish your community for robot 3 Wikipedia Bangla bhasha Shabd Prati pati karodpati,bengali
0,ben_0305.wav,Ninja Kachhi kharap Lage,bengali
0,ben_0306.wav,Ami Oppo show Khoob agrohi Chilam,bengali
0,ben_0307.wav,Vishesh Kore Rakhi bhai apna Abhinandan ko Shahadat Jonno Apna ke Vishesh dhanyvad,bengali
0,ben_0308.wav,dhonnobad balite nibandh Bhumika niye Apna Mota mota,bengali
0,ben_0309.wav,Ti Ne niche a Pratishthan parichalak,bengali
0,ben_0310.wav,niche ki Chhota Khule Dhara bolo,bengali
0,ben_0311.wav,Egmore to Najuk Hote To Kumta boys chalo matro 10 Mas,bengali
0,ben_0312.wav,Mumbai Bharat actually Bharti Abhinetri,bengali
0,ben_0313.wav,Anugraha Kore abhidha Ne Aankhon Se dekh pan,bengali
0,ben_0314.wav,Bangla sahityer Kotha Sukumar Sen shop Tum from scholar,bengali
0,ben_0315.wav,hydrogen prastut Kora Khub sohoj,bengali
0,ben_0316.wav,Papi Chulo nucleya shokti utpadan prakriya Aadi Purush,bengali
0,ben_0317.wav,hi bumper Rajniti Bade police Hathi auto kavathekar Kahin shuru,bengali
0,ben_0318.wav,Kobita for Gan Baat Dil shop prabhavshali Rachana Hote chote Golpo,bengali
0,ben_0319.wav,Wikipedia nirbachito nibandh Holo eckankar Sher nibandh,bengali
0,ben_0320.wav,Itihas Vibhag ke yogdan Kore Chilam,bengali
0,ben_0321.wav,prithibir ekmatra prakrutik upagraha AVN soura Jagat Pancham Bihar upagraha,bengali
0,ben_0322.wav,ITI Vishay Prothom Peshawar football league,bengali
0,ben_0323.wav,apni show my pahle ETA 1 to dekh le Bhalo hai,bengali
0,ben_0324.wav,Dekhi Kora Jai ki na,bengali
0,ben_0325.wav,Kintu shekhane Amar Tula Kono Chobi Jo kurte parchina,bengali
0,ben_0326.wav,Jolly obostha shokti utpadan AVN Parivahan Toral Bahar ko raha hai,bengali
0,ben_0327.wav,are Ruthe Jonno Anugraha Kore Wikipedia Bangla bhasha videshi Shabd prativarti Karun Dekho,bengali
0,ben_0328.wav,Paris France Amazon Forest Open Nashik,bengali
0,ben_0329.wav,link debit Jono dhanyvad bade bhai theek Aaj,bengali
0,ben_0330.wav,18 anuvad Ek Anokhi Chhota Baki acche,bengali
0,ben_0331.wav,Soumitra Chattopadhyay Abhineet Tu Ekti Bangla cholochitro,bengali
0,ben_0332.wav,EPS 30 amount nibandh talika dekh abe Ja Parivartan Oppo apni Najar rakhte Chand,bengali
0,ben_0333.wav,Tarapur Army Re Bappa Re,bengali
0,ben_0334.wav,Dhaka Vishwavidyalaya nibandh Ami Kichu tottho Jo kurte chahie,bengali
0,ben_0335.wav,top Pharma ke death Hota niroshan Pata Tu Hi karata sakte ho,bengali
0,ben_0336.wav,jukto Raja Baki Osho ke Atlantic Mahasagar Uttar Sagar English Channel AVN Hira Sagar,bengali
0,ben_0337.wav,Hrithik Roshan beach Tha ke Koi bich the ke Gachi,bengali
0,ben_0338.wav,asali Sahitya ka hi nahin bolate jab ho jaaye bolati se Taron ne nohoi,bengali
0,ben_0339.wav,Tu Thodi Der Bhasha Lekha AVN 2008 roll Lekar samosa,bengali
0,ben_0340.wav,Muslim ko bhi der mode TV,bengali
0,ben_0341.wav,Islam Dharma annatama Pradhan Ahmedabad,bengali
0,ben_0342.wav,vidhansabha Allah ka naam Sealdah Ho Hawa uchit,bengali
0,ben_0343.wav,bade bhai aaj Ke Dekhi on Ek edit Holo,bengali
0,ben_0344.wav,Asha Kori call anuvad Kache heartbeat,bengali
0,ben_0345.wav,Karen Taki bongobondhu Pola Hai Pakistan Amul tar price,bengali
0,ben_0346.wav,Asha korechi Ami Chole Jabo,bengali
0,ben_0347.wav,Tarka shop KBC to college kilo DU 80 genius,bengali
0,ben_0348.wav,Sadharan Ato Koyla karlo born with RK,bengali
0,ben_0349.wav,Tara computer and Notun Bihari Kshetra samdhan Computer Design near Charan,bengali
0,ben_0350.wav,paneer aayatan unchai,bengali
0,ben_0351.wav,Machu Picchu hoche spenio angreji ucharan,bengali
0,ben_0352.wav,ichcha Amar Jonno Machu Picchu uchcharan korar sohoj,bengali
0,ben_0353.wav,ITI chalo mymensingh Prothom Muslim Pradesh,bengali
0,ben_0354.wav,mobile phone tap in Telephone Vishesh,bengali
0,ben_0355.wav,Mini Mughal Samrajya tritiya Samrat,bengali
0,ben_0356.wav,are there Mata Lamba showroom,bengali
0,ben_0357.wav,Tada Arthik avastha chilo Khoob kharab,bengali
0,ben_0358.wav,nirbachito nibandh Gulo Wikipedia Sher nibandh,bengali
0,ben_0359.wav,Russian Big can we forget Pratham Pradhan Children doctor,bengali
0,ben_0360.wav,Dollar to theek ho 31 in Ho,bengali
0,ben_0361.wav,chalo Chitra t porichalona college Steven Spielberg,bengali
0,ben_0362.wav,Amisha pure bhabhi catch Kori,bengali
0,ben_0363.wav,apni angreji hui ki Dekhe niche pan,bengali
0,ben_0364.wav,Parineeti Chopra made by Shikha Pratishthan hisab shikriti Labh kare,bengali
0,ben_0365.wav,dukher Karan Hote Hai an actor by Parichay,bengali
0,ben_0366.wav,Annu being so satabdir maja machi show my Hote baysquare netrutva,bengali
0,ben_0367.wav,Karun Bangali chikitsak Nami Itti category,bengali
0,ben_0368.wav,Amar Hata Kshetra Kono reference boy name,bengali
0,ben_0369.wav,Bangladeshi exam broker Tu Mahila open Nashik,bengali
0,ben_0370.wav,ko Bolo pida Tara chhayapath Itna Dil Ko t,bengali
0,ben_0371.wav,Ghare baire Re Chalo Chitra Upar Neela bakore Chitra Chitra,bengali
0,ben_0372.wav,Udhar Alaap Pata Saraswati aamantran Janu,bengali
0,ben_0373.wav,Pradhan Pathak ke padarth aur Madhyam Mein padarth Vigyan Pravesh Kora Dakshina,bengali
0,ben_0374.wav,Dhaka Vishwavidyalaya Itihaas upore Bhalo cause was,bengali
0,ben_0375.wav,watch Chor nibandh Odisha DK,bengali
0,ben_0376.wav,Maulik Shankar Sampark ki to 31 samosa,bengali
0,ben_0377.wav,tarashankar Bandopadhyay rochito economic Ekti Upanishad cholochitro Roop,bengali
0,ben_0378.wav,Kudi gram Jila vibhinn Upar Jila Sampark,bengali
0,ben_0379.wav,Apna rashad Jo Karle Amar Suvidha hobby,bengali
0,ben_0380.wav,army ki Kot poriborton korbo shut up Bole Bhalo hai,bengali
0,ben_0381.wav,Bangladeshi Prachin nidarshan guler unnatam,bengali
0,ben_0382.wav,Shahar Uttar Pradesh puratan Brahmaputra nadi upsthit,bengali
0,ben_0383.wav,Bangla actor Kichu actor coda ichcha chilo,bengali
0,ben_0384.wav,Holi ki email Kore ke Janiya,bengali
0,ben_0385.wav,bhai sahab Jo Todkar on Taraf Tu caller tune no,bengali
0,ben_0386.wav,nibandh the Jara Kanch ko today Roshan ko dhanyvad,bengali
0,ben_0387.wav,ETA Prachin kal actor Rajjo chilo,bengali
0,ben_0388.wav,Kalu Rasta sarthebari broker to Bhartiya Bengali sahityik Sunil Gangopadhyay rochito active Panache,bengali
0,ben_0389.wav,Ganga nadi Bharat aur Bangladesh,bengali
0,ben_0390.wav,to Kumta boys chhilo matro 20,bengali
0,ben_0391.wav,flower pot Thakur to Jersey Ho Lal Poshak Poshak Sada Rohit Mishra,bengali
0,ben_0392.wav,Tirupur Rajdhani Dhaka shop chenikuthi Cadet College,bengali
0,ben_0393.wav,are Jo tablet,bengali
0,ben_0394.wav,dhaatu Bangla baccarin dhaatu,bengali
0,ben_0395.wav,apni ki banglapedia Sathi porichito Wikipedia Holo Shahid active vishwakosh,bengali
0,ben_0396.wav,Dhaka Vishwavidyalay Upar chat show,bengali
0,ben_0397.wav,ITI Africa Shakti Rashtra Sankranti nibandh,bengali
0,ben_0398.wav,Photoshop Pratham AVN kuthama Grah,bengali
0,ben_0399.wav,angreji Bhasha chalachitra t porichalona collagen Steven Spielberg,bengali
0,ben_0400.wav,Utsav somporke Khoob Basa Kichu Jani na,bengali
0,ben_0401.wav,Bhai Jara agrohi ka darshan,bengali
0,ben_0402.wav,Ami Bangladesh nibandh Lal link Gulo Ke Neel Kochi,bengali
0,ben_0403.wav,Vahi Pata Tha ki vibhinn Bhasha pratipurti coronavirus Jonno nijoshyo link Daya acche,bengali
0,ben_0404.wav,Kintu Ek khane Ghosh havena Saptarshi,bengali
0,ben_0405.wav,Partha began Mujhe falana Sathi ki it is important to do it to Dekho,bengali
0,ben_0406.wav,Wikipedia Bangla Banane Niyam a Jaaye,bengali
0,ben_0407.wav,Army Shahid chhatron computer Anna,bengali
0,ben_0408.wav,Kintu Pakistan Amol Bongo Bondhu Amar Mone hoy na Parivartan Aadhar card,bengali
0,ben_0409.wav,Muli shankha Guli purple likha Jack,bengali
0,ben_0410.wav,papa to ki chhut in ho to be sure Mein tyohar Sambhav havena,bengali
0,ben_0411.wav,tikuli Hai To theek Hote paare,bengali
0,ben_0412.wav,short Shapath Kranti Shanti par active pad Rahi to,bengali
0,ben_0413.wav,asali Army base ki chhut in Java 8 angreji Vicky Kajla Kochi,bengali
0,ben_0414.wav,Aku no nibandh on road thak Le Jana ban,bengali
0,ben_0415.wav,vishwakosh bolte ki bojho tar actor Dhaar Hona amada competition,bengali
0,ben_0416.wav,it is food chain Shobha pakka nikat Grah,bengali
0,ben_0417.wav,Tu Khoon Aadha kar Ato Kache tha Kaha Bana,bengali
0,ben_0418.wav,nirbachito Chobi nirbachito nibandh niche Diye Dekh la,bengali
0,ben_0419.wav,top apni kachra liye junction Dekhe Bhalo laglo,bengali
0,ben_0420.wav,Aage Holi a Gai Kore Debo,bengali
0,ben_0421.wav,Tini Bulletin chotoder golpo uponnash likha Jo bich Hai Tu,bengali
0,ben_0422.wav,31 Sampoorna aur nirbhar jogo vishwakosh a point Hawa Wikipedia Loko,bengali
0,ben_0423.wav,Amoeba Nahin Bhul Kot Ustad,bengali
0,ben_0424.wav,it is of the Hai Do Bar prakashit Ho To,bengali
0,ben_0425.wav,Tarzan movie chilo Ekti daridra parivar,bengali
0,ben_0426.wav,Kothi utaral padarth to Rona a Gaya apekshik aayatan on ekvirechi,bengali
0,ben_0427.wav,Kintu dukher Bijoy bolti rachayitha Kono proyojon Anubhav Colony,bengali
0,ben_0428.wav,Ta Chita me ostrich kilo wali rupo ka niyantran,bengali
0,ben_0429.wav,Baki onshore Hote Uttar Ireland Jhuk Tu Raja Ki Chhori ok show,bengali
0,ben_0430.wav,Bankim Chandra Chattopadhyay Ekti Bangla uponnash,bengali
0,ben_0431.wav,Asima Bade sabse prasiddh Rachna Hote Foundation series,bengali
0,ben_0432.wav,Etah activeness Hathi to dhaatu,bengali
0,ben_0433.wav,Robi Shankar chillin Char bhaiyon buddhe shop chhoto,bengali
0,ben_0434.wav,Manchester United Lal link prices,bengali
0,ben_0435.wav,ETA actor Wikipedia Wikipedia Wikipedia arrowbc obodan Rakha Jonno Ekti prokolpo,bengali
0,ben_0436.wav,check project on trade Itihaas aur Sanskriti samriddh,bengali
0,ben_0437.wav,Unnati ke chattagram Vishwavidyalay upachar Jo Dor,bengali
0,ben_0438.wav,we also need prodhan nibandh hollow on go,bengali
0,ben_0439.wav,Ami Amar Allah Pata Dekhte page,bengali
0,ben_0440.wav,Jyoti na Kore Ki Kore Amay ektu Kore,bengali
0,ben_0441.wav,parade duty nibandh angreji wicket acche AVN tar take a human hoec anuvad,bengali
0,ben_0442.wav,2000 kudi Wikipedia Bangla bhasha videshi Shabd Prati Dekhun sekhan kar Pata Montu Bura ko,bengali
0,ben_0443.wav,tar Pradhan equation chilo gonit padarth Vigyan Opera Kaushal,bengali
0,ben_0444.wav,80 dudh Khub Kono Kore toiri Kora hoy,bengali
0,ben_0445.wav,Holi ki 80 Na Main Sudhu Bangali cholochitro Deva theek ho,bengali
0,ben_0446.wav,$1 chillin ilaka Shanti comedy neta,bengali
0,ben_0447.wav,Lisa beauty Sanskrit Bhasha take a s h a,bengali
0,ben_0448.wav,muktijoddha shuruaat 3 Pakistani tatkalin Paschim Pakistan chillin,bengali
0,ben_0449.wav,Shuru Kochi shudhu Je Tara Dhaka Vishwavidyalay,bengali
0,ben_0450.wav,kabutar Bole Kabutar Se,bengali
0,ben_0451.wav,Vishva Bani Jo bortoman show the show show more,bengali
0,ben_0452.wav,polli bornomala Amar Gan Anuj joke Kochi,bengali
0,ben_0453.wav,Bhilai bhai process of their aalochana Pata dekh le,bengali
0,ben_0454.wav,Pili ko actor Kobita Shuru Kore Jabo,bengali
0,ben_0455.wav,Shankar Amazon Bharti Bengali lekhak,bengali
0,ben_0456.wav,Bangladesh ticket Bangla bhasha prakashit O Sambad Patra,bengali
0,ben_0457.wav,Apna 1989,bengali
0,ben_0458.wav,Paschim Europe Electronics shop,bengali
0,ben_0459.wav,American gift to Coimbatore,bengali
0,ben_0460.wav,sridhara Nagori ka short Maar Dai,bengali
0,ben_0461.wav,503 II Pakistan pratirodh ka montronaloy began Vishal,bengali
0,ben_0462.wav,copyright hollow 24 ji website Praman,bengali
0,ben_0463.wav,Alok Sagar Bharat Mahasagar also,bengali
0,ben_0464.wav,Afghanistan bohu picture jaatishwar Shabash,bengali
0,ben_0465.wav,Jaan Tomar Naam r g kar Medical College,bengali
0,ben_0466.wav,Royal Bengal Bagh Bharat Bangladeshi jatiyo Pashu,bengali
0,ben_0467.wav,latest showroom ko Khub Choto,bengali
0,ben_0468.wav,yah Desh Shankar bortoman a loco,bengali
0,ben_0469.wav,rajshahi Vishwavidyalay dog,bengali
0,ben_0470.wav,angreji wicket nibandh Hotel Onyx Amritsar,bengali
0,ben_0471.wav,Java deep Bharat Mahasagar,bengali
0,ben_0472.wav,sheti Vishay shop jonoprio uddami football league,bengali
0,ben_0473.wav,igloo Amar Bhai Tola chobi,bengali
0,ben_0474.wav,Avengers Alaipayuthey Apna prashna Uttar,bengali
0,ben_0475.wav,Babar Naam tar pratishthit pratishthan's Naam rakhen,bengali
0,ben_0476.wav,Apna got both ETA kurte party,bengali
0,ben_0477.wav,Britain action wishes Pradhan O brame automatic Shoti Tiller,bengali
0,ben_0478.wav,Dr Mohd Shahid Ullah shop show me Shahid Sathi film,bengali
0,ben_0479.wav,in Shankar bhejo na khol de sakti ho,bengali
0,ben_0480.wav,Paschim Banga rajya Uttar 24 Pargana Zilla,bengali
0,ben_0481.wav,Satyajeet Rai rochito feluda goyenda Kahini series,bengali
0,ben_0482.wav,are power Dhaka Vishwavidyalay Chhatra Hawa,bengali
0,ben_0483.wav,cortona chilo Bharati Prothom,bengali
0,ben_0484.wav,Apna Desh Ham padana thi ki Ammi Puchte 1 Din nibandh ki bhabe likhte hai,bengali
0,ben_0485.wav,Vivo Chhod Kyon Prothom Vibhag Pani,bengali
0,ben_0486.wav,moolam 2 songs British Ishwar Shabd taking a shop,bengali
0,ben_0487.wav,can you it is Suvidha Chetan,bengali
0,ben_0488.wav,Kunti babohar korte hobe Re Khushi Hobo,bengali
0,ben_0489.wav,kurti Hugli nadi avasthit,bengali
0,ben_0490.wav,Alok bhai apna ko Thi theek,bengali
0,ben_0491.wav,apni Jyoti e Sampark a Kichu Jante taaja Naat a pak Ki Tilawat,bengali
0,ben_0492.wav,Munna baad Apna ki ful khojen belpada Jonno,bengali
0,ben_0493.wav,Prachin Kal ke chinh Prithvi Pradhan photo,bengali
0,ben_0494.wav,Manipuri Bangladeshi adivasi Goshti,bengali
0,ben_0495.wav,apni jaane ki Wikipedia prodhan Pata Ekti Osho,bengali
0,ben_0496.wav,Ami Moner Kudi Rajniti samikaran basic,bengali
0,ben_0497.wav,Atul Prakash broker to bhartiyon Bengali sahityik Sunil Gangopadhyay rochito Prothom Upar Nache,bengali
0,ben_0498.wav,Ti Ne padha likha Kolkata Hare School Hindu College Presidency College,bengali
0,ben_0499.wav,asali Niharika ko Chaya paath,bengali
0,ben_0500.wav,tar Baba Chalein episode magistrate,bengali
0,ben_0501.wav,substitute for Luminous,bengali
0,ben_0502.wav,Bangla Bangladeshi X Ti Pol jonoprio band,bengali
0,ben_0503.wav,ITI Islamic Prothom Boro Jodhpur,bengali
0,ben_0504.wav,NTPC 20 August 8,bengali
0,ben_0505.wav,Bobby Satya Aro Sundar Kintu,bengali
0,ben_0506.wav,program College School program college,bengali
0,ben_0507.wav,Gautam Ghosh attitude Bharati Bangali cholochitro porichalok,bengali
0,ben_0508.wav,a promise that a bomb Dhaka described but police horn,bengali
0,ben_0509.wav,kishorganj scheduled for July August 31,bengali
0,ben_0510.wav,rasayanik Bandhan Dwara song Jhukta,bengali
0,ben_0511.wav,Bhasha Teer Jay shop Likhit only Darshan ke acche se bolo to Sahitya group,bengali
0,ben_0512.wav,ITI Bangladeshi Prothom public Vishwavidyalay,bengali
0,ben_0513.wav,Daya coding Jodhpur Jayega Bhool bananti acche Tak theek kara vyavastha Nahin,bengali
0,ben_0514.wav,HBT vibhinn no Granth,bengali
0,ben_0515.wav,arthat Arthik Bazar poriborton Kothi,bengali
0,ben_0516.wav,is falling Dil Ko Din Ta ke Shahid Kapoor ke,bengali
0,ben_0517.wav,tar gane Khoob Bhalo Bajar,bengali
0,ben_0518.wav,Asha Kudi Pata apni,bengali
0,ben_0519.wav,Jahan Par Bhandara upload coronavirus,bengali
0,ben_0520.wav,time nibandh Roti ke aage August serial killer,bengali
0,ben_0521.wav,slow motion I am,bengali
0,ben_0522.wav,ITI job short July August written,bengali
0,ben_0523.wav,Bangladeshi Pala Boothu short program on Sholay,bengali
0,ben_0524.wav,shop Sabha bich Shankar jewellery,bengali
0,ben_0525.wav,tahole Ami thik Kore korbo,bengali
0,ben_0526.wav,Ti Ne Do Bar Oscar Puraskar Bijoy,bengali
0,ben_0527.wav,Dr Mohammad shahidullah owner qualification,bengali
0,ben_0528.wav,Bhartiya Bengali sahityik Sunil Gangopadhyay rochito Ekti Upar Nache,bengali
0,ben_0529.wav,Pratik bara so anacrotic Holo Prakash,bengali
0,ben_0530.wav,Wikipedia template is babohar base gutor gu,bengali
0,ben_0531.wav,AK mote portion korar Jonno dhonnobad on a catch,bengali
0,ben_0532.wav,Dukhi Meru prithibir shop Dukhi Ne avasthit Bindu,bengali
0,ben_0533.wav,Ek karo Ne Manav jaati Prati fallen Boond visheshta,bengali
0,ben_0534.wav,Bangla PT II Asiatic Society of Bangladesh Kotak prakashit O exhibition,bengali
0,ben_0535.wav,ekmatra ji doll three jite Chale Tharo Manchester United,bengali
0,ben_0536.wav,Julu Jati ka itihas best Samrat,bengali
0,ben_0537.wav,define promote Satakli Jana Bank,bengali
0,ben_0538.wav,3 e-prothom main Thodi proportionally Shakti utpadan ka Jaaye,bengali
0,ben_0539.wav,special wishes to sahityik Parichay Shuru Hai,bengali
0,ben_0540.wav,bongobondhu Sheikh Mujibur Rahman ke coronavirus,bengali
0,ben_0541.wav,apni Bhalo Tha Ke Apna Bhalo tha Ka utpann Tu Jaruri,bengali
0,ben_0542.wav,cable Kajal Mukher Bhasha today with Sudhar,bengali
0,ben_0543.wav,Bangladeshi Rajdhani 18 Dhaka shahar,bengali
0,ben_0544.wav,ATM Khol Vishay sarvadhik burrito Indur Mara beach,bengali
0,ben_0545.wav,1 on 1 tablet Hote Hote,bengali
0,ben_0546.wav,airport Taki in hidden jyotirvigyan port Lekha Ekti boy,bengali
0,ben_0547.wav,Naina se nibandh Taki Joker Ami bujhte Fortuner,bengali
0,ben_0548.wav,Talking Cat Jodi apni monoposto Petha is Jonno Ami khubi Dukhi,bengali
0,ben_0549.wav,bolo to vinodhara Utha Ke Bande,bengali
0,ben_0550.wav,Uttam Kumar avinito Ekti jonoprio chalachitra,bengali
0,ben_0551.wav,poppy apni Jyada Chester,bengali
0,ben_0552.wav,Teeny tatkal in British Bharat Prothom mohila startup,bengali
0,ben_0553.wav,Mount Abu,bengali
0,ben_0554.wav,Baba Chilam Imam,bengali
0,ben_0555.wav,Hindi cinema sangeet Upar tar Prabhav account Vishal,bengali
0,ben_0556.wav,best Aane Gali Bhasha Hindi bhasha,bengali
0,ben_0557.wav,Army nibandh Roti song Pradhan koda,bengali
0,ben_0558.wav,Mumbai Bharat Bani chik Vinod Rajdhani,bengali
0,ben_0559.wav,internet l madhumeh Ekti computer is Sathi erector computer is jokes Thakur udaharan,bengali
0,ben_0560.wav,bortoman Amar Pradhan Agro ke Vishal Holo Itihaas,bengali
0,ben_0561.wav,free hoke shokti hisabe juktorasto aur Soviet Union Uttar Pradesh,bengali
0,ben_0562.wav,dpo Bhasha Arjun 42 Bhasha Vigyan ko Vishwanath actor Vishal goes to,bengali
0,ben_0563.wav,rajshahi popular bagoda AVN sirajganj,bengali
0,ben_0564.wav,FIFA Vishwa Cup Trophy FIFA Vishwa Cup site,bengali
0,ben_0565.wav,Kintu Lekha ki pauri to Ek nibandh,bengali
0,ben_0566.wav,bilayat IATA code DHL,bengali
0,ben_0567.wav,Maha Vishnu Puran Vishnu Puran,bengali
0,ben_0568.wav,Tekken 3 ki Bullet Ta sahityik Jivan sutrapada,bengali
0,ben_0569.wav,Aaru on Xmas Rituparna Rachana collection,bengali
0,ben_0570.wav,Rakhi bhai apna office ka Kursi,bengali
0,ben_0571.wav,elective paper follow coronavirus,bengali
0,ben_0572.wav,Tu khinch simana chhilo bortoman Bangladeshi Dhaka AVN motion khojela,bengali
0,ben_0573.wav,architect Palli template to cast on a Jaaye to,bengali
0,ben_0574.wav,nibandh shiranami partly through our nibandh think quality,bengali
0,ben_0575.wav,projukti shopwati link taking bath delay,bengali
0,ben_0576.wav,PK of product is vibhinn I wish it was,bengali
0,ben_0577.wav,Pita Naam Jagannath Bhattacharjee,bengali
0,ben_0578.wav,St shooting 48th ST chinhit,bengali
0,ben_0579.wav,regular Prachin Samrat Ashok,bengali
0,ben_0580.wav,Ek khane Dekhun kiefer per Kshetra coronavirus,bengali
0,ben_0581.wav,Madhyamik John Mohan Shilpa,bengali
0,ben_0582.wav,1 month puppy Bangladeshi Bahar na Kudi Bangladeshi,bengali
0,ben_0583.wav,80 wishes of the Boro Masjid,bengali
0,ben_0584.wav,internet Vishay computer network,bengali
0,ben_0585.wav,Coolie Shankar Bangla BESCOM,bengali
0,ben_0586.wav,authored anything TV NET television,bengali
0,ben_0587.wav,shop at home with Orissa Lok Ali,bengali
0,ben_0588.wav,Ekti Bhul to the Jonno Ami Dukhi to,bengali
0,ben_0589.wav,Rohit Ekti jatiyo Sadharan Congress,bengali
0,ben_0590.wav,ichcha Tower of London Vishesh book,bengali
0,ben_0591.wav,not attend college Bangladeshi sister college,bengali
0,ben_0592.wav,Shinchan ka bhoot asali 1815 also,bengali
0,ben_0593.wav,4 xt2 Hindu,bengali
0,ben_0594.wav,Ti Ne Bharat mahadesh Mughal Samrajya Pratishthan Samrat,bengali
0,ben_0595.wav,Prothom Alo Sadharan circuit board,bengali
0,ben_0596.wav,Bangla Wikipedia tritiya nirbachito nibandh,bengali
0,ben_0597.wav,Chhoti asvary Wikimedia commons TicketNew,bengali
0,ben_0598.wav,Jamun computer network public Telephone Network radio network about television network,bengali
0,ben_0599.wav,Purvi kushtia Nadia Zilla Paschim onthibettu Chilam,bengali
0,ben_0600.wav,party nibandh Marne ko Suvidha,bengali
0,ben_0601.wav,tablet Ki bhabe toiri Kore Ami ki tatoo Ke Paar Paar Le Jana ban,bengali
0,ben_0602.wav,Kanoon Eid mahakaushal proper shatak bhabhi Bojhena,bengali
0,ben_0603.wav,Tik Tik padatha big Ganesh HD,bengali
0,ben_0604.wav,ki Jani Dekha jata hai na,bengali
0,ben_0605.wav,authored by Bahar Khadi Jane Austen quotes,bengali
0,ben_0606.wav,Pushpak Aarush Jaat ID locator song,bengali
0,ben_0607.wav,Chintu ki shooting foreign Dhaka Vishwavidyalay Kolkata college,bengali
0,ben_0608.wav,Kintu Pita shopping Japani school,bengali
0,ben_0609.wav,Ami auto show it to read properties,bengali
0,ben_0610.wav,Ruturaj Jo Hona Goli deep got it,bengali
0,ben_0611.wav,show me about Sri Satya,bengali
0,ben_0612.wav,a t o acting angreji boy wear in bath,bengali
0,ben_0613.wav,now ka jila Pran Kendra avasthit School,bengali
0,ben_0614.wav,Ashok alamode daba football cricket tennis owner,bengali
0,ben_0615.wav,juthe photo chilo,bengali
0,ben_0616.wav,Shisha boy Vishwavidyalay passport photo,bengali
0,ben_0617.wav,Bangladeshi Pradhan Nodi,bengali
0,ben_0618.wav,Mohammed Jafar Iqbal rochito actor jonoprio Kishor upanyas,bengali
0,ben_0619.wav,avnijesh coronavirus,bengali
0,ben_0620.wav,Bangladeshi Rajdhani Dhaka 280 short para medical college,bengali
0,ben_0621.wav,bolo to Ek Gulo chhilo British upnivesh,bengali
0,ben_0622.wav,protiti holiday Patta board proposed,bengali
0,ben_0623.wav,Pakistani Sarkari Bhasha angreji AVN datiya Bhasha Urdu,bengali
0,ben_0624.wav,Bangla Academy weekend vishwakosh Prothom kondo,bengali
0,ben_0625.wav,Apna Churu koda En Jeevan Jyoti Patrika prabandhan,bengali
0,ben_0626.wav,Pradeep bhai apna kxt Mel korechi,bengali
0,ben_0627.wav,onto to football Fortune do coding na,bengali
0,ben_0628.wav,Apna Chobi Gulo Kotha ke Kaniya Shweta Fortuner,bengali
0,ben_0629.wav,natok shopno Kolhapur to begin begin Vishesh Agra,bengali
0,ben_0630.wav,Canada after enough ok kudrati hongi Rakha song now,bengali
0,ben_0631.wav,Chamatkar cars with AVN Kshetra,bengali
0,ben_0632.wav,Prothom Patai showing no Osho,bengali
0,ben_0633.wav,London shopping in Prothom part 2 Prakash Bhati,bengali
0,ben_0634.wav,Tai ko 9 Shabd babohar Kora Jayate,bengali
0,ben_0635.wav,Pustak nibandh OTP Sohit Minar Dhaka,bengali
0,ben_0636.wav,bolo marches don't know,bengali
0,ben_0637.wav,irukum kalakarulu thermally whittaker,bengali
0,ben_0638.wav,dekhla shetr Bhul chilo,bengali
0,ben_0639.wav,shopping to Bharati Bangla chalachitra,bengali
0,ben_0640.wav,London Shahar Jhukta Rajya Rajdhani 80 England,bengali
0,ben_0641.wav,Apna ki model aur top,bengali
0,ben_0642.wav,computer Shivaji Talkies Chhota Kudi Canada ka hai,bengali
0,ben_0643.wav,Nobel puraskar Bijoy marking arthaniti bit,bengali
0,ben_0644.wav,eppudu ET authentic to doll on Sonia Satya,bengali
0,ben_0645.wav,Madhu Jaoge is Naam chilo Paras show,bengali
0,ben_0646.wav,Thakor na picture Qatar Sadharan toffee,bengali
0,ben_0647.wav,Uttar America Desh Mexico Rajdhani,bengali
0,ben_0648.wav,topping dukher Sathe bolchi Ami thakte parbo na,bengali
0,ben_0649.wav,Dan Brown rochito Ekti jonoprio Upar Nache,bengali
0,ben_0650.wav,Pradhan Jeevika Krishi Kaaj,bengali
0,ben_0651.wav,Tu Khoon Bangladesh kilo Pakistani Pradesh,bengali
0,ben_0652.wav,Pakistani Pataka Bishnoi Pakistan shot Karan website,bengali
0,ben_0653.wav,Shikha Nahin pradeshik Shiksha AVN for robotic I Shikhar shuru,bengali
0,ben_0654.wav,Ashapuri Army baccha deta parchi,bengali
0,ben_0655.wav,Kanch quality Holi ki Kote haway,bengali
0,ben_0656.wav,hirakund Khetri uploadkadeh.ir ka Chobi apni Saraswati,bengali
0,ben_0657.wav,Vivo Chhod Dhaka Vishwavidyalaya Dhaka holiday Ramkaran shahidullah hall,bengali
0,ben_0658.wav,action movie 80 Bangladeshi singer,bengali
0,ben_0659.wav,we can only for this phone utha Pradhan Bhagwan,bengali
0,ben_0660.wav,Muli corner gobeshona Itihaas 8862 aavishkar,bengali
0,ben_0661.wav,itiadoh fini actual shop Mall Senapati pratishthit,bengali
0,ben_0662.wav,Bing Shatabdi ke samast,bengali
0,ben_0663.wav,Army voter ID code,bengali
0,ben_0664.wav,100 30 Dhara Dhara,bengali
0,ben_0665.wav,Dukhi to fule Ala paatar paatar there,bengali
0,ben_0666.wav,Kichu sampadan,bengali
0,ben_0667.wav,Ireland Dipesh Uttar Purva prant Uttar Ireland on 17 August,bengali
0,ben_0668.wav,Aahat Apna Kehte Jodi sametha Ke aapane Niche khane actor tutorial likhe chalena order,bengali
0,ben_0669.wav,it is got home hu Aakruti taking ke Namdev kolshi Woodward,bengali
0,ben_0670.wav,Khurja acche dating Mona School Cadet College for WhatsApp,bengali
0,ben_0671.wav,Aage I want to change the policy,bengali
0,ben_0672.wav,kahan likha hua hu mai Hindu I,bengali
0,ben_0673.wav,Khoon Pani Ki Kichu Golpo,bengali
0,ben_0674.wav,Khulna opposite o x 3 ODI,bengali
0,ben_0675.wav,Newton Holo Bollywood,bengali
0,ben_0676.wav,photographs of opposite ITI Sarkari Medical College,bengali
0,ben_0677.wav,O Bangla bhasha Prothom Bodo,bengali
0,ben_0678.wav,Pal Rajvansh O Prachin Bangla both Dharma kolambi Rajvansh,bengali
0,ben_0679.wav,room Sham Raja Senapati Pratham Samrat,bengali
0,ben_0680.wav,queen of Upar July rain AVN Shadow Kshetra 2,bengali
0,ben_0681.wav,bahut chhatron Aahat O AVN vistar hai,bengali
0,ben_0682.wav,beta jyotirvigyan Pratishtha ka Vigyan the,bengali
0,ben_0683.wav,Kishor Barshi muktijoddha Osho grahan Karen AVN Dhaka Jila,bengali
0,ben_0684.wav,Baba Kotha Vishesh Putra Vito padam,bengali
0,ben_0685.wav,Kota ki muchhe Dewas,bengali
0,ben_0686.wav,aap Bondhu Re jomba Kshetra name,bengali
0,ben_0687.wav,Khub Sundar,bengali
0,ben_0688.wav,Taj mrittur shortest transport Jo Itihaas Kichu provision,bengali
0,ben_0689.wav,beauty nibandh hi a template korechi Ami,bengali
0,ben_0690.wav,Sudhu Jo Kochi foreign schedule,bengali
0,ben_0691.wav,ji Kyon Koi Di cost,bengali
0,ben_0692.wav,Naam haway shokti sancharan,bengali
0,ben_0693.wav,Assalam to above 200,bengali
0,ben_0694.wav,a Swasthya Bangladeshi mrutyu,bengali
0,ben_0695.wav,a quote Guru Dekho AVN sister,bengali
0,ben_0696.wav,pure Puri Road Kora jabe na,bengali
0,ben_0697.wav,Jeevan Jyoti Naam asali Bangladeshi share bazar Hawa uchit chilo,bengali
0,ben_0698.wav,Mouni Roy do it nibandh Rakha uchit,bengali
0,ben_0699.wav,plated Assalam chalo East Bengal Club,bengali
0,ben_0700.wav,Tara bolen Khush Holo Gotan AVN Ek ok,bengali
0,ben_0701.wav,totoodo spotted Thodi right that he should be put on person do,bengali
0,ben_0702.wav,Parichay Banakar dikha Tu Chitra still p.m.,bengali
0,ben_0703.wav,Bharti Paschim ticket ek taraju,bengali
0,ben_0704.wav,Neend notice boy Aana calamity Hote,bengali
0,ben_0705.wav,Taher poornam Mirza Mohammed Ali,bengali
0,ben_0706.wav,Chaho army is don't know about dukkho Prakash coaching,bengali
0,ben_0707.wav,Rabindranath Thakur rochito Ekti Choto Upar Nache,bengali
0,ben_0708.wav,Bangladesh Medical College Datia Prothom Sarkari Medical College,bengali
0,ben_0709.wav,Nari Andolan is both a Rajniti Pravesh,bengali
0,ben_0710.wav,padarth Vigyan Nobel puraskar Nobel Foundation is official website,bengali
0,ben_0711.wav,is Juno Samadhan Hero,bengali
0,ben_0712.wav,Rakhi Bhai Ki to nibandh Kintu Samosa Hote Naam Ni,bengali
0,ben_0713.wav,Bangladeshi utpadak utkrusht dhaan,bengali
0,ben_0714.wav,ganit Peeth beginning 6 ganit AVN big and fresh whole Vibhag over the Russian,bengali
0,ben_0715.wav,Wikipedia shop procoal face shop nibandh a bomb Chobi copyright free,bengali
0,ben_0716.wav,jhope taking Islam it through Itihaas,bengali
0,ben_0717.wav,tamatar aur ek porichoy uthata Vishwavidyalay Rasayan Vibhag Amazon Practo,bengali
0,ben_0718.wav,Vishwas anyhow Poche ka bani thi Mala,bengali
0,ben_0719.wav,kivabe korbo parchina,bengali
0,ben_0720.wav,Kolkata 60 Bharat Paschim Banga Rajya Jila,bengali
0,ben_0721.wav,parukutty songs Arjun Thakor,bengali
0,ben_0722.wav,airport Sahitya ki anuvad Natok likhen,bengali
0,ben_0723.wav,ITI Board Tu Mane Sudhu matro cricket Mati se Bane bag,bengali
0,ben_0724.wav,Jamun Paris Litchi,bengali
0,ben_0725.wav,Shiva Sath Chod Dela Kila,bengali
0,ben_0726.wav,Body Shop,bengali
0,ben_0727.wav,apni Kanu recording Sthan teeshopper ke exhibition lekhak ka uchit,bengali
0,ben_0728.wav,Bangladeshi Sathi Nanda Kishore muktijoddha AVN Rohit,bengali
0,ben_0729.wav,Kintu Prithvi it is polymer com,bengali
0,ben_0730.wav,we keep our wooden cook shimano,bengali
0,ben_0731.wav,Eid Kichu bole to show niche Diya Holo,bengali
0,ben_0732.wav,Kabul district Rajdhani,bengali
0,ben_0733.wav,Dukh kato Prothom bar Kotha bujhte Pari,bengali
0,ben_0734.wav,abe Vishwavidyalay bortoman Upar Chadh Jo aur dhap of s,bengali
0,ben_0735.wav,Khulna shop opposite ITI college,bengali
0,ben_0736.wav,Paschim Bangal ka Lekha nibandh or Sampoorna,bengali
0,ben_0737.wav,Asia PTV sabse Boro foreshocks adorable mahadesh,bengali
0,ben_0738.wav,Sona ft dhaatu aur adhatu,bengali
0,ben_0739.wav,mukto Bangla font profile photo Bangla Lekha pradarshani Jonno chai Bangla font,bengali
0,ben_0740.wav,vishwakosh likha Nahin Hai best Vashi,bengali
0,ben_0741.wav,Ami apnake Mel korechi Ami,bengali
0,ben_0742.wav,Tai Dakshin Gulo ke Dakshin Kota coaching,bengali
0,ben_0743.wav,Holi old song Kamothe shop KBC Jor,bengali
0,ben_0744.wav,utho sutron Mujhe foreign Pita covid-19 joke college,bengali
0,ben_0745.wav,Asha Kora Jai Bhavishya theek hoga,bengali
0,ben_0746.wav,Paschim Bangal ganitik paribhasha,bengali
0,ben_0747.wav,$1 Parivartan kodle nibandh Amish also dont Kore Debo,bengali
0,ben_0748.wav,Wikipedia search Diye Dekhi Academy nibandh,bengali
0,ben_0749.wav,Dhaka vibhinn nibandh Shuru off Pune,bengali
0,ben_0750.wav,Amar Mon Tobu Holo Keval Bangladeshi Muslim samprada is shabd,bengali
0,ben_0751.wav,photo not for England football stadium in poriborton acid,bengali
0,ben_0752.wav,Kazi motahar Husain began Shahid Upar boyo prabandhan Ke Chain,bengali
0,ben_0753.wav,both the square covid-19 power Jaaye,bengali
0,ben_0754.wav,Oppo School Society Barmer,bengali
0,ben_0755.wav,Kazi Anwar Hussain Janam Hussain Vidyut Mitra naam ki bahar kirtan,bengali
0,ben_0756.wav,ethic Dani,bengali
0,ben_0757.wav,about Chhod Rashtrapati Nirvachan honest Hawa Kotha chilo,bengali
0,ben_0758.wav,mukhya Bhumika Abhinay Uttam Kumar,bengali
0,ben_0759.wav,apni nishchit Ho Allah Kartik,bengali
0,ben_0760.wav,samudri Vidhan School tatha military high school on Ek Joshila Chale,bengali
0,ben_0761.wav,bhai Girish Chandra Sen Islam Dharma Pavitra Quran Prothom Bangla anubad,bengali
0,ben_0762.wav,Kajal style attitude at rako,bengali
0,ben_0763.wav,Asha Kudi Kichu opposite Bhakti Park,bengali
0,ben_0764.wav,Kabir Utsav aur licence police for a corporate culture,bengali
0,ben_0765.wav,Bangladeshi attitude Pro Katha Shikha bb10 Dekho o b can call me,bengali
0,ben_0766.wav,Dhaka 6 August ITO Bangladesh Sinha Bahini,bengali
0,ben_0767.wav,Bangladeshi Rajdhani Dhaka Shahar upsthit o f t Mahila College,bengali
0,ben_0768.wav,happy Brew shop,bengali
0,ben_0769.wav,$80 sankadik Saken in America Khubsurat Desh,bengali
0,ben_0770.wav,God nibandh Akash econo Khoob chhoto,bengali
0,ben_0771.wav,crystal Thomas Roman Catholic Shakha Pradhan aur Guru,bengali
0,ben_0772.wav,Ami Kotha bolchi na,bengali
0,ben_0773.wav,Mota Moti actor,bengali
0,ben_0774.wav,Rajiv Bhai Amar Bhai Pata Hai Ek Bar,bengali
0,ben_0775.wav,Bangladeshi Rashtrapati Sheikh Mujibur Rahman Vishesh Udyog,bengali
0,ben_0776.wav,we all prepares voting Bangla Loko Sangeet Amar Shilpi gaan,bengali
0,ben_0777.wav,ichcha Army actual Kristen attitude Muslim ads on both legs on everything,bengali
0,ben_0778.wav,Jyoti monacolin Chobi bolo mujhe felt hobby problem,bengali
0,ben_0779.wav,Eco Saraswati Ji fruit on Ek nibandh Hui photo Tha Ke,bengali
0,ben_0780.wav,California largest kathanam arbican project Vishwavidyalay,bengali
0,ben_0781.wav,Disha Gullu Wikipedia Juno khubi gutor gutor,bengali
0,ben_0782.wav,Samosa ki acche bujhte parlam na,bengali
0,ben_0783.wav,Cox Bazar Bangladesh 60% on Kendra,bengali
0,ben_0784.wav,Kintu Se taji Ek Tu hi koi acche Khyal kudi,bengali
0,ben_0785.wav,Aalha Thakur Puran ka prokolpo koda Dakshina,bengali
0,ben_0786.wav,Bangla Wikipedia Jila Saptah Ho Sona coronavirus,bengali
0,ben_0787.wav,ektu kosto Kore Chetak Thi kurti,bengali
0,ben_0788.wav,Aalu Ekti Boro Asha chilo,bengali
0,ben_0789.wav,auto Kendriya jodne hataye,bengali
0,ben_0790.wav,Toba Sadharan Kichu cartoon khoje Pavagadh,bengali
0,ben_0791.wav,pinni Mona Kore Chilam Angrej door show onek koster Devi shutter Java,bengali
0,ben_0792.wav,Peshawar football team photo Mane Manchester United,bengali
0,ben_0793.wav,a Chhori archestra star Bangladeshi jonoprio Humayun Ahmed,bengali
0,ben_0794.wav,Dhaka Vishwavidyalaya itihas Vibhag Hote m,bengali
0,ben_0795.wav,Apna Kachhi on Rudraksh party nishchit korar Jonno,bengali
0,ben_0796.wav,Paris bar Asha Kudi Ne Jabalpur,bengali
0,ben_0797.wav,Babar Naam chalo Mohammed Yusuf Ali,bengali
0,ben_0798.wav,ichcha Rohit Bhubaneswar curry bus service,bengali
0,ben_0799.wav,Sadharan 2 October Dara Prakash Kora,bengali
0,ben_0800.wav,et.al in Bengal Presidency BA Bangla Pradesh Pratham Mahila College,bengali
0,ben_0801.wav,ATL Africa mahadesh,bengali
0,ben_0802.wav,Bangla Wikipedia bortoman pakka Patel Ji song,bengali
0,ben_0803.wav,counter project hobby Gaya coronavirus,bengali
0,ben_0804.wav,Anup recording advocate Shaiju corbyn,bengali
0,ben_0805.wav,Kazi Jacob desi chalu Bole Mone hoy,bengali
0,ben_0806.wav,Bangladeshi Pratham Pradhan Mantri up Pradhan bicharpoti,bengali
0,ben_0807.wav,shaitaaniyan Ami Choto actor nibandh,bengali
0,ben_0808.wav,Amina today College sampadan Akola per Dekhi,bengali
0,ben_0809.wav,bahut Thor Mein Srishti ke back karvaye the tat Suchna Bindu Nahin,bengali
0,ben_0810.wav,Vivo Hindi 24,bengali
0,ben_0811.wav,ki naam ki behan Shweta baby Dekho,bengali
0,ben_0812.wav,Vishva Vishva ko sherakhaan konobi Shenoy,bengali
0,ben_0813.wav,Jila Upar Jila na Holi nibandh,bengali
0,ben_0814.wav,Cox Bazar taking Cox Bazar Jila utpati,bengali
0,ben_0815.wav,Itna To bolate pahchana Kaun banata hai Usi login,bengali
0,ben_0816.wav,Dhaka prokolpo ke actor link,bengali
0,ben_0817.wav,Kintu Amar Moner Alo onik Aashiq Rahul thekatte,bengali
0,ben_0818.wav,Dukhi to Amar porikkha niye Kichu best to Chilam,bengali
0,ben_0819.wav,Jila sakta hun Khush hona coronavirus,bengali
0,ben_0820.wav,Ammi ho to theek Moto papa Turbo Jaate,bengali
0,ben_0821.wav,Asha Kudi Bangla Wiki,bengali
0,ben_0822.wav,Bangladesh sylhet counselling Kichu John mein,bengali
0,ben_0823.wav,are Annu Kono Chobi babohar Kora jabe na,bengali
0,ben_0824.wav,Joshua Dakshin Paschim Bangladesh ext4,bengali
0,ben_0825.wav,Bahu ko chhore Farooq British Samrajya shop,bengali
0,ben_0826.wav,Aaj any Kazi Nazrul Islam Naveen sarvatra porichito,bengali
0,ben_0827.wav,Prothom Dekhe is prayog Kilo Pune police,bengali
0,ben_0828.wav,Wikipedia Moto Chobi khubi or Parihar shop,bengali
0,ben_0829.wav,apni Kudi Ne Le Khushi hoga,bengali
0,ben_0830.wav,Desh t European Union it show the show,bengali
0,ben_0831.wav,Army Mool nibandh a Taj part 2,bengali
0,ben_0832.wav,tash Sangeet Guru Chilam Syed Ghulam Ali,bengali
0,ben_0833.wav,bolti Oppo showing active difference,bengali
0,ben_0834.wav,Boston money America Mahadeshwara Pradhan Bhasha Guli indo-european angreji for Rashi AVN Portuguese,bengali
0,ben_0835.wav,padarth Vigyan ganit ki Chhu Shakha unknown,bengali
0,ben_0836.wav,Fortune Chinta Osho,bengali
0,ben_0837.wav,Kono Samosa Holi,bengali
0,ben_0838.wav,vps34 Jivani nibandh,bengali
0,ben_0839.wav,Dak tar Delhi joke a boon Torino jagah jo jahaj Abhiman montronaloy,bengali
0,ben_0840.wav,Khoob Bhalo lagche to nibandh Dekhen,bengali
0,ben_0841.wav,igloo Shilpa colour on show Shilpa Noida,bengali
0,ben_0842.wav,computer began nibandh choti bortoman Bhalo nibandh,bengali
0,ben_0843.wav,Army Khyal Kudi Ne shut up control,bengali
0,ben_0844.wav,Holi Khub Paisa Kichu hot song June ko pabona,bengali
0,ben_0845.wav,Ashapuri bhujiya bolate,bengali
0,ben_0846.wav,showing thaka avastha me Pratham Vishwa Yudh on Sonam,bengali
0,ben_0847.wav,utsahit Hue Pakistan Sarkar aarop Cadet College Pratishtha Urdu gan,bengali
0,ben_0848.wav,Mani Rabindranath Jay Bengali paper solution,bengali
0,ben_0849.wav,Shobha Purano dhaakad Lok Holi,bengali
0,ben_0850.wav,today recording,bengali
0,ben_0851.wav,Chhotu Ek nibandh angreji wicket name Jokar,bengali
0,ben_0852.wav,PTC software,bengali
0,ben_0853.wav,Rai dosh hazar log,bengali
0,ben_0854.wav,Tohar prodhan porichoy Islam Dharma Dharma Granth Prothom Bangla,bengali
0,ben_0855.wav,penicillin Pakistan Chhatra union is Sadharan sampadak,bengali
0,ben_0856.wav,Bangladesh actual biplobi Rajneeti Peeth,bengali
0,ben_0857.wav,Morni Nache Nagin RB album,bengali
0,ben_0858.wav,Mona Kora Kora Itihaas shop shop,bengali
0,ben_0859.wav,Thodi korechi Prothom Pata Wikipedia link,bengali
0,ben_0860.wav,tantrik Moha Vishay dharan RB Shashi,bengali
0,ben_0861.wav,vibhinn Thane tar Somani Gramin Lok Utsav aayojan kurta,bengali
0,ben_0862.wav,tarashankar Bandopadhyay rochito active,bengali
0,ben_0863.wav,London avsthi to convert Prachin college,bengali
0,ben_0864.wav,Bangladesh AVN Dhaka Dekhte wale,bengali
0,ben_0865.wav,Greek Bhasha is author,bengali
0,ben_0866.wav,theek Wikipedia on should I borrow Wikipedia professor Oxford,bengali
0,ben_0867.wav,computer not have a computer we can go detective tactics,bengali
0,ben_0868.wav,Amar Naam Parivartan is Jo new update on policy,bengali
0,ben_0869.wav,Shweta folding keyboard music that her Kari Patta rakh le,bengali
0,ben_0870.wav,Shiv Mousumi Manchester the tube working on 14 August and the Falcon,bengali
0,ben_0871.wav,society Apna Kacche aur Vishva koshish Mane Na Hote,bengali
0,ben_0872.wav,Pita ka naam Krishna Chandra Das,bengali
0,ben_0873.wav,home tution follow Jagadish Chandra Bose on category,bengali
0,ben_0874.wav,Robert service Nashik Robert surface-active English,bengali
0,ben_0875.wav,we want to today onek Kotha bolar Kintu hona,bengali
0,ben_0876.wav,airport TV show in accident at Kolkata,bengali
0,ben_0877.wav,Dhaka Shahar mosquito Ekti abashik alaka,bengali
0,ben_0878.wav,Tuljapur Chin Chita,bengali
0,ben_0879.wav,Madhyamik chikitsa Vigyan Virat biplob 114 abe Bole hone ke Asha course hai,bengali
0,ben_0880.wav,Apna Chuda cost hobby Dukhi 2,bengali
0,ben_0881.wav,Fatima ji Murti Shahrukh Khan ke sabhi ko Dekha Tha,bengali
0,ben_0882.wav,Tinu Asia shop Thode antarik bhabhi nirvachit,bengali
0,ben_0883.wav,Australia Vidisha Gulo jennica Scotty Suvidha hai,bengali
0,ben_0884.wav,Tu Kaun Prithvi Akash a Khali chokhe Dekha Hoyechilo,bengali
0,ben_0885.wav,issue my computer we can even go there,bengali
0,ben_0886.wav,Dhaka shopping August into Masjid,bengali
0,ben_0887.wav,if it could robotic a Vipul Shakti utpadan Sambhav,bengali
0,ben_0888.wav,English football Itihaas Manchester United,bengali
0,ben_0889.wav,Shobha Kashi Anurodh sikhane ki Chuna,bengali
0,ben_0890.wav,wish you want a tea shop Sabari,bengali
0,ben_0891.wav,Ami Kono Bangla Naam thak Le Jo kar dete Ho,bengali
0,ben_0892.wav,Ishu my 18 kilo da ka sabse guruttopurno Sarkari college,bengali
0,ben_0893.wav,Bangla Wikipedia Wikipedia internet Bangla,bengali
0,ben_0894.wav,Wiki Aqua dome show,bengali
0,ben_0895.wav,Rakhi bhai in 62 acche,bengali
0,ben_0896.wav,Amulya shop Chobi upload Kore Chilam Mili aap niche khane se Shekhar the mujhe nahin,bengali
0,ben_0897.wav,Chhatra Neta hisab a British Virodhi Andolan a Muslim Lekar Andolan a function,bengali
0,ben_0898.wav,Dhaka Vishwavidyalaya fully to product can be forget at Jodhpur,bengali
0,ben_0899.wav,Bangladeshi boy Tutak Karkhana b,bengali
0,ben_0900.wav,yishu Thodi Samaj Srishti Hai jaati Pradhanmantri,bengali
0,ben_0901.wav,Army status Chitra,bengali
0,ben_0902.wav,parukutty Mousumi Tarapur Moto,bengali
0,ben_0903.wav,Teeny Opera Bengali lekhak,bengali
0,ben_0904.wav,muktijuddho bhi theek Desh Ke Pratham Jadugar,bengali
0,ben_0905.wav,kunjapuri Chale per nibandh,bengali
0,ben_0906.wav,Priti portable Sewing,bengali
0,ben_0907.wav,Khela poochha Kota Suvidha Vivah ki kasht Karen,bengali
0,ben_0908.wav,yah to nibandh hoti ki thi madhe Patrika prakashit Hui to Koi nibandh Thi Ek Kahani Rakha jawe na,bengali
0,ben_0909.wav,Apna Mausam mote mote portion Hote parlam Na Bole Tu Kit,bengali
0,ben_0910.wav,Lekar Aakar Wikipedia Moto Kothapalli Bhalobasa,bengali
0,ben_0911.wav,Bhalu Bangla Vijay Thakkar,bengali
0,ben_0912.wav,Chintu TV bedsheet in Vidyalay Sona final,bengali
0,ben_0913.wav,monochoria devar Johny,bengali
0,ben_0914.wav,Sultan film Babar Mahal,bengali
0,ben_0915.wav,Ami Biswas Kori Bangla bhasha O software banana about,bengali
0,ben_0916.wav,protein Shankar aalochana Ekti Parikshit Upadhyay,bengali
0,ben_0917.wav,Nobel puraskar Bijoy German the beginning,bengali
0,ben_0918.wav,is Martha Vanita Shah Peer photo,bengali
0,ben_0919.wav,Satyajit Ray rochito feluda series Ekti Govinda,bengali
0,ben_0920.wav,80 Dhakad ITI college,bengali
0,ben_0921.wav,chhutti Khoob Pashto acchi,bengali
0,ben_0922.wav,top food at Mathru Bangla channel Pradesh a Muslim League shortcut,bengali
0,ben_0923.wav,Tarapore April 30 Prakhand vyapari name,bengali
0,ben_0924.wav,Mujhe Challa uchit na Karen ki copy Court,bengali
0,ben_0925.wav,Ghode Khele upasthi mein hai,bengali
0,ben_0926.wav,Jeevan Jyoti Akola from Pune,bengali
0,ben_0927.wav,acting kishorganj July August,bengali
0,ben_0928.wav,Amar Kono Niti Mala,bengali
0,ben_0929.wav,Satyajeet 8 Chaitra Chaitra above shop Hosur,bengali
0,ben_0930.wav,Paschim Banga Rajya Kolkata 15 August activity,bengali
0,ben_0931.wav,Taki Dhaka Vishwavidyalay shahidullah pakshi,bengali
0,ben_0932.wav,bethune college Bhartiya Upar Mahadev Pratham Mahila College,bengali
0,ben_0933.wav,Prothom Vibhag ke Notun Nami Prothom motion Mein Tara awesome sthan,bengali
0,ben_0934.wav,Kunti Chhu bojha aurto ki,bengali
0,ben_0935.wav,Amar Hathi Vito bichhada Khoob Paisa ko Khilona avastha,bengali
0,ben_0936.wav,ok jaan Te Jaan Ami akjon chatro,bengali
0,ben_0937.wav,brilliant Vibhag in Ashok Pillar,bengali
0,ben_0938.wav,takesh kamon Kore aadhunik Natok,bengali
0,ben_0939.wav,mobile phone yoga job on bathroom,bengali
0,ben_0940.wav,Apna lekhar Jonno awesome ko dhanyvad,bengali
0,ben_0941.wav,Ashapur,bengali
0,ben_0942.wav,sports talking Dhaka,bengali
0,ben_0943.wav,TV Bangladeshi mohila Pradhanmantri,bengali
0,ben_0944.wav,ITI nibandh Baat kurte kiye Onyx,bengali
0,ben_0945.wav,repura on a table Kandam juice,bengali
0,ben_0946.wav,Santoshi Mata ke bhakti gane,bengali
0,ben_0947.wav,Apna Allah Pata jawab De,bengali
0,ben_0948.wav,emotionally United Avon tharali ke chataiya,bengali
0,ben_0949.wav,template copy college Shuru Qureshi,bengali
0,ben_0950.wav,Bangladesh ka Bangla bhasha,bengali
0,ben_0951.wav,Bangla on shareit manushya Jivan a German Shabd wallet Emon Kono proyojon foreigner,bengali
0,ben_0952.wav,taking Kobita natok Golpo likhate,bengali
0,ben_0953.wav,puratan Dhaka avasthit O Ek T John Abraham Mahila ka,bengali
0,ben_0954.wav,Jaba ki rate link kurkura,bengali
0,ben_0955.wav,Itihaas mokka Bijoy Namit,bengali
0,ben_0956.wav,Kintu Alaikum Kono Kichu Bangla bhasha Kono bonnet Kshetra project chuki na bolate vachina,bengali
0,ben_0957.wav,Kotha ekane to theek hi deti,bengali
0,ben_0958.wav,FIR Ishq college hoti Hui na na Karan Ne pura Sona Shesh Court,bengali
0,ben_0959.wav,mp4pk Thodi pravahit Hote parena,bengali
0,ben_0960.wav,Prothom Nahin Dukhi to aalochana Nagaur Re direct,bengali
0,ben_0961.wav,Khortha Monto book,bengali
0,ben_0962.wav,bortoman Bhartiya Assam Raju AVN Bangladeshi,bengali
0,ben_0963.wav,Shishu Mai between Chrome extension Goti to coronavirus ka Vikas,bengali
0,ben_0964.wav,Mujhe Baba Khoob bodo song,bengali
0,ben_0965.wav,Bangladeshi Prashasnik vyavastha ok,bengali
0,ben_0966.wav,jahangirnagar Kintu Dhakad Naam,bengali
0,ben_0967.wav,Army operation for sitting with legs code,bengali
0,ben_0968.wav,Husain Rajniti with Bangladeshi rajnitik bit,bengali
0,ben_0969.wav,nivonto Jamun G4 Ne Shuru karne ki photo dalo,bengali
0,ben_0970.wav,beti ko to Jivani Tara Savitri,bengali
0,ben_0971.wav,marking Jhukta Rastra shadhinota dibosh,bengali
0,ben_0972.wav,Thakur Thakur,bengali
0,ben_0973.wav,Pintu property name Tasha Store open today,bengali
0,ben_0974.wav,copyrighted by Fata Amar Kachi Kachi,bengali
0,ben_0975.wav,bade bhai Pintu desh premiyon ko jaati,bengali
0,ben_0976.wav,Eid Shikha pratishthan's Shristi jogo Kaun Karta chetona the,bengali
0,ben_0977.wav,porichoy ke,bengali
0,ben_0978.wav,Kishanganj Sadar upazila Bangladesh,bengali
0,ben_0979.wav,Akira Te Taka grifter Kore chim Pakistani niye jao hai,bengali
0,ben_0980.wav,we want Roti Chamatkar ki Chhu anuchchhed Bhag,bengali
0,ben_0981.wav,Paschim Bongo the ke prakashit Ekti Bangla Sambad Patra,bengali
0,ben_0982.wav,pocket TV shop Khuli O shauhardha Kulkarni,bengali
0,ben_0983.wav,IMO Sumit Manchester United leaked thaligai,bengali
0,ben_0984.wav,Dr Saptarshi O Rajiv Bhai ke dhanyvad,bengali
0,ben_0985.wav,Portland dikha to Koi Itihaas Eco pond Ash ka AVN khubi,bengali
0,ben_0986.wav,84 Babu stage show me the Hobbit,bengali
0,ben_0987.wav,munshiganj Dhaka Vibhag,bengali
0,ben_0988.wav,Top B school list of Shahabad Thana,bengali
0,ben_0989.wav,Wikipedia J Kono Bhasha protocol per nibandh anuvad Karen,bengali
0,ben_0990.wav,if no one knows Julia wahini Iraq Java Kotha chilo,bengali
0,ben_0991.wav,pothathu Batan Ye Batan song,bengali
0,ben_0992.wav,Ami akjon Bangladeshi Jibon Amar episode Vishnupriya Manipuri Wikipedia prashasak,bengali
0,ben_0993.wav,Chahida aur Jupiter showroom kota,bengali
0,ben_0994.wav,ful Dekhte per Nahin Amrit thik Kore Dekho,bengali
0,ben_0995.wav,bar bar on road kotha ke,bengali
0,ben_0996.wav,Army ARO Bhalo Oppo Dan Rakha syster ko vo,bengali
0,ben_0997.wav,Thalapathi Ne Chilam Na Re,bengali
0,ben_0998.wav,Bangla bhasha Lekha actively hot,bengali
0,ben_0999.wav,Bangladeshi actor Sarkari Medical College,bengali
0,ben_1000.wav,Kintu ummid se samasya ka name,bengali
