,Filename,text,language
0,kan_0001.wav,America Samyuktha samsthana samvidhana dinacharane,kannada
0,kan_0002.wav,Caribbean samudrada purv Bhag dalli iruva 123 par rashtra,kannada
0,kan_0003.wav,Uttar America Kannada Chika Madhu atyant janasankya,kannada
0,kan_0004.wav,aur aksharagalu hi gaye conceited aur aksharagalu,kannada
0,kan_0005.wav,Shivarajkumar Awara Patni hesaru Geeta Shivarajkumar,kannada
0,kan_0006.wav,Philippines ganaraja agneya Disha,kannada
0,kan_0007.wav,audyogik ka Kshetra dalli Aawara Ananya,kannada
0,kan_0008.wav,America the Washington Delhi river Kaveri Sanskriti ka some stare Adhyaksh daru,kannada
0,kan_0009.wav,Mysore Vishwavidyalaya bharatada pramuka Vishwavidyalay,kannada
0,kan_0010.wav,template andar Nenu prashna Telugu barabahude,kannada
0,kan_0011.wav,Vandu Sarkari prathamika Mattu prouda shaale,kannada
0,kan_0012.wav,Samyukta Karnataka karmaveera Kasturi Patrika Gali ke sampadak Karegi daru,kannada
0,kan_0013.wav,jeevanahalli kellava Matra hili Kodala geet,kannada
0,kan_0014.wav,matar Kalu hesarina lekhan neevu prarambh,kannada
0,kan_0015.wav,mogal simhasana domale sambandhi,kannada
0,kan_0016.wav,itihasik aavegi prasiddh Navada Anaika sthalagalu Hindi mein,kannada
0,kan_0017.wav,other in the footer horror Bandhu,kannada
0,kan_0018.wav,Churchgate na Pradhan Railway kachery,kannada
0,kan_0019.wav,Janapada Janapada Academy prashasti Rajyotsava prashasti mangalada prashasti galu,kannada
0,kan_0020.wav,Madikeri Kodagu Zilla Urdu taluku Jila Kendra,kannada
0,kan_0021.wav,Paschim Bangal ka Pratham Mahila mukhyamantri,kannada
0,kan_0022.wav,Kannada chalanachitra nirdeshak AV Sheshagiri Rao,kannada
0,kan_0023.wav,moon Lata Uttara Paschim Madhya Madhya Europe,kannada
0,kan_0024.wav,are Chitra gallon Kannada Wikipedia dalli upyog Sudhu Sulabha,kannada
0,kan_0025.wav,Nirmala yah prashn putter Bahra oldje prayatna,kannada
0,kan_0026.wav,prachina Chitradurga PHD mahaprabandhak,kannada
0,kan_0027.wav,MI door deliver karnatakada Urdu Itihaas,kannada
0,kan_0028.wav,yahoodi Dharma delena Pramukh dharmika Granth,kannada
0,kan_0029.wav,Shri Devara Jyoti Gaddi da geleyaru professor Narasimha 4 Kasturi Ranga 402,kannada
0,kan_0030.wav,Everest Sangeeta nirdeshana da modala Kannada Chitra,kannada
0,kan_0031.wav,Rajkumar Jeevana Jago Sadhana kuritu pralaad bareda bangarada manushya atyant Janapriya pustak,kannada
0,kan_0032.wav,idhar Ali hello lekhak Aru Sanskrit Mein To kannadadalli,kannada
0,kan_0033.wav,Vishnuvardhan abhineta kelavu prasiddh chitragalu,kannada
0,kan_0034.wav,Aadarsh Inter Vidya Mana Balu aparoopa,kannada
0,kan_0035.wav,Eid halmidi shasana n do prasiddh,kannada
0,kan_0036.wav,Maurya Samrajya da-ati prasiddh Chakravarti Samrat Ashoka adalita,kannada
0,kan_0037.wav,Kannada Janapriya lekhak ki Usha navarathnaram,kannada
0,kan_0038.wav,hindu dharm Ada souramana Panchangam,kannada
0,kan_0039.wav,Idhu Telugu hadaya sadasya Anubhava,kannada
0,kan_0040.wav,are there other Bhagya aralikatti Uttam,kannada
0,kan_0041.wav,Hisar uska papa ji ki Puta da avashya Kathe aaega iruvathu,kannada
0,kan_0042.wav,Hari Hara Ooru Davanagere Jile Bondhu taluku Kendra,kannada
0,kan_0043.wav,bgl Swamy devaru bareda pustaka,kannada
0,kan_0044.wav,Dakshina Kannada Jilla Urdu Dharmik Katha,kannada
0,kan_0045.wav,Idhu Kannada Wikipedia samuday Putta,kannada
0,kan_0046.wav,Eid Vandu Sharan bus maloha,kannada
0,kan_0047.wav,Sikh Dharma da Bhagya lekhanagar Warga,kannada
0,kan_0048.wav,Bala Subramanyam Manjula Gururaj Latha hamsalekha,kannada
0,kan_0049.wav,Usha navarathnaram Aawara Zarina Kadambari adaritha,kannada
0,kan_0050.wav,say na Puraskar Serena lekhan navannu new prarambh,kannada
0,kan_0051.wav,Akruti Dr shivarama karanth Taru bareda samajika Kadambari Galli Urdu,kannada
0,kan_0052.wav,Uttar dalli Bheema Nadi Madhu Dakshina Delhi Krishna Nagar Hari Uttar,kannada
0,kan_0053.wav,Kannada Chitrangada in Janapriya nashta Shrinath samaipathu Bandhu,kannada
0,kan_0054.wav,email in a year to salugalu Namma nimma Charcha,kannada
0,kan_0055.wav,Marathi in the house taiyar ke Bhagya sanshodhan aduthu,kannada
0,kan_0056.wav,Bharata athva India Indu karayalle padva Dakshin Disha,kannada
0,kan_0057.wav,Chada Chada Raja Kuda Vishnuvardhan and Indu avaru Tamma samarthi second,kannada
0,kan_0058.wav,Rajkumar Kannada Pramukh natak,kannada
0,kan_0059.wav,Hassan ajile aithihasika dharmika Pravasi Tana,kannada
0,kan_0060.wav,Shivamogga Jilla Sagara Taluk,kannada
0,kan_0061.wav,modala Mathu Mysore Yuddha,kannada
0,kan_0062.wav,Uttar order Himalaya Pradesh Delhi debate Sanskriti chapu Kandu Varudu,kannada
0,kan_0063.wav,Upendra nirdeshana da Kannada chalanachitra Om Bhagya Mahiti ke ilake,kannada
0,kan_0064.wav,matar Kalu padovano lekhan Agali ki,kannada
0,kan_0065.wav,Mughal Samrajya Zarina lekhan neevu prarambh,kannada
0,kan_0066.wav,Bengaluru Reena Bhartiya Vigyan Sansthan vinyasa Pardesi 2,kannada
0,kan_0067.wav,prant sarkarada athyunnatha nagarika Puraskar,kannada
0,kan_0068.wav,America sanyukt Sansthan Rashtrapati Galu America deshada sarkarada Adhyaksh,kannada
0,kan_0069.wav,Ananya Ondu Kannada bhashe kapda,kannada
0,kan_0070.wav,Shiva sodhara truck yadi Shri MN krishnarayar,kannada
0,kan_0071.wav,andar andar abhipraya Aawa Kadali Puthiya ki Indu Arthur,kannada
0,kan_0072.wav,Portugal deshada athva muladha Jana,kannada
0,kan_0073.wav,Agra Nagar Bharat Desh Ka Uttar Pradesh Rajya dalliruva prasidh Pravasi sthala,kannada
0,kan_0074.wav,kylasam atyant unnatha mathar Shikshan Paddhati,kannada
0,kan_0075.wav,sukra Idhu Surya Nagar Erandwane ATI Sami Padam,kannada
0,kan_0076.wav,Tari yada badke Yevadu Yevadu Telugu Balli Sudhu Uttam,kannada
0,kan_0077.wav,rajarathnam Avara Sahitya Seva ke Mukhya,kannada
0,kan_0078.wav,hindu dharm Adaa chandramana Panchanga Masa,kannada
0,kan_0079.wav,Ganesh Yaaron Morena vyaktiyon Aage karumari Avenue swalpa,kannada
0,kan_0080.wav,Dakshin America Kannada Uttara Bhagyada Urdu Disha,kannada
0,kan_0081.wav,Kannada Chitrangada Nirman Paka Madhu nirdeshak Maruti Shivaram,kannada
0,kan_0082.wav,Bharat ke prasiddh Bengali cinema Nirman,kannada
0,kan_0083.wav,IGNOU idhar Bhagya aralikatti early Church maaduvudu beta,kannada
0,kan_0084.wav,Purva ashadha 1 2 rashtra,kannada
0,kan_0085.wav,Idhu Shivamogga Jilla yawandu,kannada
0,kan_0086.wav,idhar upyog ka Bhagya mahiti,kannada
0,kan_0087.wav,HD Nava click Madi Joga,kannada
0,kan_0088.wav,Bendre Avara krutigalu dalita maathu Bandya,kannada
0,kan_0089.wav,Idhu Edhu Zarina Taluka na Kendra how do,kannada
0,kan_0090.wav,Bengaluru Central college in Delhi BA padavi padaru,kannada
0,kan_0091.wav,Se Na Puraskar Golu badavanu barale kanaganahalli Hudugi,kannada
0,kan_0092.wav,Elina mukhya Nadi hemawati Munde Kaveri Nadi today,kannada
0,kan_0093.wav,madalu Srirangapatna Delhi Vakil avriti prarambh,kannada
0,kan_0094.wav,Africa the sampurn Dakshina Bhagyada pradeshada Bhagya Mahiti Dakshin Africa Pradesh alekhan in ODI,kannada
0,kan_0095.wav,Marathi Sahitya dalli ilivid movie sahitigalu gnanapeeta prashasti,kannada
0,kan_0096.wav,dharmashree is l byrappa Navra Pratham Aakruti,kannada
0,kan_0097.wav,Maane tum bhi Dahanu Chitra Ke Geet Agar Dhanu Rashi Subah Se to,kannada
0,kan_0098.wav,Usha navarathnaram Zarina Kadambari aadharit Chitra,kannada
0,kan_0099.wav,Eid Madhya Asia the Urdu Rashtra geet,kannada
0,kan_0100.wav,Upendra Kannada chalanachitra Bhagya mahiti,kannada
0,kan_0101.wav,hubballi Kannada athava Uttara Karnataka Kannada Kannada Vashishtha,kannada
0,kan_0102.wav,I do Vashikaran mantra Mysore yuddh Aarambh,kannada
0,kan_0103.wav,Kiri Mein Do Do Hai Serena lekhan navannu neevu prarambh,kannada
0,kan_0104.wav,hesarina uru,kannada
0,kan_0105.wav,Mughal Samrajya badavanu lekin Agar foodkey,kannada
0,kan_0106.wav,idhar aa parinaam Awargi Telugu Soundarya Ali echina padaru,kannada
0,kan_0107.wav,aayojan Hai yah prakara Punya kiriya Swatantra horatagararu,kannada
0,kan_0108.wav,Amma embudu kannadadalli paryaya Pada,kannada
0,kan_0109.wav,Nabu Aadha kal maaduvudu beda,kannada
0,kan_0110.wav,Gokak alekhan ivanu Vinayaka Krishna Gokak lekhan ke Re direct Marudhara Uttam,kannada
0,kan_0111.wav,Eid Jawaharlal Nehru Oru kutti dedena,kannada
0,kan_0112.wav,Balasubramaniam Vani Jayaram Lata hamsalekha,kannada
0,kan_0113.wav,patrike Galli chalanachitra Galu vimarsh Sabari Yuva havya Sa,kannada
0,kan_0114.wav,avaru rachisida nataka Galli hello,kannada
0,kan_0115.wav,Masti Venkatesha Iyengar Kannada obor apratim alekha karo,kannada
0,kan_0116.wav,padhare Manav na Mele iruvaga Balu aparoopa,kannada
0,kan_0117.wav,a Jile Rajdhani hesarina Patna,kannada
0,kan_0118.wav,chalu kara shasanagalu bhashe Kannada Mathu Sanskrit,kannada
0,kan_0119.wav,Bharat ka Pradhanmantri Kalu Congress Paksh ka Doctor Manmohan Singh,kannada
0,kan_0120.wav,Dakshin America the wounded Disha,kannada
0,kan_0121.wav,Pili varsh Delhi mein milva dinagalu adhika,kannada
0,kan_0122.wav,Mumbai Uttar Pradesh Delhi General Post Office Bali Umar vastavya,kannada
0,kan_0123.wav,Evaru aakashvani gayak ki awaaz mein,kannada
0,kan_0124.wav,Kalyan Kumar Kannada chalanachitra NATA,kannada
0,kan_0125.wav,Aura Thai Kamala Thande S Anand Rao,kannada
0,kan_0126.wav,bharatada Vandu puratana nadi,kannada
0,kan_0127.wav,ji wiggly vandhu pramuka win Garden,kannada
0,kan_0128.wav,Mayura chalanachitra Mundada aitihasika chalanachitra Galu Evaru nirdeshak Siddhant,kannada
0,kan_0129.wav,idhar a prakara Jyothi adhir ka anuvad you Sariya the prayog,kannada
0,kan_0130.wav,Aadarsh to Inteha Chitrakala no upyog Sudhu world Yadav,kannada
0,kan_0131.wav,Telugu vyakaranam Grand Avenue badauda mudali Guru,kannada
0,kan_0132.wav,Chaturanga 8 other Bhagya Mahiti Kodi,kannada
0,kan_0133.wav,Vani Aawara Zarina Kadambari aadharit Chitra,kannada
0,kan_0134.wav,Makar Sankranti world Jatra nadi,kannada
0,kan_0135.wav,badavanu lekhan Agali huduki,kannada
0,kan_0136.wav,Bhanu 12 Vardha dinner Galli Bondhu,kannada
0,kan_0137.wav,school of art Nalli saree daru,kannada
0,kan_0138.wav,Marathi lekhak Karu hesarina lekhan ne prarambh,kannada
0,kan_0139.wav,Mysore Vishwa Vidyalaya Bharat mein Pramukh Vishwavidyalaya,kannada
0,kan_0140.wav,Gnaneshwar photo Delhi ka Chitra,kannada
0,kan_0141.wav,krithigai Kendra Sahitya Academy prashasti dorothy day,kannada
0,kan_0142.wav,Eid prapanchada sarvabhouma daisha Ganapati,kannada
0,kan_0143.wav,Kendra Sangeetha nataka Academy prashasti,kannada
0,kan_0144.wav,Antha kuthaganahalli Idhu chalanachitra 12 Vakya Khuda,kannada
0,kan_0145.wav,Inteha Vishay Garden Aaya Charche Puttenahalli Charche maaduvudu Uttam,kannada
0,kan_0146.wav,Jivan Shastra dalli pranigal Anu Adhyan maduva Vidhana,kannada
0,kan_0147.wav,hi gagi inter Vidya Mana Athi aparoopa,kannada
0,kan_0148.wav,Kannada Chitrangada open Ata,kannada
0,kan_0149.wav,Hindu dharmada chandramana panchang Mura Masa,kannada
0,kan_0150.wav,nange Kannada chennagi Varudu Varudu,kannada
0,kan_0151.wav,Priti jeevanadalli Moru Pramukh sthan nirva,kannada
0,kan_0152.wav,padavi Anu Mumbai Vishwavidyalay adhinta MBA padaru,kannada
0,kan_0153.wav,belaku Bandhu Re vidayu the Kanti vikiran,kannada
0,kan_0154.wav,Usha navarathnaram Avara Kadambari aadharit,kannada
0,kan_0155.wav,Prahlada Varu baredu river Doctor Rajkumar Awara Jivan Charitra,kannada
0,kan_0156.wav,khandada Uttar ke biruwa Urdu Prachin Odisha,kannada
0,kan_0157.wav,bharatada Agra Nagar Delhi iruva smaraka,kannada
0,kan_0158.wav,Jile Harihara Taluk in Urdu mukhya Urdu,kannada
0,kan_0159.wav,Chaitrada Lena Telugu Sunny Veshya Galli Rajkumar medicine,kannada
0,kan_0160.wav,lekhan Eagle in the aadhunik,kannada
0,kan_0161.wav,Shivamogga jilla taluka Kendra,kannada
0,kan_0162.wav,Kannada Sahitya ke dwara Kanha ke dwara,kannada
0,kan_0163.wav,Sonia Gandhi of Vijayawada Bhartiya,kannada
0,kan_0164.wav,hwy 80 khagol shikshakara Sanga Shivamogga,kannada
0,kan_0165.wav,Italy deshada prashastha Pradhan Mantri,kannada
0,kan_0166.wav,bgl Swamy byavara Kriti,kannada
0,kan_0167.wav,coleridge ileyali Rewa Urdu aithihasika Urdu,kannada
0,kan_0168.wav,Idhu prapancha da ekai ka yahoodi rashtra,kannada
0,kan_0169.wav,e-patrika yali Kannada Bhagya Agla bashettyhalli lekhan sankalan,kannada
0,kan_0170.wav,Saint Joseph High School in Ali Madhyamik Shikshan movie Seeta Geeta Karnataka Vishwavidyalay Din natak 18 English Sahitya Delhi,kannada
0,kan_0171.wav,ivaru bharatada pramuka vigyani,kannada
0,kan_0172.wav,Marathi lekhak Karu padovano lekhan Agali uduki,kannada
0,kan_0173.wav,Uttara Karnataka dalli bahada general Manedevru,kannada
0,kan_0174.wav,Evaru Bengaluru Central college in Ali bahut Shastra Delhi snatakottar,kannada
0,kan_0175.wav,Awara balayya the hesaru ashwathnarayana Shastri,kannada
0,kan_0176.wav,Karnataka rajyada ekaika adhikrut Bhasha Kannada,kannada
0,kan_0177.wav,Nirahua gi Re Vagad Kannada chalanachitra Garden 902 custom,kannada
0,kan_0178.wav,Aage nikala Delhi masuru in Chika Patna,kannada
0,kan_0179.wav,Hindu dharma Daata Chandramani Panchang na lagne Masa,kannada
0,kan_0180.wav,ananthamurthy Awara Telugu Kathegalu vishwada thimma Kannada Kathegalu vimarshe Kara abhipraya,kannada
0,kan_0181.wav,rashtrakavi Kuvempu gana Peeta prashasti vijetaru Kavi Mathur lekhak,kannada
0,kan_0182.wav,Nana Ge Wikipedia the Bhagya,kannada
0,kan_0183.wav,Munde Karnataka Vishwa Vidyalaya Delhi itihasadali MLA padavi,kannada
0,kan_0184.wav,Kanda Kolkata Paschim Bangal Bharat,kannada
0,kan_0185.wav,Prahlada Rao Garu Rachit Sarovar Doctor Rajkumar atmacharitra gagi he put one ODI,kannada
0,kan_0186.wav,Italy Dakshina Europe na 12 Disha,kannada
0,kan_0187.wav,Bharat ka prasidh Sitar vadak Pandit Ravi Shankar,kannada
0,kan_0188.wav,Evaru vyasanga Maari 2 Bengaluru Vishwa Vidyalaya Delhi,kannada
0,kan_0189.wav,America Desh Sada prasiddh nirdeshakaru Nirman pakru lekhak karo,kannada
0,kan_0190.wav,Swatantra horror history nale Kanavan manaivi prarambh,kannada
0,kan_0191.wav,Brazil deshada ekaika adhikrut Bhasha Portuguese,kannada
0,kan_0192.wav,Sagar Shivamogga Jile Urdu Patna mein to Zarina Taluka na Kendra,kannada
0,kan_0193.wav,Karnataka Sangha Shivamogga Dinda Indirapuram Kara,kannada
0,kan_0194.wav,gana Peeta prashasti padeda Kannada Sahitya Kala Patti,kannada
0,kan_0195.wav,dayamadi our hesarugalu 958 Avara Bhagya,kannada
0,kan_0196.wav,chaduranga Kannada chalanachitra Bhagya mahiti,kannada
0,kan_0197.wav,Gini adhikrut aavegi Gaini ganarajya Paschim Africa Urdu rashtra,kannada
0,kan_0198.wav,Mumbai nagaradalli Uchch Shiksha navannu Pratham prarambh,kannada
0,kan_0199.wav,Karnataka Vishwavidyalaya to every gaurava doctorate needed,kannada
0,kan_0200.wav,America deshada sanvidhan prapanchada atyanta Adhunika Likhit sanvidhan,kannada
0,kan_0201.wav,Kannada Chitrangada Oba chalanachitra nirdeshak ka Madhu natak,kannada
0,kan_0202.wav,hi pradeshada Pradhan Awaaz Madhu adhikrut Bhasha Kannada,kannada
0,kan_0203.wav,Kadur to Chikmagalur Jilla Pramukh Patna,kannada
0,kan_0204.wav,Idhu prapanchadalli at Christ devalaya,kannada
0,kan_0205.wav,hindu dharm Aadha Chandrama na Panchang eridani Masa,kannada
0,kan_0206.wav,Sarkari kelasa Delhi Awara Manasu tumbaad in Kerala,kannada
0,kan_0207.wav,moon Madhya America Dakshin America,kannada
0,kan_0208.wav,cinema rangada Shrestha Sadhana gagi pratishthit are Dr Rajkumar prashasti,kannada
0,kan_0209.wav,Dakshin Asia delena vanthu Disha,kannada
0,kan_0210.wav,Huma to Kolkata Paschim Bangal Bharat,kannada
0,kan_0211.wav,ye le Khanna Shivamogga Jilla Bhagya,kannada
0,kan_0212.wav,Mahabharata dalli baruva Patra lekhan Warga,kannada
0,kan_0213.wav,Swatantra Ho Raat per divano Bera lekhan Agali huduk,kannada
0,kan_0214.wav,English mein to fridge bhashe is adhikta Bhasha galu,kannada
0,kan_0215.wav,Mysore Vishwavidyalaya Delhi English Sahitya Delhi MBA,kannada
0,kan_0216.wav,Vandu Bhari Ganapathi Devalayam,kannada
0,kan_0217.wav,Brazil deshada attitude dhanagar,kannada
0,kan_0218.wav,Prabhas udyama deshada pramuka Aartika Chaturthi ke,kannada
0,kan_0219.wav,Vishwa Kannada chalanachitra Bhagya Mahiti ke ilake navanu,kannada
0,kan_0220.wav,Marathi natak Gala Mulakat Tamma athijeevanam prarambh madivaru,kannada
0,kan_0221.wav,idhar Bhagya yenadaru prashnegalu Nanna Church Delhi,kannada
0,kan_0222.wav,mahithi tantragnana vishwakosha sampadak Mandal sadasya Ragi,kannada
0,kan_0223.wav,Uttar Europe Urdu per rashtra,kannada
0,kan_0224.wav,Karnataka Vishwa Vidyalaya every Gaurav doctor it need it,kannada
0,kan_0225.wav,Idhu puttanna kanagal nirdeshana da college Ranga chalanachitra Mahiti Putta,kannada
0,kan_0226.wav,kolara Jilla pramuka bhashe Kannada,kannada
0,kan_0227.wav,Eid vishwada Aadi Putta dripper Rashtra athipotta Swatantra ganaraja,kannada
0,kan_0228.wav,Karnataka Sahitya Academy pustak bahumana paaduthu,kannada
0,kan_0229.wav,hindu dharm Pada souramana Panchangam,kannada
0,kan_0230.wav,idhar Bhagya today Uttara barala,kannada
0,kan_0231.wav,Kannada Chitrangada Abba prasiddh nirdeshak Mathur Nirma pakka,kannada
0,kan_0232.wav,Nanu Putti belathur Bengaluru,kannada
0,kan_0233.wav,Eid Bharat jalapatha,kannada
0,kan_0234.wav,Germany Paschim Europe na Bondhu Disha,kannada
0,kan_0235.wav,Gregorian Calendar prapanchadalli Aati Hai Changi prayogshala Padwa calender Panchang,kannada
0,kan_0236.wav,idhar aa khate rachane nirdeshaka Madhu Nayaka Neta Ravichandran,kannada
0,kan_0237.wav,hello Vishay golemale kelasa Nadi today,kannada
0,kan_0238.wav,Wikipedia Samudayik pagalu lekhan agarapatti,kannada
0,kan_0239.wav,dhumaketu Kannada chalanachitra Bhagya mahiti,kannada
0,kan_0240.wav,who is Tarah ka lauda Shri Someshwar devalya ilina Pramukh Kundu,kannada
0,kan_0241.wav,what to have Nandu Hindi mein to enter Marathi chitra,kannada
0,kan_0242.wav,Badshah Bhasha Vigyan Ada beginner lekhana galu,kannada
0,kan_0243.wav,e Sahitya dampati Gada ekaika Putri MK per dawai per de do,kannada
0,kan_0244.wav,Chitra dalli pratighatana Prati Patra Urdu Sandesh,kannada
0,kan_0245.wav,Kannada Wikipedia ke sambandh Chaturthi ke gana pettai,kannada
0,kan_0246.wav,Tamasha se Nagar Adhyaksh shasan Agali Kandu baruva kavigalu,kannada
0,kan_0247.wav,anuvad Sahitya mulaka DVG Uttam Hai Padha,kannada
0,kan_0248.wav,Masti every Sunday gaurava prashasti galu apaara,kannada
0,kan_0249.wav,krithigai Kendra Sahitya Academy prashasti,kannada
0,kan_0250.wav,Dakshin Bharat Delhi vyapak avagi badauda,kannada
0,kan_0251.wav,Bharat ka Karnataka rajya dalli prayogshala Padwa Kannada Bhasha Sahitya,kannada
0,kan_0252.wav,Narayana Kasturi Ranganatha Sharma Kerala,kannada
0,kan_0253.wav,Neptune Grah mandavada Grah vyavastha vivaragalu in Telugu,kannada
0,kan_0254.wav,edenu Vardha Sahyog,kannada
0,kan_0255.wav,Tai prasiddh Sahiti her go with answer,kannada
0,kan_0256.wav,Kannada Mattu samskruthi Delhi MBA Pada Pada ru,kannada
0,kan_0257.wav,Karnataka Shivamogga Jilla,kannada
0,kan_0258.wav,Uttar America mein to Dakshin America,kannada
0,kan_0259.wav,Madhya America da atyant Dakshin Disha,kannada
0,kan_0260.wav,Bharat Delhi dharmika pramukyata hondiruva Pavitra Kshetra Ganu kurta lekhanagar Warga,kannada
0,kan_0261.wav,adirai kelavaru h n 2 hel uttare,kannada
0,kan_0262.wav,Kannada Sahitya ke Dhaar Jile ko Doge apara,kannada
0,kan_0263.wav,Sahitya Serena lekhan navannu ne prarambh,kannada
0,kan_0264.wav,kedage Sahitya Ke sambandh Patta Patta Patti model,kannada
0,kan_0265.wav,Gokak Arun idharku madalu Bhartiya jnanapeeta prashasti ke Samiti Adhyaksh ragita,kannada
0,kan_0266.wav,upagraha Sampurna Pati ke Guru Grah naisargika upagraha Le Kanavan Nodi,kannada
0,kan_0267.wav,Kala Kesari Jhandu prasiddha Radha Evaru Anaika pouranika samajika Chitra Galli Nayak Patra Nirahua hi Siddharth,kannada
0,kan_0268.wav,Akbar Anarkali Delhi Mughal Samrajya Delhi Hindu Kalu Madhu Muslim Aru Iddaru,kannada
0,kan_0269.wav,Philippines Datia Ke Khuda Idhar Udhar,kannada
0,kan_0270.wav,Adi Kailash Delhi abru,kannada
0,kan_0271.wav,Rivera Antariksha tantragnana Kriti antrashtriy prashasti,kannada
0,kan_0272.wav,Dakshina Bharat Delhi Samanya vagi Murti Nagar Charan nadi,kannada
0,kan_0273.wav,Sahitya Rachne Agora modal olive,kannada
0,kan_0274.wav,pustakada koneyali padagala Artha vannu Vivah avagi Kodala,kannada
0,kan_0275.wav,Mumbai Galli Galli Galli Pathri ki galli Kailash,kannada
0,kan_0276.wav,udr Delhi Paschim Bangal achina,kannada
0,kan_0277.wav,Lake nighali bahut tantrika Sampark galu ilaveyile,kannada
0,kan_0278.wav,Janaki Ramesh Latha hamsalekha Vani Jayaram,kannada
0,kan_0279.wav,Greek rangabhoomi Madhu nataka,kannada
0,kan_0280.wav,Bhakta Kanakadasa Chaitrada Moola ka Sangeet nirdeshak Karegi Chitra Rang Ke Pravesh,kannada
0,kan_0281.wav,Viswa vikyatha Tajmahal iruva Jagat in adyanta Hisar Vasi,kannada
0,kan_0282.wav,Chinna Pradesh other Bhagya Lekha Nagar dargah,kannada
0,kan_0283.wav,Mumbai ATI Janapriya Aata cricket,kannada
0,kan_0284.wav,Eid mukhya Bagi Bharata Ne Desh Galli ki gand mara,kannada
0,kan_0285.wav,Sahiti padovano Bera le kanaganahalli huduki,kannada
0,kan_0286.wav,HD Nava Agali Ke sambandh Patta Sahayak Nodi,kannada
0,kan_0287.wav,andhere Malayalee Lakadi mein,kannada
0,kan_0288.wav,purv Asia deshagalu history na Lekh navannu Nimbu prarambh,kannada
0,kan_0289.wav,sambara padarthagalu hesarina lekhan navannu nimbu prarambh,kannada
0,kan_0290.wav,Tulu Dakshina Kannada Pramukh bhasha,kannada
0,kan_0291.wav,halmidi Karnataka Hassan Urdu Halli,kannada
0,kan_0292.wav,ilake navannu have you Zarina lake and other on the gay series a bacon do prasthapit lagira,kannada
0,kan_0293.wav,adirai Eid gah template Aage Kailash madodilla,kannada
0,kan_0294.wav,Kannada Sahitya Parishat Mahila varshada prashasti Karnataka Vidya vardhaka Sangha prashasti,kannada
0,kan_0295.wav,nadoja prashasti u Humpe Vishwavidyalay prativarsh pratishthit are prashasti,kannada
0,kan_0296.wav,Shiva Kadali vaigyanik Bhagya lekhan Agali Ve,kannada
0,kan_0297.wav,Philippines deshada Pramukh kabacha Galli vandhu,kannada
0,kan_0298.wav,avartan day college in Ali Bhavna Shastra prady per Karegi daru,kannada
0,kan_0299.wav,Gadag Uttar Karnataka da Urdu Jile,kannada
0,kan_0300.wav,Anubhav Sutra Shiva Sutra Sanskrit granthagalu,kannada
0,kan_0301.wav,eagle iruva yella nivaaran jagadalli nodabaradu,kannada
0,kan_0302.wav,Ballari Jilla hosapet Badli,kannada
0,kan_0303.wav,Yesudas Kannada dalli Hardik Prathama geet,kannada
0,kan_0304.wav,Poshak kavaraganahalli Ashwath Shivaram Chandrashekhar Canada Chandru,kannada
0,kan_0305.wav,Kannada Chitrangada pramuka Hasya natak Mathur Nirma pakka,kannada
0,kan_0306.wav,Uttar Africa da12 Disha,kannada
0,kan_0307.wav,average Ratan Naval Tata Muga Jamshed in obamacare,kannada
0,kan_0308.wav,Kannada chalanachitra NATA Ravichandran,kannada
0,kan_0309.wav,Mysore Vishwa Vidyalaya Delhi English BA Madhu padavi,kannada
0,kan_0310.wav,Indira AVR Serena Kadambari adaritha Chitra,kannada
0,kan_0311.wav,sambara padarthagalu badavanu kanaganahalli huduki,kannada
0,kan_0312.wav,dharmika vyakti Galu Khesari Lal Ek nabhannu Nimbu prarambh Bahu 2,kannada
0,kan_0313.wav,Vishva Parampara yatana hit,kannada
0,kan_0314.wav,swaragalu Sandhya ki swaravagi Khuli Uttar,kannada
0,kan_0315.wav,India Shikshan Asam tagada Madhyam Marathi Hindi English,kannada
0,kan_0316.wav,Karnataka rajya Urdu karawali Jile,kannada
0,kan_0317.wav,Vigyan other beginner Lekha Nagar Gonda Warga,kannada
0,kan_0318.wav,Africa prapanchada Lokhand Galli,kannada
0,kan_0319.wav,Balika Bengaluru Central college innerly Bhavna Shastri Adhyapak,kannada
0,kan_0320.wav,Karnataka Sangeetha Nritya Academy prashasti,kannada
0,kan_0321.wav,Eid Australia da aishanya ke,kannada
0,kan_0322.wav,Kannada Vishwa Vidyalaya Na Doge prashasti Ne DJ,kannada
0,kan_0323.wav,Kannale gayan rajakumar Udaya Shankar S Janaki,kannada
0,kan_0324.wav,Satya ke Kannada Wikipedia Delhi idhar aa vanthu Karya Niti,kannada
0,kan_0325.wav,Kannada Chitrangada hinnale gayak,kannada
0,kan_0326.wav,Kannada Wikipedia Urdu Muktha Kannada vishwakosha,kannada
0,kan_0327.wav,Upendra nirdeshana da modala Kannada chalanachitra,kannada
0,kan_0328.wav,Mysore samsthana vannu kuritu lekhana galu,kannada
0,kan_0329.wav,saree ke history lekhan Bannu Nimbu prarambh Sabha,kannada
0,kan_0330.wav,Tirupati Devasthanam Mughal Asthana with answer,kannada
0,kan_0331.wav,is swaragalu Sandhya ki swaravagi,kannada
0,kan_0332.wav,idhar Bhagya nimmakaya prashnegalu 2009 Nanna Charcha,kannada
0,kan_0333.wav,Nana Peeta prashasti padeda Kannada Pratham vyakti,kannada
0,kan_0334.wav,Davanagere Jile Urdu Taluka Kendra,kannada
0,kan_0335.wav,Nayanthara Hasya natak Laagi Poshak Kannada Patra Vahi Siddhant,kannada
0,kan_0336.wav,Mysore Anu Karnataka samskruthika Rajadhani Indu Karela,kannada
0,kan_0337.wav,French bhashe today Kusha Avanigadda,kannada
0,kan_0338.wav,purv Asia deshagalu padovano le kanaganahalli huduki,kannada
0,kan_0339.wav,Dr Gaurav Pradhan,kannada
0,kan_0340.wav,bharatada andina Rashtrapati Dr Rajendra Prasad Vishesh karykram Mughal-e-Azam Saiyan udghatan,kannada
0,kan_0341.wav,Ram Manohar Lohia Avadh Bhartiya Swatantra horatagararu Madhu Samajwadi rajakiya Naik,kannada
0,kan_0342.wav,kannadadalli tata tata,kannada
0,kan_0343.wav,Madhya Africa the Urdu Disha,kannada
0,kan_0344.wav,Mr Lohagarh taiyari ke idhar aa in UPA yoga,kannada
0,kan_0345.wav,Sahitya Mattu paramparik Ritik a r,kannada
0,kan_0346.wav,Saree Ke Pavan Bera le kanaganahalli,kannada
0,kan_0347.wav,Mysore adesar energy auditor Kendra mein to Hindi Mysore Sansthan Majhi Rajdhani,kannada
0,kan_0348.wav,Sri Kuvempu Bendre Shivaram karanth Badal Aadha Sreshta Lekar bandaru,kannada
0,kan_0349.wav,bharatada pramuka cricket aatagara,kannada
0,kan_0350.wav,Hindupur another prakara Evaru Chiranjeevi Galli uber,kannada
0,kan_0351.wav,mondina vidyabyasa Mumbai in Elphinstone college Nalli nadakuthu,kannada
0,kan_0352.wav,vishwada kalawade hello mulya nivasi Kalu Balu Balu,kannada
0,kan_0353.wav,what are our Bharat Desh,kannada
0,kan_0354.wav,Karnataka Vishwa Vidyalaya near Avadi,kannada
0,kan_0355.wav,Idhu Kadhala Rajwada adhikarita bhashe,kannada
0,kan_0356.wav,Evaru navoday ka Lada restaurant Sahid,kannada
0,kan_0357.wav,Samanya varg II Hisar upyog nallagutta n do,kannada
0,kan_0358.wav,Europe Khandala Ragni Bhag Dilruba Disha,kannada
0,kan_0359.wav,every gay moveru hennu makkalu Abba Maga,kannada
0,kan_0360.wav,Evaru Eega Tamil Chitrangada Janapriya Natalie obara Girdhari,kannada
0,kan_0361.wav,havyaka Kannada Garu hesarina lekhan avanu ne prarambh,kannada
0,kan_0362.wav,Karnataka Ratna to Karnataka rajya Sarkar needuva Pratishtha prashasti,kannada
0,kan_0363.wav,pregnant manasina Bondhu sthiti aathava Guna endu Parganas alag Uttar,kannada
0,kan_0364.wav,dharmika vyakti Galu padovano lekhan Agali hudki,kannada
0,kan_0365.wav,Chilli Idli coffee by Di Bella,kannada
0,kan_0366.wav,Mysore Vishwa Vidyalaya Noida gaurava d litt,kannada
0,kan_0367.wav,Kodagu Jilla and taluka jilla Kendra,kannada
0,kan_0368.wav,Mahabharat ka mukhya Hastinapur order order little Bhagya kuruvansh Ada sadasya ranadive Nadi Yuva horat vano kurta 2,kannada
0,kan_0369.wav,Ek Andhera Vyas called anantara,kannada
0,kan_0370.wav,Udupi Zilla Taluka Lekha Nagar,kannada
0,kan_0371.wav,Dr dawai sampadit Sidha Evaru Adhyapak Ragi Seva Nivrutti,kannada
0,kan_0372.wav,xile atyant taluku,kannada
0,kan_0373.wav,Vandu Kannada Moola in Urdu Uttara Bharath Mall,kannada
0,kan_0374.wav,Kannada vishwakosha vandhu Mukta vishwakosha,kannada
0,kan_0375.wav,nataka Karana kuritu lekhan,kannada
0,kan_0376.wav,Ganesh Hegde Ramakrishna Hegde r,kannada
0,kan_0377.wav,havyaka kannadigaru Pada vannu lekhan Agali huduki,kannada
0,kan_0378.wav,hubballi Mathur daravada avali Nagar,kannada
0,kan_0379.wav,Agni Asia da Urdu rashtra,kannada
0,kan_0380.wav,Mangala Kannada chalanachitra mahiti lekhan inodai,kannada
0,kan_0381.wav,havamana hesarina lekhan neevu prarambh,kannada
0,kan_0382.wav,Jahan Annu maneyali taiyar vidhanam caffeine from another male mukhya prabhava Mandir Uttar,kannada
0,kan_0383.wav,srirangapattana kala kala Mysore Sansthan other Rajdhani,kannada
0,kan_0384.wav,Kannada vaigyanik Galu hesarina lekhana vannu Nee,kannada
0,kan_0385.wav,Kannada Sahitya Parishat Teena Gaurav prashasti,kannada
0,kan_0386.wav,karnatakada Prakhyat Janapada Kale Yakshagana Kshetra dalli Uttara Kannada,kannada
0,kan_0387.wav,Evaru makkali gagi Anaika critical,kannada
0,kan_0388.wav,TN Seetharam edhara pradhana nirdeshakaru,kannada
0,kan_0389.wav,Uttar Africa Delhi Rewa 12 Disha,kannada
0,kan_0390.wav,idhar kinta Uttam r2hel Aalu sadhya Villa,kannada
0,kan_0391.wav,Eid vyakaran Ada Urdu anchor,kannada
0,kan_0392.wav,Bharat prashastha Adhyaksh Pratibha Patil,kannada
0,kan_0393.wav,vividha Desh jhagada beginner lekhan,kannada
0,kan_0394.wav,Hawa Mana Pada vannu lekhan Agali ki,kannada
0,kan_0395.wav,Eid Aawara sarvjanik jeevanada coronavirus,kannada
0,kan_0396.wav,Muna Dhatu Gada Bhagya agale template to muladha to ID,kannada
0,kan_0397.wav,Nepal Dakshin Asia The Hindu rashtra,kannada
0,kan_0398.wav,Congo Samanya vagi Madhya Africa Delhi Congo Nadi hariyuva Suchi,kannada
0,kan_0399.wav,Uttara Europe hesarina lekhan neevu prarambh,kannada
0,kan_0400.wav,Ramakrishna Hegde Chaitrada Lena Pradhan Patra,kannada
0,kan_0401.wav,Kannada vaigyanik Aalu padanu lekhan Agali huduki,kannada
0,kan_0402.wav,Bengaluru Vishwa Vidyalaya every gaurava doctor 8 and 9 needed,kannada
0,kan_0403.wav,Alia Vera Chaturthi Ke Gana Bajega Yari gutila,kannada
0,kan_0404.wav,Bharati Chaitrada Mulakat chitraranga pravesha,kannada
0,kan_0405.wav,rajakiya tatvagalu Bhagya Lekh Nagar Wardha,kannada
0,kan_0406.wav,bharatada modala Adhyaksh Shri Babu Rajendra Prasad,kannada
0,kan_0407.wav,Maharaja krishnaraja Wadiyar Amara Jyothi Mysore Raja,kannada
0,kan_0408.wav,Rajkumar Hindi gana Maar Dala Re,kannada
0,kan_0409.wav,Sahitya aane ka Prakar Agali avaru,kannada
0,kan_0410.wav,Dakshin Korea history lekhan navannu Ne prarambh Bahu 2,kannada
0,kan_0411.wav,Sri Madhvacharya Ru Anaika critical and Sanskrit Delhi,kannada
0,kan_0412.wav,Nepal who Vishva Hindu rashtra,kannada
0,kan_0413.wav,Uttar Europe Madhavan Lekha Nagar,kannada
0,kan_0414.wav,edenu kannadigara Bhagavad Gita,kannada
0,kan_0415.wav,Evaru Noble Vigyan Raman samipa sambandhi,kannada
0,kan_0416.wav,Idhu Idhu Hisar Jile Kendra how do,kannada
0,kan_0417.wav,our Mangaluru Manjunatha Chaitrada Sambhashana Kalu Janapriya,kannada
0,kan_0418.wav,Shanta Mahasagar adelina Bondhu rashtra,kannada
0,kan_0419.wav,tingly movie Tu dinagalu,kannada
0,kan_0420.wav,rajkiy ke sambandh Pata lekin agar agar,kannada
0,kan_0421.wav,tumakuru hagu Bengaluru Galli vyasanga m a Balika Bengaluru Central college in Delhi both are Shastra Adhyapak,kannada
0,kan_0422.wav,Dakshin Korea padavan where lekhan Agali huduki,kannada
0,kan_0423.wav,Dakshin America Kannada Pramukh lekhak navannu prarambh,kannada
0,kan_0424.wav,Aaj Darinda Vidha Vidha Kala Delhi poochha tha vah niche sthan,kannada
0,kan_0425.wav,Dakshina Bharat mein to Sri Lanka Gada Gada Gada 9 Mata Nadol bhajan,kannada
0,kan_0426.wav,Paschim Asia da Urdu rashtra,kannada
0,kan_0427.wav,Idhu Nashik Vibhag are mein to Nashik Jilla or Delete Atma ka Kendra how do,kannada
0,kan_0428.wav,Krishnamoorthy pura Nikaah Avara Kadambari aadharit Chitra,kannada
0,kan_0429.wav,average Jennifer maguvina hesaru Kumaraswamy,kannada
0,kan_0430.wav,Bharat Nepal ko Sri Lanka Aadha idhar Aadha Udhar,kannada
0,kan_0431.wav,Nayanthara Europe Nalli banthu,kannada
0,kan_0432.wav,Eid Kannada chalanachitra lekhan,kannada
0,kan_0433.wav,Karnataka Vishwa Vidyalaya,kannada
0,kan_0434.wav,kaigarika wali salwar mister Lohagarh Eid,kannada
0,kan_0435.wav,Dakshin America Khandala from karo,kannada
0,kan_0436.wav,u r e t Chinna Kannada chalanachitra Sri Manjunatha Kannada Soundarya,kannada
0,kan_0437.wav,Kannada chalanachitra viale Bhagya Mahiti ke ilake,kannada
0,kan_0438.wav,bhumiya Morena dauda mahasagaram,kannada
0,kan_0439.wav,bagilanu Madhubala kareyuttare,kannada
0,kan_0440.wav,karnatakada Urdu Jile Mandya Jile Rajadhani Mandya Nagar,kannada
0,kan_0441.wav,Eid Mumbai na atyant dubara jagah,kannada
0,kan_0442.wav,Achyutam Hindi gayak ka Hindu rashtra prashasti,kannada
0,kan_0443.wav,belagavi r r,kannada
0,kan_0444.wav,poornachandra Tejaswi Avara Itni Chuna Kriti,kannada
0,kan_0445.wav,Datta aksharagalu Kamsutra aksharagalu,kannada
0,kan_0446.wav,Davanagere jilla taluka Bhagya Lekha Nagar,kannada
0,kan_0447.wav,Masi Venkatesha Iyengar kya tak Kannada,kannada
0,kan_0448.wav,Dharwad Karnataka college in Nalli Bhavna Shastri Adhyapak Ragi Seva Nivrutti,kannada
0,kan_0449.wav,BKC Te ya Tangi Mein To Lakshman hendthi,kannada
0,kan_0450.wav,Chaturanga avvaru Vidyalay Kadambari,kannada
0,kan_0451.wav,Sankranti yamba Kannada chalanachitra Bhagya Mahiti Sankranthi chalanachitra,kannada
0,kan_0452.wav,Mane gedda Maga Chitra,kannada
0,kan_0453.wav,Karnataka ekikarana hesarina lekhan,kannada
0,kan_0454.wav,bhai Rabari Ke sambandh Patta Mahiti Pili nodabaradu,kannada
0,kan_0455.wav,Manjunatha Varu Ashwini average had to Varsha coach Aage Kailash samaddar,kannada
0,kan_0456.wav,Mangaluru Karnataka da Munda mukhya Vanijya Kendra,kannada
0,kan_0457.wav,Aarti Janak Priya 3D cricket,kannada
0,kan_0458.wav,Bharat dakshata tennis aatagara,kannada
0,kan_0459.wav,GP rajarathnam Kannada tagaru,kannada
0,kan_0460.wav,anuvad mein le mukhya patake,kannada
0,kan_0461.wav,Alina pramuka bhashegalu Tulu Konkani Kannada Madhu Bihari bhasha,kannada
0,kan_0462.wav,Shivaram karanth Arun Prachi siruvanthadu Kadambari,kannada
0,kan_0463.wav,Sitaram nirdeshana da Ithu Zarina ki dharavahik mahiti,kannada
0,kan_0464.wav,Mangaluru Karnataka Dakshina Kannada Jilla adalita Kendra,kannada
0,kan_0465.wav,Karnataka ekikarana badavanu lekhan Agali,kannada
0,kan_0466.wav,Karnataka Sahitya Academy Gaurav prashasti,kannada
0,kan_0467.wav,churidar kanasugalu barakhadi Mein Praman Delhi,kannada
0,kan_0468.wav,are there Varum Hrithik jeevanada Nandi,kannada
0,kan_0469.wav,Shiva Anup Bharat Jannat Mahatma and karedaru,kannada
0,kan_0470.wav,Kannada Vishwavidyalay Janapada Vibhag,kannada
0,kan_0471.wav,Kannada Pramukh nirdeshaka Nagendra Yaaru iva Thanda,kannada
0,kan_0472.wav,Arthi Venkatesh Evaru Riti Ali Vaidya,kannada
0,kan_0473.wav,Harihar devathe Hindu dharma devathe,kannada
0,kan_0474.wav,Nimbu bareda Mahiti Nanu,kannada
0,kan_0475.wav,panchada adyanta purathana Grand Agali vedagalu mukhya Vadhu,kannada
0,kan_0476.wav,Aneka kannadigaru in Agar vividha Kshetra Galli,kannada
0,kan_0477.wav,Kolhapur Jilla Kendra,kannada
0,kan_0478.wav,Karnataka rajya Delhi Bengaluru Kannada Chitrangada Udyog Nagar,kannada
0,kan_0479.wav,British Samrajya jagattina itihasadali ATI Vishal Samrajya Bagi 2,kannada
0,kan_0480.wav,Haveri Karnataka Urdu Jile,kannada
0,kan_0481.wav,nalku Gandu makkala ibbaru hennu makkalu,kannada
0,kan_0482.wav,DVG Avara critical,kannada
0,kan_0483.wav,Ek Kala ke UT Masa in 2009,kannada
0,kan_0484.wav,America sanyukt Sansthan Swatantra paaduthu,kannada
0,kan_0485.wav,Eid ul Samanya varg e October pingala Nadi Urdu,kannada
0,kan_0486.wav,aap Galli karykram Vishesh avagi history se bahut,kannada
0,kan_0487.wav,Bhalla really snatakottar padavi,kannada
0,kan_0488.wav,Germany Desh Ka mood dhanagar,kannada
0,kan_0489.wav,Mumbai Nagaram Maharashtra Rajdhani,kannada
0,kan_0490.wav,madannada ke Pramukh Patra Vahi Siddhant,kannada
0,kan_0491.wav,vachana Sangeeta delivery ke hit Chua Shakti,kannada
0,kan_0492.wav,hagu swargamanu,kannada
0,kan_0493.wav,Rajkiya Kendra how do,kannada
0,kan_0494.wav,Bhartiya Anu sirikonda,kannada
0,kan_0495.wav,lekhana vannu stalantarit Sudhu suktiyan do Nanna Ani se Kate,kannada
0,kan_0496.wav,Zarina nimbu prarambh,kannada
0,kan_0497.wav,hossana Kannada Sahitya sammelana Adhyaksha,kannada
0,kan_0498.wav,padavi padeda Balika pradhyapak Ragi Seva Nivrutti,kannada
0,kan_0499.wav,better the legal Urdu quotes,kannada
0,kan_0500.wav,Madhu Kidhar prashasti Puraskar Kalu Sun TV,kannada
0,kan_0501.wav,ISM stair igiena Adhyaksh Shri n Chandra,kannada
0,kan_0502.wav,Govinda Pai rashtrakavi in 2018 Kannada Sahitya,kannada
0,kan_0503.wav,Hindu Maha Sagara Delina 123 par rashtra,kannada
0,kan_0504.wav,Mangala Kannada patrike Bhagya mahiti lekhan,kannada
0,kan_0505.wav,Rajkumar avaru Chitra Delhi daru,kannada
0,kan_0506.wav,Shiva prathamika hug Madhyamik Shiksha daravada jaruri tha,kannada
0,kan_0507.wav,Kidhar anantara Tungabhadra Ambar Munde Andhra Pradesh Delhi Krishna nadi,kannada
0,kan_0508.wav,Mysore bank Nalli Naukari Duri 2,kannada
0,kan_0509.wav,Tamma mundina Jeevana vannu idhar Kali nadi second hogalu Daru Daru,kannada
0,kan_0510.wav,Caribbean Samudra Dal Lena Bondhu Maharashtra,kannada
0,kan_0511.wav,Uday Shankar Mathur Chitra nirdeshak II Raj Rajkumar Vara makkalu,kannada
0,kan_0512.wav,Gubbi Tumkur Jile Vandu Taluk Kendra,kannada
0,kan_0513.wav,Everett I Leelavathi Thande Ramu,kannada
0,kan_0514.wav,vah Karya atyant Yashasvi aagi to,kannada
0,kan_0515.wav,han do per divano Mere Lekh Nagar Halli Hudugi,kannada
0,kan_0516.wav,paschima europeana Anek Rashtra Galli iritty,kannada
0,kan_0517.wav,bharatada adhikta Bhasha Gali ke Bhartiya bhashegalu n Varu,kannada
0,kan_0518.wav,Bharat deshada Karnataka rajyada Shivamogga jila Rewa vandhu ka Nagar,kannada
0,kan_0519.wav,prakritik Soundarya adelli Bahu Pramukh Vadhu,kannada
0,kan_0520.wav,belagavi Uttara Karnataka dalli iruva Nagar Madhu Jile,kannada
0,kan_0521.wav,idhar aa Sami padal Rewa prasiddha Vada sthalagalu Hampi to Hospet,kannada
0,kan_0522.wav,Shiva Sampoorna hesaru Manohar Murthy,kannada
0,kan_0523.wav,Bhartiya Chitra Rang Dali adallu Dakshina Bharat Ka Chitra Rang Dali SP Balasubramaniam avaru Bahra prasiddh gayak karo,kannada
0,kan_0524.wav,Hanu Kalu hesarina Lekar navannu Nimbu prarambh Bahu 2,kannada
0,kan_0525.wav,Mumbai mein tu Bengaluru Nagar Agali idhar Mele,kannada
0,kan_0526.wav,antrashtriy Kanoon sarvabhouma Rashtra gardener 2 winner udyama Sen parisara Mein To idhar Abhishek Bhagya today,kannada
0,kan_0527.wav,Thirthahalli Shivamogga jilla taluka vandhu Taluka na Kendra,kannada
0,kan_0528.wav,Gajina taiyari maradalu Pradhan kachra vastu,kannada
0,kan_0529.wav,inalco Chitra Galli Prakash M hesarina CID Patra Delhi Dr Rajkumar abhineta Siddharth,kannada
0,kan_0530.wav,padavi Anu Mysore Vishwavidyalay adhinta MBA Pada Pada ru,kannada
0,kan_0531.wav,Bhasha Nu Sanskrit Bhasha prachina kalada suprasiddha natak Kara,kannada
0,kan_0532.wav,ganit Vishay dalli snatakottar nagabhushana Bengaluru Jile ki daru,kannada
0,kan_0533.wav,Hanu Kalu padarnnu lekhan Agali huduki,kannada
0,kan_0534.wav,maragalu hesarina Le Kanavan manaivi prarambh,kannada
0,kan_0535.wav,inter Malayalam new Kattar nirmanadalli vyapak vagi,kannada
0,kan_0536.wav,suryana Kanta Kshetra 12 Madhava parinamagalu 912 Chaturthi ke golu molu karayalle kutta,kannada
0,kan_0537.wav,Karnataka Rajwada Nagara Mathur Zarina Rajdhani,kannada
0,kan_0538.wav,Uranus Grah mandawada vyavastha Nu Hon De De,kannada
0,kan_0539.wav,ivanu Arthashastra emba Kriti and Siddhant,kannada
0,kan_0540.wav,Idhu DVG avaru Pratik Odia Sahitya ke sali Sidha se Hue gagi Santa puraskara,kannada
0,kan_0541.wav,Chandrama na padati Ali mazar Gala hesaru kaalu Tere Te Hue,kannada
0,kan_0542.wav,Yesudas Vani Jayaram Manjula Gururaj,kannada
0,kan_0543.wav,East India Association Mumbai sakege sadasya ra geet daru,kannada
0,kan_0544.wav,Malati Rao Evaru Bengaluru Nalli Bhartiya angler Sahiti,kannada
0,kan_0545.wav,maragalu padanu lekhan Agali huduki,kannada
0,kan_0546.wav,are Manaya Royal School Nalli Awara vidyabyasa,kannada
0,kan_0547.wav,yella Lohagarh ki Chennai,kannada
0,kan_0548.wav,Jila mukhya Nadi hemawati Munde Kaveri Nadi Sher,kannada
0,kan_0549.wav,Kannada Sahitya Parishat Cena Adhyaksh Ragi Masti Seva solicitor,kannada
0,kan_0550.wav,mavina hannina tarlegalu hesarina Le Kanavan manaivi prarambh,kannada
0,kan_0551.wav,samprada yah anandasagara Chitra Galli Siddharth,kannada
0,kan_0552.wav,Idhu Bahara Alpha Praman Delhi upyog,kannada
0,kan_0553.wav,bharatada Chitra Katha pustakagalu hesarina lekhan,kannada
0,kan_0554.wav,Shankar Nag abhineta Kannada chalanachitra Geeta Bhagya mahiti lekhan,kannada
0,kan_0555.wav,Kannada Chitrangada prasiddh laterally of Baru,kannada
0,kan_0556.wav,Sagara Evaru Kannada Sahitya,kannada
0,kan_0557.wav,Veena Varu Karnataka Vishwa Vidyalaya Tinda padru,kannada
0,kan_0558.wav,Koppal jilla taluka Kendra,kannada
0,kan_0559.wav,an acre BD harshalache Nagar Bareilly,kannada
0,kan_0560.wav,Gandhi Jayanti Mahatma Gandhi Avara Janm dinacharane,kannada
0,kan_0561.wav,Eden 9 Platinum na Badal salwar Vastu ka upyog Suthar,kannada
0,kan_0562.wav,is Samay yadalli Sahitya Sangeetha Nritya madannada karykram,kannada
0,kan_0563.wav,hockey hesarina lekhan navannu new prarambh,kannada
0,kan_0564.wav,bharatada Chitra Katha pustakagalu padovano lekhan,kannada
0,kan_0565.wav,Kari behan Samudra deliver Urdu Maharashtra,kannada
0,kan_0566.wav,Maa to Canada Latin America mein to Caribbean,kannada
0,kan_0567.wav,karnatakada sushka vatavaran Thalli h aagi kandukur,kannada
0,kan_0568.wav,Idhu Pratigya 2 varsh adhigam mein,kannada
0,kan_0569.wav,Vishal Yadav Bhagya Pustak Bhawan Haridwar,kannada
0,kan_0570.wav,Bhartiya Vaidya hesarina lekhan neevu prarambh,kannada
0,kan_0571.wav,alinda your money visaru hanagal to,kannada
0,kan_0572.wav,han ki father vannu lekhan Agali,kannada
0,kan_0573.wav,Ballari Jilla in Urdu Pramukh Patna Hospet Tungabhadra aane ka tukra neeranu,kannada
0,kan_0574.wav,Pluto Mattu adara Telugu Dhruva movie upagraha galu,kannada
0,kan_0575.wav,ginta h to Sarkari mein bhi Luta De,kannada
0,kan_0576.wav,Gadag Patna Jila Kendra,kannada
0,kan_0577.wav,Nanna itr-i ke Golu yas Rajkumar,kannada
0,kan_0578.wav,Bharat ka mukhya stalagalu hesarina lekhan prarambh,kannada
0,kan_0579.wav,puratana Tulu Lipi Malayalam lipi,kannada
0,kan_0580.wav,Tumkur Zilla Taluka ke sambandh pata lekhanagar,kannada
0,kan_0581.wav,salwar natak dalli Abhinay nirdeshan,kannada
0,kan_0582.wav,Bharatiya Vidya Bhavan Bera lekhan Agali hudki,kannada
0,kan_0583.wav,mavina hannina tarlegalu badavanu lekhan Agali Hudugi,kannada
0,kan_0584.wav,Gandhiji avaru ahimsa Sath margheritaly chalu chalu nirdharit daru,kannada
0,kan_0585.wav,hossana hesarina Le Kanavan manaivi prarambh,kannada
0,kan_0586.wav,Krishi Ballari Jilla mukhya vritti,kannada
0,kan_0587.wav,other in the garden Nu navu upyogita Beku,kannada
0,kan_0588.wav,London nagaradalli modala Bari prakat hua,kannada
0,kan_0589.wav,Kumar yembudu Shiva Moola hesaru,kannada
0,kan_0590.wav,Bharat ka mukhya stalagalu padovano lekhan,kannada
0,kan_0591.wav,Tunga Nadi Bharat ka Karnataka Rajwada nadi,kannada
0,kan_0592.wav,kah do halwar prashasti Puraskar padhaai to,kannada
0,kan_0593.wav,Hassan Ali Anek mukhya Pravasi Tarangalu,kannada
0,kan_0594.wav,Mumbai Nariman Point nathira,kannada
0,kan_0595.wav,Bhartiya sign yada Puraskar Hisar Reena lekhan prarambh,kannada
0,kan_0596.wav,tarikere Chikmagalur Jilla vandhu Taluk Kendra,kannada
0,kan_0597.wav,han Suna Pada vannu Bera lekin Agali ki,kannada
0,kan_0598.wav,Himalaya unnatha parvat Pradesh Mein Panchayat Aati Hai Chennai Uttar Pradesh,kannada
0,kan_0599.wav,murjana Gandu makkala matthu ibbaru makkalu,kannada
0,kan_0600.wav,Krishnamoorthy Rao hesarina lekhan Ravan Ne vo prarambh,kannada
0,kan_0601.wav,Poshak Nataraj Telugu Chitra Galli,kannada
0,kan_0602.wav,Pandav Panch Pandav Oru prasidha,kannada
0,kan_0603.wav,Idukki sumaru vandhu Savira jhagada Charitra,kannada
0,kan_0604.wav,ellinda Idhu karnatakada chikmagaluru Mathur Shivamogga Jile Gala Mulakat,kannada
0,kan_0605.wav,yugard Bhagya mahiti,kannada
0,kan_0606.wav,are Darinda Vandu sari Ninna maathu guruthulu Riti sukta vindu anisuthide,kannada
0,kan_0607.wav,Bhartiya Sahitya Puraskar padovano lekhan ki,kannada
0,kan_0608.wav,Eid tumakuru Jila Pramukh Taluka Kendra,kannada
0,kan_0609.wav,Hasya lekhak Karu hesarina Le Kanavan manaivi prarambh,kannada
0,kan_0610.wav,Krishna Murthy Rao padavan lekhan,kannada
0,kan_0611.wav,Karnataka rajya Lalitha Kala Academy sadasya,kannada
0,kan_0612.wav,Rao Umashree leelawati mukhyamantri Chandru,kannada
0,kan_0613.wav,Delhi Bahar Mandi Parsi general karna bahut,kannada
0,kan_0614.wav,Bharat rajagada Madhu kendradalitha Pradesh Garhwal Subah adhikara Sarkar Delhi,kannada
0,kan_0615.wav,acimol enimal,kannada
0,kan_0616.wav,prapanchada Pramukh ka Bhasha kutumba Galli vandhu,kannada
0,kan_0617.wav,Achyutam poshaka Nati Karnataka rajya prashasti,kannada
0,kan_0618.wav,hendthi helidare Putta makkala Samsara Rajinama Kota,kannada
0,kan_0619.wav,Ratan ji Dada bhai Tata Saria giraya,kannada
0,kan_0620.wav,idhar ke Karana Evaru matanaduva Shaili,kannada
0,kan_0621.wav,India Ambassador Sindhu Nadiya Hindi na Persian rupantar,kannada
0,kan_0622.wav,Hasya lekhak karo Pavana Lake Nagar Nalli Hudugi,kannada
0,kan_0623.wav,Kannada Telugu Tamil Malayalam Kannada chalanachitra Galli abhineta Siddharth,kannada
0,kan_0624.wav,Congress Paksh da project nayakaru Sonia Gandhi Maji Pradhanmantri Rajiv Gandhi avar Patni,kannada
0,kan_0625.wav,Gulbarga Karnataka,kannada
0,kan_0626.wav,Shikshan Kshetra Delhi Khuda tumakuru avashya geet,kannada
0,kan_0627.wav,Zarina Udaya TV dharavahik Urdu mahiti,kannada
0,kan_0628.wav,Moola Dhatu Gada Bhagya Lekha Nagar Srushti,kannada
0,kan_0629.wav,Evaru Pakistan Ada Pratham Mahila Pradhanmantri,kannada
0,kan_0630.wav,Chitradurga Karnataka 12 Jile,kannada
0,kan_0631.wav,Evaru belagavi pune-mumbai Ali shikshana paathu padavidhar,kannada
0,kan_0632.wav,Dhanu karnatakada Mumbai n do,kannada
0,kan_0633.wav,Karnataka rajyada Vandana Nagar Madhu Zarina Jila Kendra,kannada
0,kan_0634.wav,Shiva arambhada vyasanga Bengaluru Nalli nadakuthu,kannada
0,kan_0635.wav,salwar English Patra ke Gale Ke lekhan Bade daru,kannada
0,kan_0636.wav,kannadadalli chinnada padaka daru,kannada
0,kan_0637.wav,Eid halavaru rashtriy antrashtriy Puraskar,kannada
0,kan_0638.wav,idhar Ali halavaru Sana badalavane model,kannada
0,kan_0639.wav,prapanchada pratiyondu deshada Bhagya 12 foot lekhan Srishti,kannada
0,kan_0640.wav,idhar hasaru Greek Bhasha Ali Vichitra number 8 news today,kannada
0,kan_0641.wav,udaharan chaduranga Aata Chaturanga Sahiti Chaturanga chalanachitra,kannada
0,kan_0642.wav,vadirajaru Putta bahala chennagide Modi Bandhe,kannada
0,kan_0643.wav,Bharat ka cricket thandak ke sambandh Sidha Telugu lekhanagar,kannada
0,kan_0644.wav,British Samrajya da vyapti story Subah nakshe,kannada
0,kan_0645.wav,Thai Zarina Kannada chalanachitra Bhagya lekhana Puttenahalli,kannada
0,kan_0646.wav,Kannada Pradesh Delhi Prathama prasiddh Padharo,kannada
0,kan_0647.wav,Bengaluru Gramin adinda redirect molaka Bengaluru gramantara lekhan,kannada
0,kan_0648.wav,Varsha Dal lena konya thingalur,kannada
0,kan_0649.wav,grahagalu Khesari lekhan 12 prarambh,kannada
0,kan_0650.wav,idhar ka ghee avaru Tamma jeevanada Amulya Samaya 1,kannada
0,kan_0651.wav,Ravichandran na Tanaji Abhinaya Sidha Prathama chalanachitra,kannada
0,kan_0652.wav,Sanskrit pradhyapak Ragi sev saliicii nivrita Ragi,kannada
0,kan_0653.wav,today hesarinalli Uttar America Madhu Dakshin America emba khandagalu,kannada
0,kan_0654.wav,chamarajanagara Dakshina Karnataka dalli Rewa Jile,kannada
0,kan_0655.wav,Bharat Swatantra horatagararu history nale Kanavan manaivi prarambh,kannada
0,kan_0656.wav,Delhi Bharat,kannada
0,kan_0657.wav,he Ge yella Bagiya vishishta Patra Galli Abhinay Siddharth,kannada
0,kan_0658.wav,patavan No 38 week Aage hawker Laga De Hari Prasad nadig,kannada
0,kan_0659.wav,Mel Mein Na Badli Maruti Golu nidhan avagi ki me,kannada
0,kan_0660.wav,Kannada kathanayaka Kannada Vishnuvardhan Patni,kannada
0,kan_0661.wav,edenu Bharat Delhi British Alwar ke Nandi Hindu guruthu Se Laga today,kannada
0,kan_0662.wav,grahagalu padovano lekhan Agali huduki,kannada
0,kan_0663.wav,tatva Shastra Zarina lekhan navannu prarambh,kannada
0,kan_0664.wav,Nagar Punjab mein to Haryana Rajya Rajdhani,kannada
0,kan_0665.wav,Bharat prapanchadalli eridani ATI h janasankhya 9,kannada
0,kan_0666.wav,Kriti avar Atmakatha,kannada
0,kan_0667.wav,Chitradurga Jilla Urdu Taluk Kendra,kannada
0,kan_0668.wav,Bharat Swatantra horatagararu padane ki,kannada
0,kan_0669.wav,ginta udavada prapanchada Nadi Ganapathi,kannada
0,kan_0670.wav,kelavu aksharagalu Bhagal Khandoba Rustam,kannada
0,kan_0671.wav,gamanakke Kanda dhanyavadagalu Hariprasad nadi,kannada
0,kan_0672.wav,Nile Nadiya thirthalli Ruba Disha Bahu Palu marubhumi,kannada
0,kan_0673.wav,Nanna kelisade Bhagya Nana Ge,kannada
0,kan_0674.wav,tatva Shastra padavanu Lekh Nagar Nalli Hudugi,kannada
0,kan_0675.wav,Chandrashekhar Patil Kannada Sahitya Parishat Adhyaksha,kannada
0,kan_0676.wav,Sagar dhaneru apara Praman Delhi chinnavane,kannada
0,kan_0677.wav,Dakshina Kannada Jilla vandhu Taluk Kendra,kannada
0,kan_0678.wav,Bharata deshada yella rajyagalu mat kendradalitha Pradesh Gada Bhagya Lekh Nagar,kannada
0,kan_0679.wav,Kannada Bhasha Ali Evaru Anek Vachan Madhu Granth,kannada
0,kan_0680.wav,halavaru angalakruthi Garden Kannada ke anuvad,kannada
0,kan_0681.wav,Karnataka rajya da Uttara Bhagal Rewa Pramukh Jile,kannada
0,kan_0682.wav,Tipu Sultan hagu Haider Ali Awara kaladalli Srirangapatna Mysore Samrajya Rajadhani,kannada
0,kan_0683.wav,Evaru Bengaluru Vishwa Vidyalaya Dinda kannadadalli natak,kannada
0,kan_0684.wav,Bengaluru Reena National College Nalli intermediate pass Central college in Delhi MSc piravigal,kannada
0,kan_0685.wav,tarasu kadambarigalu hesarina lekhan prarambh,kannada
0,kan_0686.wav,Nagesh avaru mahila adhyaksh Anurag randhawan,kannada
0,kan_0687.wav,Dakshina Kannada jilla taluka Kendra,kannada
0,kan_0688.wav,Chaitrada Bhagya Mahiti Idli Thulasi,kannada
0,kan_0689.wav,Dhanu Uttara Karnataka dalli ki taiyari Se Laga today,kannada
0,kan_0690.wav,Hindi mein to English adhikrit India Pramukh Bhasha Kalu,kannada
0,kan_0691.wav,Budha Itihaas Sada madala bhagali nooraru Ki me,kannada
0,kan_0692.wav,Eagle aruvadai Nagada Nagada dinagalu Warga dalli nodabaradu,kannada
0,kan_0693.wav,aagna Madras Rajya Mantri padavi Rajya Sabha sadasya,kannada
0,kan_0694.wav,Evaru Mysore vishwavidyanilaya Delhi Adhyapak sev a solicitor,kannada
0,kan_0695.wav,Eid Ke Aane bagilu yendu kareyuttare,kannada
0,kan_0696.wav,tharasu kadambarigalu Pavana Lake Nagar,kannada
0,kan_0697.wav,Bade ka Varsha Karnataka Sahitya Academy Adhyaksh,kannada
0,kan_0698.wav,edenu Mishra lohagara taiyari ke liye upyogi suthare,kannada
0,kan_0699.wav,Hindu Maha Sagara aishanya Bhagal Rewa Kohli,kannada
0,kan_0700.wav,bagalakote you karnatakada Urdu Jila Kendra,kannada
0,kan_0701.wav,Lankesh Kannada Sahitya labbaru Lankesh patrike staff sampadak,kannada
0,kan_0702.wav,Pada Pada Balika Evaru kannadadha Adhyapak Ragi nivrita Raja,kannada
0,kan_0703.wav,immadi pulikeshi Chalukya ATI prasidh Chakravarthy,kannada
0,kan_0704.wav,he ghaghi Kidhar Ali Sahayak Beku,kannada
0,kan_0705.wav,Eid ul jagattina ATI Sanna Rashtra ki urdu,kannada
0,kan_0706.wav,shivarama karanth Aru rachitha Kannada Kadambari,kannada
0,kan_0707.wav,vedagalu Bhartiya Sanskriti atyant Pramukh granthagalu,kannada
0,kan_0708.wav,bhashya upyogita vandukal,kannada
0,kan_0709.wav,Jila Hisar Bengaluru gramantara,kannada
0,kan_0710.wav,Ballari Karnataka rajya da 12 Jile Zarina Nagar Rajdhani,kannada
0,kan_0711.wav,Mumbai University Pravasi hesarina lekhan prarambh,kannada
0,kan_0712.wav,Bharat Sarkar Zarina lekhan Nimbu prarambh,kannada
0,kan_0713.wav,avaran Akhiyan Ta Sahiti byrappa Navra Kadambari,kannada
0,kan_0714.wav,Eid Hindu dharma dalli Pavitra Mara Hindu Pari,kannada
0,kan_0715.wav,Bharat Sarkar padane lekhan Galli huduki,kannada
0,kan_0716.wav,Kannada bhashe 9 Pramukh wagi Bharat Karnataka rajya Delhi upyog upyog sala kutta,kannada
0,kan_0717.wav,Is Tarah vannu Nava Brindavana Karela Gupta,kannada
0,kan_0718.wav,Evaru kannadadalli Ravichandran nirdeshana Sipahi Madhu Ji bharavi nirdeshan Sri Manjunatha Chitra,kannada
0,kan_0719.wav,Bombay Bina Pravasi Tana galu,kannada
0,kan_0720.wav,Idhu european oak utada sadasya Rashtra geet,kannada
0,kan_0721.wav,Bharat Se Na Puraskar Serena lekhan prarambh,kannada
0,kan_0722.wav,Shiva Aneka Kathegalu Kannada Vidha near Takali ke Galli prakat hue,kannada
0,kan_0723.wav,thiruva yella kuyper pattika nakshe,kannada
0,kan_0724.wav,Puttur Dakshina Kannada Jilla vandhu Pramukh taluku Kendra,kannada
0,kan_0725.wav,Karnataka sarkara Arogya Mattu kutumba Kalyana ilake,kannada
0,kan_0726.wav,Bharat Se Na Puraskar padovano Lake Nagar Nalli Hudugi,kannada
0,kan_0727.wav,Eid Dakshina Kannada Jilla Aarti vistar Taluk,kannada
0,kan_0728.wav,karnatakada Uttara Bhagal Rewa pramukha Vanijya Nagar,kannada
0,kan_0729.wav,Chalukya Vansh adar ATI prasiddh Chakravarti,kannada
0,kan_0730.wav,Dhanu paryaya Noble Indu Karela Gupta,kannada
0,kan_0731.wav,Bhartiya Se Na hesarina lekhan prarambh Urdu,kannada
0,kan_0732.wav,avaru what to one Ondu Kavana sankalana ka Siddhant,kannada
0,kan_0733.wav,Arthashastra dalli natak Uttara padavi,kannada
0,kan_0734.wav,Kannada English Bhasha Galli Gokak Karu halavaru kuthikal,kannada
0,kan_0735.wav,Narayana Varu 7 Nu Maar De Daru,kannada
0,kan_0736.wav,karnatakada Rajadhani Bengaluru Nagar Bhagya Nagar,kannada
0,kan_0737.wav,Parsi Galu Christ through Muslim Daru Mein To yahoodi Galu Pili daru,kannada
0,kan_0738.wav,adirai Eid Jwalamukhi Ya 12 baje Matra,kannada
0,kan_0739.wav,Bhartiya sena par Lekh Nagar ki,kannada
0,kan_0740.wav,Kannada Madhu Sanskrit Bhasha Galli Vadiraja rukku,kannada
0,kan_0741.wav,Lankesh avaru idhar Rasta pakka sampadak,kannada
0,kan_0742.wav,code sankhya 9 Code point,kannada
0,kan_0743.wav,madiga Evaru aakashvani save a seller Sudhar,kannada
0,kan_0744.wav,Uttara Karnataka dalli baruva Samanya padagalu,kannada
0,kan_0745.wav,Bhasha kutumba Kesari da vanthu bhasha,kannada
0,kan_0746.wav,Nehru navara Sneha average,kannada
0,kan_0747.wav,dharwada Samaj ke Mali daru,kannada
0,kan_0748.wav,bharatada motor modala railu Mumbai Nalli,kannada
0,kan_0749.wav,Eid behad avega Baaghi Hamara,kannada
0,kan_0750.wav,Bharat Swatantra Zarina lekhan new,kannada
0,kan_0751.wav,Eid chikamagaluru Jila Pramukh kathaluku,kannada
0,kan_0752.wav,Sanskriti ka Vishay Galli Nepal Tibet Madhu Bharat Avenue,kannada
0,kan_0753.wav,Kabhi Nadi Ke se Rishi Nitya ki taiyari,kannada
0,kan_0754.wav,Natraj English natak Uttara Sahitya Vidyarthi,kannada
0,kan_0755.wav,le kannadadalli padagalu,kannada
0,kan_0756.wav,madali Kannada Chitra Ranga Delhi SSP Chittorgarh nirdesh Fida ji,kannada
0,kan_0757.wav,Anantnag Nayak Patra dalli Abhinav Siddharth,kannada
0,kan_0758.wav,Bharat Swatantra padovano lekhan Agali uduki,kannada
0,kan_0759.wav,Narayan Daru Kannada Janapada vidwan Sar Ali Akbar,kannada
0,kan_0760.wav,Munde Nile nadi Sudan Ali Hari,kannada
0,kan_0761.wav,Bharat Desh da Karnataka Rajinder Nagar,kannada
0,kan_0762.wav,Evaru Kannada haago angular Bhasha Galli Sahitya,kannada
0,kan_0763.wav,bharatada nalku chakrava Nagar Serena lekhan prarambh,kannada
0,kan_0764.wav,Uttar Kannada jilla taluka Madha Jila Kendra,kannada
0,kan_0765.wav,idhar Jindagi Sangeeta ke Gunah love u tu,kannada
0,kan_0766.wav,poornachandra Tejaswi Avara Kruti aadharit Chitra,kannada
0,kan_0767.wav,Ek Karana Din Shukrawar 9 bhumiya Hindu kareyuttare,kannada
0,kan_0768.wav,Karnataka dalli malenadu Pradesh Delhi HR gi,kannada
0,kan_0769.wav,Kalyani Chalukya Dakshina Bhagyada na dinner Rajdhani to belagavi,kannada
0,kan_0770.wav,khate Kavana vimarshe Hosa pustaka paricharya makkalakoota Janakpuri,kannada
0,kan_0771.wav,yoga hesarina Le Kanavan manaivi prarambh,kannada
0,kan_0772.wav,Bharata deshada Karnataka rajya Mysore Jile Nagar,kannada
0,kan_0773.wav,Bharat nalku chakrava hanagallu padovano lekhan,kannada
0,kan_0774.wav,Ramachandra Sharma Kannada kya tha with answer Madhu Sahitya,kannada
0,kan_0775.wav,Udupi Taluk Kendra,kannada
0,kan_0776.wav,Kannada Sahitya Parishat in Adhyaksha,kannada
0,kan_0777.wav,hello Sana,kannada
0,kan_0778.wav,America sanyukt Sansthan Rashtrapati Galu America deshada sarkarada Adhyaksh,kannada
0,kan_0779.wav,Evaru Anek Hindi Kritika Kannada ke anuvad Siddhant,kannada
0,kan_0780.wav,kannadadalli Thanda Enna Pada,kannada
0,kan_0781.wav,yoga padovano lekin Agali ki,kannada
0,kan_0782.wav,Aadarsh Vidya Manav all mail padarada Prabhav Academy,kannada
0,kan_0783.wav,how are you kutti the Indigo Mumbai ji,kannada
0,kan_0784.wav,Lankesh patrike mollika Barwani ke Aarambh AC daru,kannada
0,kan_0785.wav,bayalu Daari Idhar Hai Surinder chalanachitra,kannada
0,kan_0786.wav,naralu natak ke Rajya Sahitya Academy bahumana,kannada
0,kan_0787.wav,dhumaketu khagoliya vastu dhumaketu chalanachitra,kannada
0,kan_0788.wav,Aadarsh Madhya Sahitya Vibhag dalli nodi dhaaga Vinayak Krishna Gokak alekhan kand banditu,kannada
0,kan_0789.wav,t n Seetharam Kannada Janak Priya nirdeshak,kannada
0,kan_0790.wav,chalanachitra hesarina lekhan ivanu nimbu prarambh,kannada
0,kan_0791.wav,mukhya Putra the mail prayog model ki puttenu upyogita,kannada
0,kan_0792.wav,Shankar Nag abhineta Prathama Kannada chalanachitra,kannada
0,kan_0793.wav,Kannada Chitrangada prasiddh nirdeshak rally Ho Baru,kannada
0,kan_0794.wav,rubber masala England ke Sahayak ke ho daru,kannada
0,kan_0795.wav,chalana Chitra per javanon lekhan Agali ki,kannada
0,kan_0796.wav,idhar aa Charcha photo Dali you Gada Bhagya search,kannada
0,kan_0797.wav,Chitradurga jilla taluka gand Bhagya Lekh Nagar,kannada
0,kan_0798.wav,Sri smaraka bahumana Karnataka rajya Sahitya akadami Puraskar,kannada
0,kan_0799.wav,Dakshin America Thanda Paschim Bhag Dilruba Urdu rashtra,kannada
0,kan_0800.wav,bgl Swamy Avara Kriti,kannada
0,kan_0801.wav,Idhu vandhu Intha Pramukh Kasam Se,kannada
0,kan_0802.wav,bhumiya atyant border Mahasagar,kannada
0,kan_0803.wav,Idhu Platinum Lohagad gum figure series,kannada
0,kan_0804.wav,Eega Kannada Mattu gana Kshetra ke Banni,kannada
0,kan_0805.wav,Shivaraj Kumar Kannada prasiddh Chitra natak,kannada
0,kan_0806.wav,rashtrakavi Govinda Pai byavara Bhagya Muruga,kannada
0,kan_0807.wav,angry Wikipedia ke Eid Sampark,kannada
0,kan_0808.wav,idhar aa Sangeeta Garu Zarina Le Kanavan manaivi prarambh,kannada
0,kan_0809.wav,Ramayan Mahabharat ke Balu Priya vada granthagalu,kannada
0,kan_0810.wav,rajarathnam avaru Rachit thiruva Banduk uthai,kannada
0,kan_0811.wav,Andhra Pradesh bharatada rajyagalu vandhu,kannada
0,kan_0812.wav,nimmakaya idhar Ali mahiti,kannada
0,kan_0813.wav,idhar Sangeeta Garu badavanu lekhan ki,kannada
0,kan_0814.wav,itihaasaa template Gallu Zarina lekhan new,kannada
0,kan_0815.wav,Bhartiya Mein Raja Parichay Hindi nindalu,kannada
0,kan_0816.wav,elegalu hesarina lekhan prarambh,kannada
0,kan_0817.wav,Idi khandada wo to Aane Kala sankhya dauda Bhaga Ke viruddh,kannada
0,kan_0818.wav,Lokmanya Tilak Geeta Rahasya Vanu Kannada ke anuvad Siddhant,kannada
0,kan_0819.wav,Shiva Kannada in dinner rashtrakavi Doctor ji Shivraj,kannada
0,kan_0820.wav,Mane Kannada sadasyaru eegalu Mysore Aramane,kannada
0,kan_0821.wav,bhumiya atyant Chika Mahasagar,kannada
0,kan_0822.wav,itihasa template Gallu Pawan Ki,kannada
0,kan_0823.wav,bharatada Vidha Nagar Agali Sangeeta karykram Meda,kannada
0,kan_0824.wav,Amla Janak Abbu Anila rupada muladha 2,kannada
0,kan_0825.wav,Ramayan Ada mulakuthu Kristu Purva ashadha Manadalli,kannada
0,kan_0826.wav,Evaru poshaka Neta Ragi Kuda Hello Chitra Galli medicine,kannada
0,kan_0827.wav,Pili vidyabhyasa Madi Mele Banda Vidyarthi galu halavaru,kannada
0,kan_0828.wav,elegalu padovano Mere lekhan ki,kannada
0,kan_0829.wav,drava Amla janaka Pili nili banavanu,kannada
0,kan_0830.wav,Prajavani Mayur Patrika Galli vimarsha lake garden,kannada
0,kan_0831.wav,padarada mein le Lava Hari Om,kannada
0,kan_0832.wav,balya shikshana Gadag gokaka dharawada Galli daru,kannada
0,kan_0833.wav,Vani Avara Kadambari aadharit Chitra,kannada
0,kan_0834.wav,Italy hesarina lekhan prarambh,kannada
0,kan_0835.wav,Kannada Janapada pattedari Sahitya galu,kannada
0,kan_0836.wav,Tamma Kila Chitra Galli tave Haridwar,kannada
0,kan_0837.wav,Mahakavi Vyas Ara Sanskrit Mahabharat anuvad,kannada
0,kan_0838.wav,Ramayana dalli mukhya Patra Vahi Subah Brahma Vishnu Deva,kannada
0,kan_0839.wav,Agar avarua Dhanu Virodhi Si Kailash Ke Raja Naam a solicitor,kannada
0,kan_0840.wav,Kannada Chitrangada Maru nirdeshak arali Oberoi,kannada
0,kan_0841.wav,Aadhaar kannadadalli Anaika Taloja Chittorgarh nirdeshak Siddhant,kannada
0,kan_0842.wav,vachana Sangeeta Kshetra dalli Evaru HR geet,kannada
0,kan_0843.wav,Gudi chalu kara Kala,kannada
0,kan_0844.wav,Eid kannadadalli Nanna modala Patra,kannada
0,kan_0845.wav,Bhartiya Purana Qila Pustak Garden Bareilly,kannada
0,kan_0846.wav,Italy padovano lekhan Agali huduki,kannada
0,kan_0847.wav,but hesarina lekhana vannu Nee,kannada
0,kan_0848.wav,Hampi Vishwavidyalay Dinda Karnataka dalitha Janapada Sangeeta delete delete padaru,kannada
0,kan_0849.wav,poornachandra Tejaswi Avara vanthu kurti,kannada
0,kan_0850.wav,America Desh Sada Ragni Raja Galli Bandhu,kannada
0,kan_0851.wav,eridani mahayudh hesarina Le Kanavan manaivi prarambh,kannada
0,kan_0852.wav,Bharat ka Itihaas Delhi mukhya dakale,kannada
0,kan_0853.wav,Evaru prapancha Patrika Ja tapka sampadak,kannada
0,kan_0854.wav,Portugal hesarina lekhan prarambh,kannada
0,kan_0855.wav,Kuvempu lekhan ke varg 1 Bahu 2,kannada
0,kan_0856.wav,nataka rachane Mattu nirdeshan Kshetra Delhi,kannada
0,kan_0857.wav,Nayak Nag Vishnuvardhan Awara modala Chitra,kannada
0,kan_0858.wav,but a padarnnu lekhan Agali ki,kannada
0,kan_0859.wav,Bangladesh hesarina prarambh,kannada
0,kan_0860.wav,Evaru Shiksha ka preethiyalli sev solicitor,kannada
0,kan_0861.wav,saviraru Vidyarthi Gali ke Kannada movie chalu daru,kannada
0,kan_0862.wav,Ramaswamy Avara Kadambari aadharit Chitra,kannada
0,kan_0863.wav,Kannada Chitrangada Janapriya Sangeeta nirdeshak Peru,kannada
0,kan_0864.wav,ganitha Shastra the mail salwar lekhana Garden,kannada
0,kan_0865.wav,Portugal per divano lekhan Agali,kannada
0,kan_0866.wav,eridani mahayudh badavanu,kannada
0,kan_0867.wav,Girish Karnad avaru Chitra Delhi Abhinay thiruva 2 visheshan,kannada
0,kan_0868.wav,Bangladesh Pavana Lake Nagar,kannada
0,kan_0869.wav,isms fair Cena Adhyaksh Lagi Sahiti Chandrashekhar Patil Karya Nirahua,kannada
0,kan_0870.wav,Murthy Bengaluru akashavani kalavidara gi,kannada
0,kan_0871.wav,Portuguese padavu Portugal desabandhu Suchi Salu barasala Gupta,kannada
0,kan_0872.wav,Japan hesarina Lekha navannu new prarambh,kannada
0,kan_0873.wav,Samanya Baaghi Vishesh bharatadalli chitragalu Kidhar old Yadav,kannada
0,kan_0874.wav,Telugu krutigalu Kannada patrike Galli dharavahik prakat hue,kannada
0,kan_0875.wav,Vijay Kannada Chitrangada nirdeshak,kannada
0,kan_0876.wav,idhar Mel Veera Chakra endu Hindi mein to English Bhasha Galli,kannada
0,kan_0877.wav,Hassan ajile yawandu Taluka Kendra,kannada
0,kan_0878.wav,Sahayak Kidhar Nanna Church Delhi Delhi,kannada
0,kan_0879.wav,Latin Greek bhashegalu 10 was thanavan Bharat Sanskrit bhasha,kannada
0,kan_0880.wav,gadaga Mein To dharwada Galli Madhyamik Shikshan Patidar,kannada
0,kan_0881.wav,Japan per divano lekhan Agali,kannada
0,kan_0882.wav,edenu on a Sallu n 2,kannada
0,kan_0883.wav,America sanyukt Sansthan matthu England Desh Agali kannadigara janasankya,kannada
0,kan_0884.wav,Kannada Chitrangada nayakanahalli Rubaru,kannada
0,kan_0885.wav,Karnataka sarkara Raghu Rajyotsava puraskara,kannada
0,kan_0886.wav,Patra ke har varsh Godavari Nadi geet,kannada
0,kan_0887.wav,Shankar Abhinaya Veda modala Kannada Chitra,kannada
0,kan_0888.wav,Germany deshada Bhagya iruva Lekha Nagar,kannada
0,kan_0889.wav,Jeevan Vikas Zarina lekhan prarambh,kannada
0,kan_0890.wav,Jeevan Vikas father vannu lekhan Agali uduki,kannada
0,kan_0891.wav,not a Kadali aasakti Honda Evaru Ravi kalavidaru Vadhu natak Kasam Se Adhyaksh,kannada
0,kan_0892.wav,Kannada chalanachitra Vijay Bhagya Mahiti lekhan,kannada
0,kan_0893.wav,every gay Karnataka rajya prashasti,kannada
0,kan_0894.wav,Gadag Jilla Urdu Taluk Kendra,kannada
0,kan_0895.wav,Rao Dakshin Bharat chalanachitra nirdeshakaru,kannada
0,kan_0896.wav,jhanana hesarina lekhan prarambh,kannada
0,kan_0897.wav,Evaru Karnataka Sahitya Academy Maji sadasya,kannada
0,kan_0898.wav,Vishnuvardhan chalanachitra Delhi Abhinay Sidharth,kannada
0,kan_0899.wav,inter Kavya Kavya Kavya,kannada
0,kan_0900.wav,Janapada vannu lekhan Agali Hudugi,kannada
0,kan_0901.wav,dalit Sahitya vimarshe mein to Sangeeta Baghel Bhar daru,kannada
0,kan_0902.wav,Prahlad Serena lekhan series a bacon Do Rasta pizza,kannada
0,kan_0903.wav,Mahabharat dalli baruva mukhya Patra Galli vandhu,kannada
0,kan_0904.wav,kannadadalli snatakottar padavi,kannada
0,kan_0905.wav,karnatakada Jilla Kendra,kannada
0,kan_0906.wav,Hile karna Kannada chalanachitra Anand Bhagya,kannada
0,kan_0907.wav,Evaru Kannada Chitra rangada Hindi gayak,kannada
0,kan_0908.wav,jatre hesarina lekhan prarambh,kannada
0,kan_0909.wav,dampati Ghadi ke nalku Gandu nalko hennu makkalu,kannada
0,kan_0910.wav,Anek Raja Galli edhara viruddh Pratibha Thane,kannada
0,kan_0911.wav,nannaku alubari aagidhe,kannada
0,kan_0912.wav,Dakshina Kannada Jilla vandhu Pramukh nadi,kannada
0,kan_0913.wav,Kidhar Desh Agali Aadha code galu,kannada
0,kan_0914.wav,dayavittu yellaru tum abhi pariyawan,kannada
0,kan_0915.wav,Kannada Sahitya Ke Kahani ke apara,kannada
0,kan_0916.wav,jatre padovano lekin Agar huduki,kannada
0,kan_0917.wav,Kannada Chitra rangada Mathur rangbhumi Pramukh Nayika Neta Mathur nirdeshakaru,kannada
0,kan_0918.wav,Vardha Sahyog Aadha idhar aa Sahyog R code,kannada
0,kan_0919.wav,Eega Kari Manasu aagadu Mahatma Gandhi lekhan,kannada
0,kan_0920.wav,Tara suivant Janapriya Kadambari,kannada
0,kan_0921.wav,Sri Lanka hesarina lekhan Nu prarambh,kannada
0,kan_0922.wav,Kannada Sahitya lekhana Delhi Dasa Sahitya vibhaga idiga model,kannada
0,kan_0923.wav,Eid prapanchada bahute ka bhashan Saku,kannada
0,kan_0924.wav,Hindu Mahasagar delena 1 2 3 per rashtra,kannada
0,kan_0925.wav,angular baisya Bhartiya kavigalu hesarina lekhan prarambh,kannada
0,kan_0926.wav,Nanna lekhan Bhagya nimma abhipraya Garden,kannada
0,kan_0927.wav,pulikeshi Evaru Kannada Janapada pattedari Sahitya galu,kannada
0,kan_0928.wav,Vidya byasa dharwada mumbai-bengaluru Galli,kannada
0,kan_0929.wav,idhar Bhagya Agla Wikipedia Delhi Delhi,kannada
0,kan_0930.wav,each gay disorderly prayatna galu,kannada
0,kan_0931.wav,Kannada Chitrangada nirdeshak,kannada
0,kan_0932.wav,idhar Ali past Amartya Hua to Bahar,kannada
0,kan_0933.wav,biraler bhasma lohagalu hesarina lekhan prarambh,kannada
0,kan_0934.wav,Aarathi Kannada cinema Nati kalawade nirdeshakaru,kannada
0,kan_0935.wav,Pavitra Kshetra Gada Bhagya Lekh Nagar,kannada
0,kan_0936.wav,Eid chamarajanagara Bondhu Pramukh taluku Kendra,kannada
0,kan_0937.wav,Swatantra chaluvali maathu Kannada rangabhoomi,kannada
0,kan_0938.wav,Sri Lanka padovano lekhan Agali huduki,kannada
0,kan_0939.wav,HRD power nirdeshana Delhi Tamma echina kotedar,kannada
0,kan_0940.wav,Eid New Guinea tripada Purva dhaaga 12 Utara,kannada
0,kan_0941.wav,Samanya vagi Madhyam Agali Russia Hindu Bade suthare,kannada
0,kan_0942.wav,dinabandhu Bharat Delhi makkala dinacharane Jagi Aaja Re sala kutta,kannada
0,kan_0943.wav,Veerana bhasma lohagalu padovano lekhan Agali,kannada
0,kan_0944.wav,college in Ali Raza per karagi save a solicitor,kannada
0,kan_0945.wav,panthulu nirdeshana dalli Bandar saaku magalu Chitra,kannada
0,kan_0946.wav,sudhagad Khesari na lekhan new,kannada
0,kan_0947.wav,Yuddha Galu padovano lekhan Agali uduki,kannada
0,kan_0948.wav,Le Khanna Tumba chennagide Modi Bande,kannada
0,kan_0949.wav,mukhya Honolulu camp O Madhu Neel banadalli wale Babu,kannada
0,kan_0950.wav,aadhe samayadalli ab Galli sakis to Mahiti Uttar,kannada
0,kan_0951.wav,Agla bhashya Bhartiya kavigalu Pavana lake,kannada
0,kan_0952.wav,Ramachandra in Urdu sriramana purn Hisar,kannada
0,kan_0953.wav,Antar Jala Thana Galu hesarina lekhan new prarambh,kannada
0,kan_0954.wav,idhar ke Pramukh Vada Din aavan Se chalu idhar aa Charche,kannada
0,kan_0955.wav,nimn Aage shaadi Videsh to mahiti,kannada
0,kan_0956.wav,Shivamogga jilla taluka Kendra,kannada
0,kan_0957.wav,Pandit Kumar Gandharva Hisar Hindustani Gaya karo,kannada
0,kan_0958.wav,anantara Mumbai swalpa Samaya Kanoon vyavastha daru,kannada
0,kan_0959.wav,Ayurveda hesarina lekhan navannu Ne prarambh se bahut,kannada
0,kan_0960.wav,Andaman hesarina chalanachitra beginner Mahiti in ODI,kannada
0,kan_0961.wav,Bay Kidhar Sahitya Galu ember varg ke Hasya lekhak Karu M varg ke bahut,kannada
0,kan_0962.wav,Kannada prasidda Sangeet nirdeshak G Venkatesh,kannada
0,kan_0963.wav,edenu Bharat Rashtrapati Kalu Puraskar ramadutha,kannada
0,kan_0964.wav,Evaru Telugu Chitra nirdeshana Kuda vanthu Chitra varnan,kannada
0,kan_0965.wav,Antar Jala Tarangalu padovano lekhan Agali,kannada
0,kan_0966.wav,Masti Venkatesha Iyengar Kadambari aadharit Chitra,kannada
0,kan_0967.wav,Ayurveda Pada vannu lekhan Agali huduki,kannada
0,kan_0968.wav,Karnataka sarkara Mahiti Kila Kila Kila Samadhi daru,kannada
0,kan_0969.wav,template to yella sambandhit lekhan,kannada
0,kan_0970.wav,Wikipedia da Guna Mata chalanachitra Guna Mata,kannada
0,kan_0971.wav,Satya Harishchandra Shani prabhava bangaarada manushya ke Pramukh chitragalu,kannada
0,kan_0972.wav,hesarina Kannada chalanachitra da Bhagya mahiti,kannada
0,kan_0973.wav,Kuvempu Avara 2012 Kadambari,kannada
0,kan_0974.wav,Shiva Kannada Janakpuri lekhak ki,kannada
0,kan_0975.wav,Bharat Desh Mahan Kavi Madhu natakakara,kannada
0,kan_0976.wav,are Martin Indigo Nadi second,kannada
0,kan_0977.wav,hello Baru Tamil pattu Malayalam Chitra nirdesh,kannada
0,kan_0978.wav,Shiva Bahu Ka Legi Aunty British sarkara every ke Puraskar oven need to,kannada
0,kan_0979.wav,Har Ki Na Sampark Garden Sampark Golu Vibhag I am busy huttabeku,kannada
0,kan_0980.wav,Barwada vishwavidyanilaya Dinda kannadadalli,kannada
0,kan_0981.wav,Vijayanagara Samrajya history nale Kanavan manaivi prarambh se bahut,kannada
0,kan_0982.wav,October Gregorian Calendar varsh delena single,kannada
0,kan_0983.wav,do dalliruva hosapet illegal ATI Hathi taluku Kendra,kannada
0,kan_0984.wav,Bharat Delhi Mahatma Gandhi Jayanti aacharan,kannada
0,kan_0985.wav,Kerala Rajya ke Sher Rewa 12 Jile,kannada
0,kan_0986.wav,Neemuch thiruva Mahiti lekhan Ke Dawai to Sirsi,kannada
0,kan_0987.wav,Bhartiya Kale Karnataka Sahitya Academy,kannada
0,kan_0988.wav,Kannada Tamil Telugu Malayalam Bhasha Galli Anaika hard hard,kannada
0,kan_0989.wav,karnataka shasak Kaun gadha vyavastha Bharat some certain vyavastha Anu Anu,kannada
0,kan_0990.wav,Vijayanagara Samrajya Pada vannu lekhan Agali,kannada
0,kan_0991.wav,Hindu dharma Parampara Madhu Sahitya dalli Bahra Pramukh,kannada
0,kan_0992.wav,Kannada Chitrangada Pramukh laterally,kannada
0,kan_0993.wav,l Swamy evvaru kannadadha prasiddh Sahiti Gundappa dwara Ek Matra Putra,kannada
0,kan_0994.wav,Karnataka Kodagu Zilla really a chalegi matanaduva bhashe,kannada
0,kan_0995.wav,Ragi Bele Dakshin Bharat Dali Rasiya geet,kannada
0,kan_0996.wav,prayoga template to galu hesarina lekhan prarambh,kannada
0,kan_0997.wav,are yaar Shankar Nag ityadi Lekha Nagar Delhi,kannada
0,kan_0998.wav,Chinna the male Dadhi Mari 2,kannada
0,kan_0999.wav,Ballari jilla taluka Kendra,kannada
0,kan_1000.wav,are Darinda Tanga bhoomiyali Evaru kalavida Ragi hittu Kailasa,kannada
