,Filename,text,language
0,mal_0001.wav,Eid Nutan Duggal Parakh mallavarapu Radha Ramana,malyalam
0,mal_0002.wav,Kollam and navakal Vivek Shiksha Una only Lathi gum karyangal unda,malyalam
0,mal_0003.wav,Gyan ki lekhanam English Vakil tarjuma,malyalam
0,mal_0004.wav,P School Anna vidyabyasa 57 angle,malyalam
0,mal_0005.wav,Aadha idhar October model December,malyalam
0,mal_0006.wav,aandhiyon kya suriyani orthodox Sabha khiri,malyalam
0,mal_0007.wav,Sunil ji Paranthe wale Haryana Rinku Vedam reference Poland,malyalam
0,mal_0008.wav,Aadhya Guru Adhyaksh Sachin Kanya,malyalam
0,mal_0009.wav,kalikotta Enna Oru IP,malyalam
0,mal_0010.wav,Malayalam Wikipedia Ud audyogik ka Niyam kanungo,malyalam
0,mal_0011.wav,Hawa aur trics paulastya Sabha and yogya suriyani orthodox Sabha,malyalam
0,mal_0012.wav,cheray enale nilavil kannigal,malyalam
0,mal_0013.wav,March model Juma Aate Islami singhada akhilendia president,malyalam
0,mal_0014.wav,itaram Oru samvadam evideyum ka naam,malyalam
0,mal_0015.wav,Anand Murali party Mathur School,malyalam
0,mal_0016.wav,Chennai Chaddi Arya padane Suvarna Orange in AP,malyalam
0,mal_0017.wav,delavar Shivam April mathathil Puram nadakkunnu,malyalam
0,mal_0018.wav,poll rubber code Krishi cheyyunnu,malyalam
0,mal_0019.wav,masatana lingle Aditya Banda,malyalam
0,mal_0020.wav,Fida K7 Aasan Madhav Mani Amma,malyalam
0,mal_0021.wav,Kottayam Jilla kirukkan malayoram Ek Lele Pradhan Patna,malyalam
0,mal_0022.wav,katholika Sabha pragaram Aditya Maar papa,malyalam
0,mal_0023.wav,lekhan English Pardeep,malyalam
0,mal_0024.wav,Eid India Aditya I,malyalam
0,mal_0025.wav,Anu Malik Malayalam wiki sontham chithrangal matrame padulu in,malyalam
0,mal_0026.wav,user page redirect chahie Sath Kila,malyalam
0,mal_0027.wav,Kerala Bhasha Institute Thiruvananthapuram Kerala,malyalam
0,mal_0028.wav,Gyan ka number old model,malyalam
0,mal_0029.wav,Uda keralathinte thalasthanam Thiruvananthapuram,malyalam
0,mal_0030.wav,Ithu Pol Oru samvidhanam Namak Malayalam Wiki le mundakan pattumo,malyalam
0,mal_0031.wav,vyakti my karanangal hilaade Aaye M Block chahie innovaccer,malyalam
0,mal_0032.wav,opole engineer Ullah vivaram any ki vendor,malyalam
0,mal_0033.wav,Adina where aatham undenkil parayu Marshal,malyalam
0,mal_0034.wav,American ayia Na Dukh padinjaran Sansthan Anil Ninna kirukkan Africa,malyalam
0,mal_0035.wav,England manasalle parayathe vayya,malyalam
0,mal_0036.wav,Kerala Palakkad Jile Le Oru Vinod Sanjay Kendra manam Malampuzha,malyalam
0,mal_0037.wav,lekhana Garuda pradhanyam anusar chithrangal Mangalam Aavin innarunnu,malyalam
0,mal_0038.wav,any ke Angana Tony n Alla kato,malyalam
0,mal_0039.wav,adiseshan wala Padukone Wikipedia,malyalam
0,mal_0040.wav,angulam Sujata in Malayalam Google type,malyalam
0,mal_0041.wav,Deva Vishwas Eagle ayirunnu Canada,malyalam
0,mal_0042.wav,ganitha Shastra Sambandham eetharam lekhan and prediction,malyalam
0,mal_0043.wav,vivaadham under the grantham prasiddh Richa shesham Allah,malyalam
0,mal_0044.wav,abe Kurien Kollam nanartha null,malyalam
0,mal_0045.wav,Kannur Jilla mattannur gramathu Adhyaksh,malyalam
0,mal_0046.wav,log Clayton at jansankhya Ullah Nagaram Bombay Aana,malyalam
0,mal_0047.wav,Eid Yakub Sab Bhag Mana orthodox Sabha,malyalam
0,mal_0048.wav,Oru IP tunnel editor,malyalam
0,mal_0049.wav,cooling water in a Canal in the Vivek Shiksha,malyalam
0,mal_0050.wav,pattanathil Adhyaksh,malyalam
0,mal_0051.wav,mettupalayam Tum Hi prashnam Kunda,malyalam
0,mal_0052.wav,adrenal tan Mugal Ling reference I ko dukaan Patla,malyalam
0,mal_0053.wav,aadinaal Awaaz Agam Nigam chahie,malyalam
0,mal_0054.wav,other Adhikari ka sahit Anand film Adil thettukal unda,malyalam
0,mal_0055.wav,Wikipedia Bengali organ tunggal ending with sahayam aavashyamundu,malyalam
0,mal_0056.wav,Wayanad Enna prayogam aadyamai Kannada,malyalam
0,mal_0057.wav,indiayude suvarnakala Ghatam in Magadh Neela ninnakalum Arya padunnu,malyalam
0,mal_0058.wav,in India kuttikalkku swarnam aushadham Nalgonda,malyalam
0,mal_0059.wav,Kerala karshaka thozhilali kshemanidhi board Thrissur,malyalam
0,mal_0060.wav,Dayanand audyogik ka naam Mangal sweets Richa Aditya papa,malyalam
0,mal_0061.wav,Gulf Malayali iruthaya lekhan angle karna,malyalam
0,mal_0062.wav,number Tamil Swagat Charcha karyakal vendor,malyalam
0,mal_0063.wav,Jennie Kim Aditya Tonu pakshi,malyalam
0,mal_0064.wav,sogariya mpolaye Atul kundgol vivarangal chair ka niyantran,malyalam
0,mal_0065.wav,Kerala Malappuram Jilla Orissa Gramam thirunnavaya,malyalam
0,mal_0066.wav,a Gaura suriyani Sabha Sabha,malyalam
0,mal_0067.wav,Kerala kadagam Jama Aate Islami Kerala,malyalam
0,mal_0068.wav,Sivan youth pradhana Prathishta,malyalam
0,mal_0069.wav,other aidan gillen bot cheythal Pol,malyalam
0,mal_0070.wav,Vicky aur Yatra Sahi Allah,malyalam
0,mal_0071.wav,people Thiruvananthapuram,malyalam
0,mal_0072.wav,ya Kanmani Unna Shramik Suno ko,malyalam
0,mal_0073.wav,hidden the male karyakal samvadam avashya Mila,malyalam
0,mal_0074.wav,Hindustan enough Rupam Kunda nadi,malyalam
0,mal_0075.wav,Avan Aval other over and over and over,malyalam
0,mal_0076.wav,Kerala Palakkad Jilla Hile original Gramin,malyalam
0,mal_0077.wav,Kollam anava Canal in the name Vivek camp,malyalam
0,mal_0078.wav,upavasam kannathal kandappol upavasam nanarthagalu srishtichu in ullu,malyalam
0,mal_0079.wav,mattannur sankarankutty and Nana Madhyam,malyalam
0,mal_0080.wav,ilake purogamana Kala Sahitya Sangam in 1962,malyalam
0,mal_0081.wav,aandhiyon kya Surya Ne Aurat Lok Sabha free,malyalam
0,mal_0082.wav,other available Manasula Cougar ennada Wiki,malyalam
0,mal_0083.wav,French Arabi in Viviana Udyog Nagar,malyalam
0,mal_0084.wav,Lekha Nu Mai Banda pata samvadam prastut lekhan samvadam mathram,malyalam
0,mal_0085.wav,unnathan Nee Varum pothu naan madhavam,malyalam
0,mal_0086.wav,Maha Vishnu Vardhan Prathishta,malyalam
0,mal_0087.wav,Aadi nauvin De Vicky Patti uruwa 2 part 2,malyalam
0,mal_0088.wav,atom aduthulla vimanathavalam Thiruvananthapuram Anda Rashtra Viman Balam,malyalam
0,mal_0089.wav,Wikipedia 15 organ tunggal sahayam avasyamundu alkalam vendor,malyalam
0,mal_0090.wav,how the gum innava Canal in the name Vivek,malyalam
0,mal_0091.wav,other edit page script I under lo,malyalam
0,mal_0092.wav,enel Pol Oruvan mathangal 12,malyalam
0,mal_0093.wav,Gandhiji Anna vyakti Hai Pati bimar Sanam Anna Bhagam Aditya vision Thane,malyalam
0,mal_0094.wav,Bible Aana Evaru vishudha grantham,malyalam
0,mal_0095.wav,hi pattegar Nikam chahie and avashya Mila,malyalam
0,mal_0096.wav,Kasargod Jile Le Oru malayoram gram,malyalam
0,mal_0097.wav,idhar Ek Kshetra Mataram pratyek,malyalam
0,mal_0098.wav,yah software upyogita PDF,malyalam
0,mal_0099.wav,aap Aaram aur Sandhya lekhan Atul Naino Ne kam Sidhu,malyalam
0,mal_0100.wav,Coolie navakal Vivek Shiksha Hona only Lathi gum karyangal unda,malyalam
0,mal_0101.wav,Tamil Nirvana padam Kuthu padam,malyalam
0,mal_0102.wav,Karnan Malayalam aksharamala in parayunnathu Malayalam swarangal,malyalam
0,mal_0103.wav,Yakub Sabha in prayogam Sadharan suriyani orthodox Sabha,malyalam
0,mal_0104.wav,keralathil adyamayi English bhasha pathivada,malyalam
0,mal_0105.wav,abe Kurien Cooli Nan Arthangal,malyalam
0,mal_0106.wav,Eid Malayalam Vicky Uday Udyog ka Niyam chair ka naam,malyalam
0,mal_0107.wav,alekhan samvadam Taal Madhi,malyalam
0,mal_0108.wav,Krishnan Nair and navakal Vivek she kya hona unnil athigam karyangal,malyalam
0,mal_0109.wav,we were killed by Yogam Arthur,malyalam
0,mal_0110.wav,Jaynagar adhigam Hindu Christian Vibhag angle padunnu,malyalam
0,mal_0111.wav,Adina avalum film ko dukaan Pattam,malyalam
0,mal_0112.wav,Roman Samrajya Dil Naal paarthu ki Samara Hyundai,malyalam
0,mal_0113.wav,Mika Indian fast bhuthi Gum and Nana,malyalam
0,mal_0114.wav,eataly ningol ka bhavishya upakaranangal kittum,malyalam
0,mal_0115.wav,any matter where Seth room,malyalam
0,mal_0116.wav,Uttara Til Peru kata on Kannur Jilla,malyalam
0,mal_0117.wav,Kerala cartoon Academy vice chairman,malyalam
0,mal_0118.wav,Praveen Mathur Dayal other Kora per Mela,malyalam
0,mal_0119.wav,Shiva Dhar Olympic mother parivarthanam Chale 2,malyalam
0,mal_0120.wav,appal karavadam Malayalam vah Jungle upyogi cooker,malyalam
0,mal_0121.wav,Mathura American College Adhyaksh Adhyaksh Thande Udyog jeevitham Aarambh,malyalam
0,mal_0122.wav,Indian samsthanam Tamil Nadu Kanyakumari,malyalam
0,mal_0123.wav,Barshi Dam aduthulla Pradhan August,malyalam
0,mal_0124.wav,Hindi album me photo everyday upyogi Kan Patila,malyalam
0,mal_0125.wav,lekhanam English Wikipedia,malyalam
0,mal_0126.wav,Europe Pradhan Pata Vinod Sanjay kendrangal owner,malyalam
0,mal_0127.wav,patiga INI Oru sab ki tric,malyalam
0,mal_0128.wav,Oru Sampoorna kudumba channel ennariyappedunna Jeevan TV,malyalam
0,mal_0129.wav,Inna prashastha Mein Kala Sanskar Kendra Manavi madam,malyalam
0,mal_0130.wav,udaharan Dena aur Yakub kam Malayalam Wiki,malyalam
0,mal_0131.wav,Madhavaram pakshavatham aidan gillen pratyek madathu padal Mataram karyangal pakshavatham,malyalam
0,mal_0132.wav,Krishnan Nair nanartha angle kannathal kanuga,malyalam
0,mal_0133.wav,iniyum Oru Ling Thara kuthaunda,malyalam
0,mal_0134.wav,ethel forestier orthodox Sabha in Marathi,malyalam
0,mal_0135.wav,Akshay Adina Aur pratyay Ka Tala karte hue Chitra in Marathi in,malyalam
0,mal_0136.wav,Tangle Wikipedia lekhanangal nilavil Lava,malyalam
0,mal_0137.wav,kodada Upar Nana Sa Munda ko game avam,malyalam
0,mal_0138.wav,challenge nilavil Oru lekhanam under lo,malyalam
0,mal_0139.wav,aadyamayi Eid share come in,malyalam
0,mal_0140.wav,samvadam Taluka samvad angle editor,malyalam
0,mal_0141.wav,Airtel wali Nagar ithuthan ne,malyalam
0,mal_0142.wav,Nagaram India sambathika thalasthanam khudiyana,malyalam
0,mal_0143.wav,Wikipedia Lekh Nangal Pariyojna Naal Re deal type chahiye,malyalam
0,mal_0144.wav,Kanni navakal Vivek Shiksha Anna unnil adhigam karyangal,malyalam
0,mal_0145.wav,English wikipedia Tamil Telugu Kannada Marathi page perum Nalla Adi,malyalam
0,mal_0146.wav,Savdhan PDF computer Logon Shradha nivedan today,malyalam
0,mal_0147.wav,e Lekha Naam Kozhikode in 1962,malyalam
0,mal_0148.wav,yedukondalu Thane Mumbai Vada Jivan Nila Varum poluthu nagarangalil on Nana,malyalam
0,mal_0149.wav,aadhe Ham English Malayalam Tamil samskritam any Bhasha Praveen mamidi,malyalam
0,mal_0150.wav,aidan gillen upyogita wind nokou,malyalam
0,mal_0151.wav,abe Kurian kannai naan ethinal,malyalam
0,mal_0152.wav,even in Foster City,malyalam
0,mal_0153.wav,Wiki Ltd to Google Kandu pidichathu Oru divasam Ora postictal Modi,malyalam
0,mal_0154.wav,Karnan Wiki original adhipatya samvidhanam Allah,malyalam
0,mal_0155.wav,Anjaneya ceiling enik kittunnilla kato,malyalam
0,mal_0156.wav,Oru Chithram Kudi Cherthala wala Re Nanna Re,malyalam
0,mal_0157.wav,safid pradan Kendra Pol India,malyalam
0,mal_0158.wav,Kannada lipi upyogita nayi bhasha,malyalam
0,mal_0159.wav,edena PDF file under Kan Patna Pradhan Pata software,malyalam
0,mal_0160.wav,kannimasam Kanni and Malayalam masam,malyalam
0,mal_0161.wav,Kozhikode Nagaram ilake 962,malyalam
0,mal_0162.wav,avhelna Mukha Jana Gana Mana Adhi,malyalam
0,mal_0163.wav,Aadil Ninna anda udaharan,malyalam
0,mal_0164.wav,Munna mat Aakraman Hotel Malabar rajakanya thiruvithamkoor rule,malyalam
0,mal_0165.wav,Malayalam type,malyalam
0,mal_0166.wav,pin a Tangle Kanch uthana aadharam Jano ki,malyalam
0,mal_0167.wav,abe Kurian keralathile pakshikal nanartham Naal,malyalam
0,mal_0168.wav,riddle where to nilkunna da Onam Mataram,malyalam
0,mal_0169.wav,Kerala Sahitya Academy Award nediya Kriti,malyalam
0,mal_0170.wav,reference ok English Vicky London,malyalam
0,mal_0171.wav,crystal mother Vishwas Eagle Christian Eagle in Kerala,malyalam
0,mal_0172.wav,Bharat Indus vanthum Satyam Anaconda uddeshy kinnar,malyalam
0,mal_0173.wav,vadakkan paravoor general Janam Kundali,malyalam
0,mal_0174.wav,ella prashnegalu hivade samvad,malyalam
0,mal_0175.wav,Tara Dil Na Dariya Dhanya Dhanya,malyalam
0,mal_0176.wav,idhar Tangled sontham pay Jana,malyalam
0,mal_0177.wav,English vi Khel ithal under general,malyalam
0,mal_0178.wav,swantham ennu parayan vithyasam Mataram,malyalam
0,mal_0179.wav,Thalassery brennen college Malayalam Sahitya master virutham need,malyalam
0,mal_0180.wav,feveral Panipat Vibhag angle,malyalam
0,mal_0181.wav,killer Wikipedia Bengali organ tunggal kar avasyamundu,malyalam
0,mal_0182.wav,Mel per another Niyam sanskardham Kodaikanal,malyalam
0,mal_0183.wav,daivam Nammal Tanya Enna En Aanandham viswasam,malyalam
0,mal_0184.wav,inadina ask Sadharan nirangal upyogi,malyalam
0,mal_0185.wav,vividha bishangarh,malyalam
0,mal_0186.wav,orthodox suriyani Sabha Today Urdu Vibhag,malyalam
0,mal_0187.wav,Kerala Thulasi thalangal Enna Puthu Ulagam unda ki,malyalam
0,mal_0188.wav,8 Pudhu mukham Enna Varum Pengal padam,malyalam
0,mal_0189.wav,Kavita vyakti Kavi n vilikkunna,malyalam
0,mal_0190.wav,Kerala Kannur Jilla Orissa Patnam mattannur,malyalam
0,mal_0191.wav,In The samvadam Protector Chaudhari,malyalam
0,mal_0192.wav,Kozhikode Jile Le random Baliya Pattanam Aana,malyalam
0,mal_0193.wav,hi wale atom Pradhanmantri Wayanad Jilla,malyalam
0,mal_0194.wav,idhar Vicky ki vendi lekhanam Allah,malyalam
0,mal_0195.wav,party any peralam hi vibhagam Silai Dangal Arya padam,malyalam
0,mal_0196.wav,cricket logo ka bhavishya Haryana Mangal cricket logo,malyalam
0,mal_0197.wav,Pudiya hatheli per Le bhi kunware Mataram,malyalam
0,mal_0198.wav,navakal Vivek 51 adhigam karangal undu,malyalam
0,mal_0199.wav,Sindhu Nadi samskaram Neela ninnakalum Aradhana chethunu pathigam sthalangal,malyalam
0,mal_0200.wav,Wikipedia Bengali organ tunggal ka ending with I am avasyamundu Nani,malyalam
0,mal_0201.wav,e Samaya Tana Tan De Sahitya jeevitham Radhe Ham Aam Wiki,malyalam
0,mal_0202.wav,idhar Malabar British Pradhan se nikal Kendra Mai Mari,malyalam
0,mal_0203.wav,lekin Bhasha Anna Bhagam makke Varun pruthi,malyalam
0,mal_0204.wav,taylorville Eknath Shinde samvadam,malyalam
0,mal_0205.wav,cluster langol bharanakoodam nerathu Krishi nadathi,malyalam
0,mal_0206.wav,Kshetra ke Pradhan Pratishtha Vishnu Aana,malyalam
0,mal_0207.wav,oxigen wallet allowable gelati lekhan,malyalam
0,mal_0208.wav,nanartha angle Enna peril Oru Ulagam Neverland,malyalam
0,mal_0209.wav,adinda Malayalam pair on chair to another Mataram Bhartiya Vidyashram,malyalam
0,mal_0210.wav,Anjaneya pattikonda and ganam,malyalam
0,mal_0211.wav,shizu paranjatha lugal Malayalam Illa another Sheraton,malyalam
0,mal_0212.wav,Gyan Swayam varacha chithrangal Tanya,malyalam
0,mal_0213.wav,Chade kar New England Chitrangada category,malyalam
0,mal_0214.wav,keralathile pakshikal in navakal Vivek Shiksha adhigam ka,malyalam
0,mal_0215.wav,Dangal Ananda Sambad till Pol Lekin samvadam,malyalam
0,mal_0216.wav,Sams Karigar Sangathan Sambhav Nagar,malyalam
0,mal_0217.wav,prabanjathil atom kuruvilla oxygen,malyalam
0,mal_0218.wav,Ek shetratil Pratishtha Krishnan Aana,malyalam
0,mal_0219.wav,report Kerala Sahitya Academy president,malyalam
0,mal_0220.wav,n vibhagam Bhavishya Mila in Urdu,malyalam
0,mal_0221.wav,Nikam chahie Rudra in nana and abhipraya,malyalam
0,mal_0222.wav,Saint George Fort in iron repair,malyalam
0,mal_0223.wav,Kanata aksharangal niravadhi Telugu girl under Suchi pic,malyalam
0,mal_0224.wav,Akbar and navakal Vivek Shiksha adhigam Ka Anda,malyalam
0,mal_0225.wav,abe Kursi Kshetra mnana Tangle,malyalam
0,mal_0226.wav,Kollam Jile Le O Re Chiraiya Gramin,malyalam
0,mal_0227.wav,Agni Varun football ennil American football Anna Nagar,malyalam
0,mal_0228.wav,idhar Arabi bhasha pratyek,malyalam
0,mal_0229.wav,Mughal Samrajya tinder Bhagam Hyderabad Swatantra Prabhat,malyalam
0,mal_0230.wav,paristhithi prashnangal,malyalam
0,mal_0231.wav,Chade galiya Talab Katta Mati Salim Ali anarchy,malyalam
0,mal_0232.wav,Puri Mein Laga energy and pay Jugal karna padam,malyalam
0,mal_0233.wav,Kerala Sahitya Academy Kendra Sahitya akadami Puraskar angle,malyalam
0,mal_0234.wav,malayalathil Mori software girl upyog,malyalam
0,mal_0235.wav,swadesham keralathinte samskarika thalasthanam Thrissur,malyalam
0,mal_0236.wav,chetram and navakal Vivek kya hona unnil adhigam ka in Mulund,malyalam
0,mal_0237.wav,Idukki Jilla today Bhagya Maiya O Re Chiraiya Patna Mona Mona,malyalam
0,mal_0238.wav,Akram Telugu girl Tula Agam Nigam,malyalam
0,mal_0239.wav,Jhandu lekin Mangalam Grand i10,malyalam
0,mal_0240.wav,Malayalam Wikipedia malayalathil Mataram sugar,malyalam
0,mal_0241.wav,Assam Rajat India Dharti Ganga Aana,malyalam
0,mal_0242.wav,GVK power madam Anna Nagar,malyalam
0,mal_0243.wav,Adil makke aur Chat Pe Jo Kal Aana,malyalam
0,mal_0244.wav,Raja the atom value Nagar,malyalam
0,mal_0245.wav,abe Kuchh Aryan Akhbar naan ethinal,malyalam
0,mal_0246.wav,eataly samvadam device rathiga,malyalam
0,mal_0247.wav,Adobe Cherry Kudi parrot,malyalam
0,mal_0248.wav,random at item coronavirus Ulala Ulala vidhanam,malyalam
0,mal_0249.wav,Vakil sthalangal find the angle,malyalam
0,mal_0250.wav,any Kaya Padi thodanga kalpalayam Allah,malyalam
0,mal_0251.wav,chetram Meena vakkinal Vivek Shiksha,malyalam
0,mal_0252.wav,Khuda De mat dharalam vidyabyasa 57 angle Shiva diamond,malyalam
0,mal_0253.wav,Kshetra Mein pradan Pratishtha Shri Ram enkilum Kshetra Hanuman shetram in Anand,malyalam
0,mal_0254.wav,Delhi Sansthan and moon Maithili girl on New Delhi,malyalam
0,mal_0255.wav,abe sambar in upyog,malyalam
0,mal_0256.wav,Tangle upyogi ki Nagar fond Anand,malyalam
0,mal_0257.wav,English Faisal viruddh Anand virutham Ne dete unda,malyalam
0,mal_0258.wav,idhar Chalakudy today Tirth,malyalam
0,mal_0259.wav,Karnan poulton English Vikalp login shared service ticket Patel,malyalam
0,mal_0260.wav,old Innova Canal Vivek Shika,malyalam
0,mal_0261.wav,evideyum Tangled sambhavangal error prediction,malyalam
0,mal_0262.wav,podhu Aaye vivarangal everyday Nikhil karna,malyalam
0,mal_0263.wav,keralathile Oru Jilla thalasthanam Kottayam Nagaram,malyalam
0,mal_0264.wav,additional end Jatti end Joli end,malyalam
0,mal_0265.wav,Karnan adhyam Ustad Aana,malyalam
0,mal_0266.wav,Sansthan ke Jhanda mat Baliya Patna Mana Mysore,malyalam
0,mal_0267.wav,abe Kuchh Aryan moolam naan ethinal,malyalam
0,mal_0268.wav,illatha Oru Kaalam En rathiriyil matam,malyalam
0,mal_0269.wav,Muvattupuzha Kerala,malyalam
0,mal_0270.wav,thiruvithamkoor Raja Thanda Bhagam Bhag,malyalam
0,mal_0271.wav,e Lekha Naam Hai Re Mai lipik 962,malyalam
0,mal_0272.wav,hello Varsham February March college Nallakunta,malyalam
0,mal_0273.wav,yadhartha Naman Allah English Vakil,malyalam
0,mal_0274.wav,Ek shetratil Pratishtha Maha Vishnu Aana,malyalam
0,mal_0275.wav,Eid al-adha Vendum endru Chacha Shiva natak,malyalam
0,mal_0276.wav,Aditya kal Hindu chithrangal Matrimony vidhanam,malyalam
0,mal_0277.wav,Gyan alekhan Annam Karya Mein Chale,malyalam
0,mal_0278.wav,old Innova kal Vivek Shiksha hona adhigam karyangal unda,malyalam
0,mal_0279.wav,English Vicky Le Niyam wala,malyalam
0,mal_0280.wav,Simi idhar Palakkad jillella arudam on,malyalam
0,mal_0281.wav,edakkunnu Mel paraayaa kar number,malyalam
0,mal_0282.wav,lekhanam Nalla Oru manushyan on,malyalam
0,mal_0283.wav,Mysore Anna bacchanal Vivek camp,malyalam
0,mal_0284.wav,Ileana Pratinidhi,malyalam
0,mal_0285.wav,Suriyan and Nakshatram in Vishay Haryana mingle Suriyan kannathal kanuda,malyalam
0,mal_0286.wav,Kottayam Anna bacchanal in Hindi,malyalam
0,mal_0287.wav,Vicky number Lalita lunda ki Koyal mathramalle upyogita,malyalam
0,mal_0288.wav,Wikipedia Lekar lekin angle upyogi Ki Vande Mataram upload chahie,malyalam
0,mal_0289.wav,Kozhikode Chehra Samrajya,malyalam
0,mal_0290.wav,even the neelam a Ganesan Puri metre karna,malyalam
0,mal_0291.wav,hi Vibhag clay Pradhan lekhan vratam,malyalam
0,mal_0292.wav,Vivek Gurjar old narthangai in Kannada,malyalam
0,mal_0293.wav,Mohammad Quran Mohammad in adhyay,malyalam
0,mal_0294.wav,moolam navakal Vivek Shiksha unnil adhigam ka Ring Road Honda,malyalam
0,mal_0295.wav,Pratishtha in navakal Vivek kya hona adhigam Karya Launde,malyalam
0,mal_0296.wav,pattambalam Nutan Dil thiruthangur Parichay Raja,malyalam
0,mal_0297.wav,Syrian Malabar Christian girl Saint Thomas christian suriyani christian Eagle Pala Peru Shiva Arya padam,malyalam
0,mal_0298.wav,Honey Goli Kyon Nalla Chitram Thane,malyalam
0,mal_0299.wav,Ek Kariya till end alien nirdeshan Siddhant,malyalam
0,mal_0300.wav,Mysore Karnataka Sansthan Athira Pattanam,malyalam
0,mal_0301.wav,in the nayi parivadi manasilayilla,malyalam
0,mal_0302.wav,Pata Mahesh Shastriya Sangeetham Abhishek chutkula,malyalam
0,mal_0303.wav,our everyday Oru Kota Pani do,malyalam
0,mal_0304.wav,Ek collector Kozhikode samudri Raja ke,malyalam
0,mal_0305.wav,State Bank of India Aravali Shakha Fort Road Mulund,malyalam
0,mal_0306.wav,Tangle vivarthanam cheyyunna padangal ullangal,malyalam
0,mal_0307.wav,Vivek Gurjar Prathista nanartha angle,malyalam
0,mal_0308.wav,Victor anusharan in French,malyalam
0,mal_0309.wav,vratham anava Canal in the Vivek Shiksha,malyalam
0,mal_0310.wav,Nagrik Le atom process kamaya Vinod sanjara kendrangal owner,malyalam
0,mal_0311.wav,gyan Hindi Bengali any bhasha,malyalam
0,mal_0312.wav,namuk editor chahie Nokia cheyyanam Sadiq,malyalam
0,mal_0313.wav,Eid Gonda Nalla Yogam unda,malyalam
0,mal_0314.wav,11 prathirodham,malyalam
0,mal_0315.wav,Kannur Kotta Kotta Arya padam,malyalam
0,mal_0316.wav,Pol party Sansthan Samadhi Hungama,malyalam
0,mal_0317.wav,Eid ul koduthalum girls magilal,malyalam
0,mal_0318.wav,Perumal Samiti Nallur Thane,malyalam
0,mal_0319.wav,Karnataka Sansthan in Mysore in Urdu,malyalam
0,mal_0320.wav,awasana Walker hydro power nambudiri,malyalam
0,mal_0321.wav,are Nayak kannapiran upyog,malyalam
0,mal_0322.wav,Kartika Naal Mudhal 8 devasam Nada,malyalam
0,mal_0323.wav,Si Bhasha swadheenam computer Bhasha girl,malyalam
0,mal_0324.wav,voted pathagam in Rio supporting and Shraddha,malyalam
0,mal_0325.wav,other Bayan Aurat Lok Sabha Enna lake kuthaunda,malyalam
0,mal_0326.wav,keralathil Idukki Jile aur Gramin,malyalam
0,mal_0327.wav,Ada chumku 12 upyogi ke padhne,malyalam
0,mal_0328.wav,in Tamil manam ninaithal HD,malyalam
0,mal_0329.wav,Marathi navakal vruksh kya hona unnil adhigam ka in Mulund,malyalam
0,mal_0330.wav,Nilgiri Jile Krishi muthathil thirakum,malyalam
0,mal_0331.wav,Adil in Noida thalagam Martin,malyalam
0,mal_0332.wav,Nayar Innova in other Kerala pair Aana,malyalam
0,mal_0333.wav,Kottayam Jilla Gramam nedungunam,malyalam
0,mal_0334.wav,criminal Poorna Roopam pravachan,malyalam
0,mal_0335.wav,Malabar Pradesh angle Mappila upyog karna,malyalam
0,mal_0336.wav,Salem Jilla asthanam Salem Nagaram,malyalam
0,mal_0337.wav,Aadha idhar Anil Kundal Kundal Kundal,malyalam
0,mal_0338.wav,Baki ok moonbow paranjathu Tanya,malyalam
0,mal_0339.wav,POC Bible on,malyalam
0,mal_0340.wav,Aadha Bole Mangalam Nadi Mangalam Nadi Anushree,malyalam
0,mal_0341.wav,engane Oru Varthai sollada,malyalam
0,mal_0342.wav,Abhay Gurjar Sunnat nanartha angle in Kannada,malyalam
0,mal_0343.wav,chiller Pradesh angle Mataram kuruthikalam,malyalam
0,mal_0344.wav,Devan Enna Oru Nilavu dhundho,malyalam
0,mal_0345.wav,yakobaya Anna prayogam Sadharan suriyani orthodox Sabha village varuna Pairon,malyalam
0,mal_0346.wav,enel Simi owners,malyalam
0,mal_0347.wav,in the English Wikipedia Tal everyday labman,malyalam
0,mal_0348.wav,pakshi Apurva Prasanna Munda,malyalam
0,mal_0349.wav,Madhu ab nature chalachitram Aana Hrudayam Kurukshetra,malyalam
0,mal_0350.wav,Siju Naan Enna marantha poluthum,malyalam
0,mal_0351.wav,Sunnat e navakal vruksh kya hona only adhigam Kareena Londa,malyalam
0,mal_0352.wav,abe Kuchh Aryan Muslim nanartham girl,malyalam
0,mal_0353.wav,Vivek Gurjar Marathi naan ethinal,malyalam
0,mal_0354.wav,football Kali river Island,malyalam
0,mal_0355.wav,Bhoomi Mele atom kurti Silai karna padhne Loha Marna,malyalam
0,mal_0356.wav,adhiseshan Tangle ka chitran upload se,malyalam
0,mal_0357.wav,iniyum Oru Naal Lake Pradeep chicken,malyalam
0,mal_0358.wav,Rajasthan the Sanskar ka Kendra Mana Pradesh,malyalam
0,mal_0359.wav,Oru pothu eperana Samanya Naam,malyalam
0,mal_0360.wav,Surya Ne annava Canal Vivek Shika,malyalam
0,mal_0361.wav,keralathinte mukhyamantri ke,malyalam
0,mal_0362.wav,licence aagam Eppadi irukku,malyalam
0,mal_0363.wav,Puthiya lekhanam tarangan lekhan Tiranga n Ling ki comedy,malyalam
0,mal_0364.wav,where I am Erica Avadh Hrithik antonela,malyalam
0,mal_0365.wav,idhar pura Dena karlamunda Hyundai no,malyalam
0,mal_0366.wav,Chitra karyathil Orissa,malyalam
0,mal_0367.wav,Jumma Muslim enavakal Vivek kya hona Anil adhigam Karya Nalgonda,malyalam
0,mal_0368.wav,aadinaal Malayalam Wiki pratyagaman chithrangal upload chahie and ambition,malyalam
0,mal_0369.wav,evening arm pet,malyalam
0,mal_0370.wav,hey Tumkur Loha Marna arumbu,malyalam
0,mal_0371.wav,ennil mathramalla uddesham,malyalam
0,mal_0372.wav,Marathi Innova Canal Vivek Shika,malyalam
0,mal_0373.wav,Priya Subrat Tangled nalkiya Marwadi Shraddha,malyalam
0,mal_0374.wav,lekhanangal iniyum Nanna can't Shramik jaseem,malyalam
0,mal_0375.wav,abe Kurian Neram nanartha null,malyalam
0,mal_0376.wav,Apple wala adhigam chithrangal coronavirus virus Mumbai,malyalam
0,mal_0377.wav,Humne Nokia Floran kulkul adhigam sanyukt angle kondagaon,malyalam
0,mal_0378.wav,madhukunda Calicut to Marthandam n Anand abhipray,malyalam
0,mal_0379.wav,codedfilm Arabi na Mangal upyog Srinagar,malyalam
0,mal_0380.wav,Vardan Lok Ashram Thane,malyalam
0,mal_0381.wav,daivathinte Amma Enna Nee padalu artham,malyalam
0,mal_0382.wav,idhar Chiloda,malyalam
0,mal_0383.wav,Kerala Sangeetha Chakravarthy n Arya padam,malyalam
0,mal_0384.wav,yah Vakya Tirupati Adnan thalparyam,malyalam
0,mal_0385.wav,hidden Puram Kota puraskarangal,malyalam
0,mal_0386.wav,Hip Hop Kerala klamath kudi,malyalam
0,mal_0387.wav,ividuthe Pradhan utsavam Onam Aana,malyalam
0,mal_0388.wav,Helium flash in a prime no,malyalam
0,mal_0389.wav,pakshi ilake Naam Malayalam Vicky kalvanin kadhali padam,malyalam
0,mal_0390.wav,Churake Qatil internet upload,malyalam
0,mal_0391.wav,niyamangal siriano in some shame,malyalam
0,mal_0392.wav,could the lime sums crudum iron upyog,malyalam
0,mal_0393.wav,boat Google Wiki editor Google nadathunna program Aana,malyalam
0,mal_0394.wav,Aadha Ghanta aadami kam Chale,malyalam
0,mal_0395.wav,Madhyam madeenayile police thavichu,malyalam
0,mal_0396.wav,Adhu Idhu Oru Nalla Nikam Thane,malyalam
0,mal_0397.wav,idhar ke Angana ki garam Saiya chacha avashya,malyalam
0,mal_0398.wav,Panda Vada Manasa reinventing Panda and 3rd ki,malyalam
0,mal_0399.wav,Pratiyogita aur abhi Prime hi nahin mila,malyalam
0,mal_0400.wav,inter ka samvad amtali Sandesh,malyalam
0,mal_0401.wav,Sathi Anna vakkinal in Hindi,malyalam
0,mal_0402.wav,Uda Upar Upar Kavita any Taluka,malyalam
0,mal_0403.wav,Eid Indian orthodox abhayam malankara suriyani orthodox abhayam upyogi Kannu,malyalam
0,mal_0404.wav,prabanjathil ethum kodwell kanapada mulakum hydrogen,malyalam
0,mal_0405.wav,had dinner liquor bottle vector Mayur Niyam avashya Mana,malyalam
0,mal_0406.wav,play ju Deva Sharif reference code,malyalam
0,mal_0407.wav,budhan Anna bacchanal Tarapur in Hindi Vivek camp,malyalam
0,mal_0408.wav,Thrissur and Naal Pattanam Aana number uddeshika,malyalam
0,mal_0409.wav,Chitram upload chahie iniyum Sath Kim,malyalam
0,mal_0410.wav,idhar chandranil Kannan pattu in Pol some CM,malyalam
0,mal_0411.wav,Telugu chair Valiya prashnam kananilla,malyalam
0,mal_0412.wav,any pravarthanam,malyalam
0,mal_0413.wav,idhar and Anand Kudi Nanna,malyalam
0,mal_0414.wav,Vasudevan Nair Malayalam novel,malyalam
0,mal_0415.wav,Neram Enna vakkil Divyanshi kya hona only adhigam karangal undu,malyalam
0,mal_0416.wav,Malayalam movie upyogi kyon,malyalam
0,mal_0417.wav,ingane Oru lekhanam vendor in nana abhi Prime,malyalam
0,mal_0418.wav,ividuthe pradhana Krishi rubber,malyalam
0,mal_0419.wav,Swami irikkunna Jo Botal Aana Pratima Nirmal,malyalam
0,mal_0420.wav,lekin Blu-ray my Le pic 962,malyalam
0,mal_0421.wav,Akshay itrams visheshangal Vishal meri dil Varnam,malyalam
0,mal_0422.wav,Anna Kendrick Aadil reference,malyalam
0,mal_0423.wav,take a India ATM pressure system Aaya Ganpati banana,malyalam
0,mal_0424.wav,Wiki chitrangal upload same,malyalam
0,mal_0425.wav,yah Dil aur Karana Gyan Param,malyalam
0,mal_0426.wav,tanglewood RD pareekshanam wala Vijayanagaram,malyalam
0,mal_0427.wav,Hindi vyavsay Ka Tala sthanam Enna peralam,malyalam
0,mal_0428.wav,they had in the Chilla pustak cherukunnu,malyalam
0,mal_0429.wav,yah lekhan Bible enale Kanu my live cricket,malyalam
0,mal_0430.wav,I need a padam lingchi Dal Madhi,malyalam
0,mal_0431.wav,Ente kayyil onnum Illa ponnum Illa,malyalam
0,mal_0432.wav,Niyam anava Canal in Hindi name,malyalam
0,mal_0433.wav,Mohammed Peer Mohammed in Peer,malyalam
0,mal_0434.wav,are you Nalgonda Sama Dangal Wiki avasyamundu,malyalam
0,mal_0435.wav,Chitra sanyojan,malyalam
0,mal_0436.wav,add Gonda Naal varshatil Oracle February Masa Til Oru divasam athigam cherukunnu,malyalam
0,mal_0437.wav,Simi Eid Mangalam Dam Aana,malyalam
0,mal_0438.wav,koduthal vivarangal Lethal,malyalam
0,mal_0439.wav,lekhan Islam in 162,malyalam
0,mal_0440.wav,John Nehru tunnel Gaya Mantri Sabha nilavil 1,malyalam
0,mal_0441.wav,atom editor Patnam Kozhikode Patna Mana,malyalam
0,mal_0442.wav,Gyan Kurukshetra Malayalam kavithakal,malyalam
0,mal_0443.wav,cotton avadhi communist urali medical,malyalam
0,mal_0444.wav,Pravin innallu paripadi,malyalam
0,mal_0445.wav,Vivek Gurjar Madhu Nana,malyalam
0,mal_0446.wav,punnagail sathyavedapusthakam in Palayam ullangal Bible,malyalam
0,mal_0447.wav,Adina Uttam udaharan Malayalam Wiki,malyalam
0,mal_0448.wav,any care koduthal Adhinayak,malyalam
0,mal_0449.wav,see me everyday at the game changer,malyalam
0,mal_0450.wav,ending eluthukkal Kaun Dal De,malyalam
0,mal_0451.wav,logit irumba Kari Naal koothu Loha Mana aluminium,malyalam
0,mal_0452.wav,Tangled Wikipedia Lekar window Swagatham chahie,malyalam
0,mal_0453.wav,Sanskrit Sahitya till viruddh Anand virutham Ne deta adhyam,malyalam
0,mal_0454.wav,Ernakulam Jile Le,malyalam
0,mal_0455.wav,Vicky lagnatil Mukunda vimarsh Nangal other Mori Mata,malyalam
0,mal_0456.wav,Kottayam Jile Le Pradhan Patnam vaikkom,malyalam
0,mal_0457.wav,Murali and repair Lana Sadharan Arya padam,malyalam
0,mal_0458.wav,aavedan ki Pudiya,malyalam
0,mal_0459.wav,Mathura Tamil Nadu Oru melliya pattanama,malyalam
0,mal_0460.wav,kodal vivarangal even in lab cube,malyalam
0,mal_0461.wav,Mandalam anava canal,malyalam
0,mal_0462.wav,in the Aalu Malayalam Wiki Nalla Oru Ganam kudi,malyalam
0,mal_0463.wav,Akshay aadhunik in autumn Arya Villa,malyalam
0,mal_0464.wav,hello tum kaun,malyalam
0,mal_0465.wav,adinda samvaddata cherukunnam envisaged,malyalam
0,mal_0466.wav,Bharatpur Tirth Pattanam,malyalam
0,mal_0467.wav,Amrit a file name yevade upyogita,malyalam
0,mal_0468.wav,hatem aduthulla railway station Palakkad to Thrissur,malyalam
0,mal_0469.wav,vishudhayam enana Eva kandathum,malyalam
0,mal_0470.wav,Pudhiya maatrangal sothuga mattullavarude pravarthanangal manasilakkan Sathi,malyalam
0,mal_0471.wav,dangle Wikipedia Mega 7 Ramana nalco Nagar,malyalam
0,mal_0472.wav,Bengali Innova Canal Vivek camp,malyalam
0,mal_0473.wav,keralathile pradhana Vinod sanjara Malampuzha anicut,malyalam
0,mal_0474.wav,other Congress Hai kam in,malyalam
0,mal_0475.wav,anumandal anwar-ul-uloom communist Shakti Kendra Mana,malyalam
0,mal_0476.wav,Hill ko lekin thiruthalangal Honda,malyalam
0,mal_0477.wav,Allah Hu Allah naat in Arabic padam daivam,malyalam
0,mal_0478.wav,pakshi is in Onam paribhasha chitran,malyalam
0,mal_0479.wav,mahashay Tangle Bhartiya mathangal swathu,malyalam
0,mal_0480.wav,Pudhiya samvadam coding and every click,malyalam
0,mal_0481.wav,Daya bhai aap vivarangal Patna chair cooker,malyalam
0,mal_0482.wav,Euro play Tilak Bhaag Malayalam Christian Orissa CM cup,malyalam
0,mal_0483.wav,Malayalam Vicky karyathil,malyalam
0,mal_0484.wav,download Shradha prastuti,malyalam
0,mal_0485.wav,everyday Ullah Palangal,malyalam
0,mal_0486.wav,alpura Jile Pattanam Chengannur,malyalam
0,mal_0487.wav,Karya Vicky udana udana,malyalam
0,mal_0488.wav,Bangali Ahmedabad ka vruksh kya hona Anil adhigam Karya Nalgonda,malyalam
0,mal_0489.wav,pin a padam Shiju eduthu,malyalam
0,mal_0490.wav,idhar Oru Vinu the Sun Jara Gana Mana,malyalam
0,mal_0491.wav,Malayalam enale can protect,malyalam
0,mal_0492.wav,Eid Adha chithrangal,malyalam
0,mal_0493.wav,Kottayam asthanam Archi patran pravartak,malyalam
0,mal_0494.wav,Radhe Pravin enikkum Angana tone,malyalam
0,mal_0495.wav,ithilum Evide poruno in,malyalam
0,mal_0496.wav,world wide web internet wariana Namak Liberty another angle paraayaa,malyalam
0,mal_0497.wav,Akshay Wikipedia sambandhit alarm study,malyalam
0,mal_0498.wav,lekin Apna atay visham vendor chithrangal Mataram Vitthal Vitthal Modi and Nana end of April,malyalam
0,mal_0499.wav,Mathur navakal Vivek Shaquille o'neal adhigam ka ring,malyalam
0,mal_0500.wav,Quranic Alam Konda Bharana parishkara rangle shradh ke Pattu,malyalam
0,mal_0501.wav,Vivek Gurjar Mangalam naan ethinal kanuda,malyalam
0,mal_0502.wav,Vakil lekhanam manasila come,malyalam
0,mal_0503.wav,appal French ucharanam,malyalam
0,mal_0504.wav,where Namakkal Gyan under ke page delete chyavana Rana,malyalam
0,mal_0505.wav,Eid template,malyalam
0,mal_0506.wav,Huawei Kurian Bangali nanartha null,malyalam
0,mal_0507.wav,Teri Man Se Pare Matram Kandu,malyalam
0,mal_0508.wav,ling ullangal tirtouga,malyalam
0,mal_0509.wav,dayabhai samvadam Taal kanuda,malyalam
0,mal_0510.wav,Kerala Kottayam Jilla Y kam Aana Nadu,malyalam
0,mal_0511.wav,Thiruvananthapuram Jilla Oru gram Velli,malyalam
0,mal_0512.wav,Gyan Chilla udaharan mangalpara new in Urdu,malyalam
0,mal_0513.wav,pin a lekhan vivarangal chakarnagar lekhan I'm all mathramalla,malyalam
0,mal_0514.wav,pin a idhar a alava kam karna Sada kam,malyalam
0,mal_0515.wav,abe Uday Kendra tabla Tara Dum Dum,malyalam
0,mal_0516.wav,logit le8 Neelam Kudiyan Adi Nile,malyalam
0,mal_0517.wav,Delhi Anathalaya tanglewood thiruthal sirathu ka,malyalam
0,mal_0518.wav,Pradhan kannigal,malyalam
0,mal_0519.wav,Varsham torem nadakkunna Nehru Trophy vallamkali prasiddh Amman,malyalam
0,mal_0520.wav,i l rajyangal my Chehra Raja kammar Yuddham Sharanam,malyalam
0,mal_0521.wav,syromalabar katholika Sabha Talab,malyalam
0,mal_0522.wav,Vera Mari navakal Vivek Shiksha Una only adhigam karyangal Kunda,malyalam
0,mal_0523.wav,Pudhu mukham page sahayam Kandu,malyalam
0,mal_0524.wav,English Wikipedia italco DY Cuba,malyalam
0,mal_0525.wav,vallathol Nagar NR railway station namakaranam chedda Nagar,malyalam
0,mal_0526.wav,abe Kurian deshabhimani nanartha angle kanuda,malyalam
0,mal_0527.wav,Mangalam and navakal Vivek only adhigam Kareena lunda,malyalam
0,mal_0528.wav,Puthiya niyamam undagum,malyalam
0,mal_0529.wav,Jaan aap peyjal Koi Noor Ki,malyalam
0,mal_0530.wav,Oru Puthiya prashnam Gyan under Cantt Agra Tundla,malyalam
0,mal_0531.wav,angulam enikku Oru cheriya Shyam Shyam Kund,malyalam
0,mal_0532.wav,sadhayam star picture add pallikkal Ravana,malyalam
0,mal_0533.wav,Aadu my bandhapetta Oru PDF file undayirunnu,malyalam
0,mal_0534.wav,avart Niyam chitran Namak matam,malyalam
0,mal_0535.wav,Kannada Mexico in America IL rajyangal,malyalam
0,mal_0536.wav,Dakshina Europe Le aur yah Jamana Italy,malyalam
0,mal_0537.wav,Periyar taragam n dinner Bhagat,malyalam
0,mal_0538.wav,lagnatil everyday Telugu,malyalam
0,mal_0539.wav,Vivek Gurjar ke Meena Dangal,malyalam
0,mal_0540.wav,aadima kraistava Sabha Mata Mata,malyalam
0,mal_0541.wav,Vivek Gurjar viral Mor Nana,malyalam
0,mal_0542.wav,jaan ethanal and abhiprayam Rekha padati Tunda,malyalam
0,mal_0543.wav,Lakshya Sukhi Stri Dada Tum serial,malyalam
0,mal_0544.wav,Radhe Payal pramanam nilavil,malyalam
0,mal_0545.wav,18 Vayasu Illa uddeshy,malyalam
0,mal_0546.wav,deshabhimani in navakal vruksh kya hona 19 adhigam karyangal,malyalam
0,mal_0547.wav,pin Eid Madhyam Vitthal Angan Sunder situ,malyalam
0,mal_0548.wav,Pol Palakkad to Baliya Jila n Anandi,malyalam
0,mal_0549.wav,Balia Balia padam chakka,malyalam
0,mal_0550.wav,e Lekha Naam Ni kam chahie thalparyam,malyalam
0,mal_0551.wav,Malayalam Wikipedia in peril Jungle login,malyalam
0,mal_0552.wav,Amma Ennum Ente daivam Ente daivam,malyalam
0,mal_0553.wav,Kidhar penida Euro film Praja Ram Reddy,malyalam
0,mal_0554.wav,other end Gonda chedu University karna Mana Eid,malyalam
0,mal_0555.wav,block Vaanam enthan abhipraya,malyalam
0,mal_0556.wav,Jile urf Pradhan Vinod Sanjay August 22 Salem,malyalam
0,mal_0557.wav,aadinaal Eid Walia prashnam Allah,malyalam
0,mal_0558.wav,deshabhimani in Hindi name,malyalam
0,mal_0559.wav,Chemmeen and navakal vipaksh 51 unnil adhigam karyangal unda,malyalam
0,mal_0560.wav,adenium Idukki Jilla iron-on keralathile ettavum Valiya Jilla,malyalam
0,mal_0561.wav,ilakanam arianne lekhan my live Vigyan Subah sacche,malyalam
0,mal_0562.wav,owner and pair Kudi admin jivanu angle Nanna,malyalam
0,mal_0563.wav,cheria aur udaharan M Tare kurukunnu,malyalam
0,mal_0564.wav,varshatil rand pravesam ulsavam,malyalam
0,mal_0565.wav,cal Kaalam Oru bureaucrat Modi and Nana end of Abraham,malyalam
0,mal_0566.wav,ke dhakkan Pakistan Hindustan product,malyalam
0,mal_0567.wav,end a killer in Anand,malyalam
0,mal_0568.wav,e tablet Gyan Chalakudy Angamaly any page upayogichu,malyalam
0,mal_0569.wav,Bhagavathi Pradesh Pradhan Devi Aana,malyalam
0,mal_0570.wav,Wikipedia Dangal Dangal Dangal Om Vithala sahayam avasyamundu Malayalam type in Narela,malyalam
0,mal_0571.wav,English Sahitya till master birudev Ne Di,malyalam
0,mal_0572.wav,aadinaal Tanya Chitra Taal Tirupati vivarangal Chitra,malyalam
0,mal_0573.wav,shivanya magana Iyyappan Anna viswasam,malyalam
0,mal_0574.wav,shakthan thampuran the collector Chalakudy Vikas pravarthanangal kodalu,malyalam
0,mal_0575.wav,vishudha grandham crystal madam IL 162,malyalam
0,mal_0576.wav,Ye lekhnath Chengannur Taluk Le grammangal Pandalam Enna Raagam paadava ki,malyalam
0,mal_0577.wav,onion nerut alaporan,malyalam
0,mal_0578.wav,chandranil antariksham Illa in parayanam,malyalam
0,mal_0579.wav,what program untangle Nanna irakkam,malyalam
0,mal_0580.wav,delete cheytha Bhagal cherukunnu,malyalam
0,mal_0581.wav,end Oru aagraham paranu in Mataram,malyalam
0,mal_0582.wav,Alla Nammal conduct and prayojanam,malyalam
0,mal_0583.wav,Andhera abhipray samvadam peyjal Rag Prati Tunda,malyalam
0,mal_0584.wav,manushya Chandrani poet shesham Aana idhar na Mari,malyalam
0,mal_0585.wav,Bible paribhasha on Kerala katholika Sabha upayogikkunna,malyalam
0,mal_0586.wav,Eid ul tirumanam dukaan patla,malyalam
0,mal_0587.wav,abe Khurja Aryan vellum naan ethinal kanuda,malyalam
0,mal_0588.wav,Kurukshetra vivaram chair ka naam,malyalam
0,mal_0589.wav,Mangala tamashe jivanu covid-19 nerathil Rekha paduthundi,malyalam
0,mal_0590.wav,Radhe Wikipedia bengali gaan Tangle kar ending with sahayam avashyamundu killer,malyalam
0,mal_0591.wav,Mumbai Government Law College near Pratibha Mehdi,malyalam
0,mal_0592.wav,andhe abhi Prem paranu in the Mataram,malyalam
0,mal_0593.wav,Aadil Sujana Enna artham kunthirikkam,malyalam
0,mal_0594.wav,chiller abhipray angle,malyalam
0,mal_0595.wav,other Emporium today,malyalam
0,mal_0596.wav,mahashay samvadam,malyalam
0,mal_0597.wav,abe Kurien Paravur nanartha angle in Kannada,malyalam
0,mal_0598.wav,Pudhiya camera,malyalam
0,mal_0599.wav,killer Wikipedia bengali gaan Tangle kar ending with sahayam avasyamundu people avashya Mila,malyalam
0,mal_0600.wav,Oru samskarika kendram Mana Gramam,malyalam
0,mal_0601.wav,mitula abhipray angle dhundo,malyalam
0,mal_0602.wav,Manon Chitram sanvidhan anuchchhed,malyalam
0,mal_0603.wav,Arabi navakal lyrics only Lathi gum karyangal,malyalam
0,mal_0604.wav,Ayodhya divasam lekhanam Prasiddhi ka samay,malyalam
0,mal_0605.wav,Enna enda Konda saamp bichhu in per yoga,malyalam
0,mal_0606.wav,pakshi Yaadein peril Oru redirect page nilavil,malyalam
0,mal_0607.wav,Adina Manchitra per ramawati chithrangal illatha chitran chair,malyalam
0,mal_0608.wav,edakkunnu check user nadapadi people in end,malyalam
0,mal_0609.wav,Kerala karshika sarvakalasala,malyalam
0,mal_0610.wav,evident why do the Oberoi Bangalore,malyalam
0,mal_0611.wav,logit Le Nilam Kudiyan Adigal on Nana,malyalam
0,mal_0612.wav,fooddel vivarangal Varum Bolt chair come,malyalam
0,mal_0613.wav,other end sem Mata Ramana,malyalam
0,mal_0614.wav,Wikipedia bengali gaan Alka vithula sahayam aavashyamundu aavashyamundu,malyalam
0,mal_0615.wav,Aata Dil vivarangal chair Oru aamukham Kunda Kunda,malyalam
0,mal_0616.wav,Jaan idhar Kore Kalam,malyalam
0,mal_0617.wav,abe Kuchh Aryan vimaanam naan ethinal kanuga,malyalam
0,mal_0618.wav,angulam avarude peyargal Kodi nirdeshak you know,malyalam
0,mal_0619.wav,Ernakulam Jilla prachina Nagaram Paravur,malyalam
0,mal_0620.wav,Abhay Kurian Arabi na narthangai in Kannada,malyalam
0,mal_0621.wav,Mala mughal court system,malyalam
0,mal_0622.wav,udaharan Itna Koriya in search,malyalam
0,mal_0623.wav,Adil Nana Mugal paraamarsh angle 1,malyalam
0,mal_0624.wav,ningalude Triangle parayu in,malyalam
0,mal_0625.wav,Velli anava kal Vivek Shaquille o'neal adhigam Karya Nalgonda,malyalam
0,mal_0626.wav,ilangai thairiyam I Puthiya lekhan thodangum,malyalam
0,mal_0627.wav,Tangled manasil enthanu En Manasula,malyalam
0,mal_0628.wav,Abhishek Thakur enik onnum ariyilla,malyalam
0,mal_0629.wav,Enge Nee Oru Thalai Kavasam pratyek Illa,malyalam
0,mal_0630.wav,merath upyog Chinnu other Emporium Sath you know,malyalam
0,mal_0631.wav,lekin Khud vivarangal avasyamundu,malyalam
0,mal_0632.wav,Varsham Anna bar Canal in the river camp,malyalam
0,mal_0633.wav,Wikipedia bengali gaan Dangal film with avasyamundu Aalam Illa,malyalam
0,mal_0634.wav,Uttarakhand Virk and Tania Tangled Varun enana chodiyam,malyalam
0,mal_0635.wav,Anjaam vyavastha ka kam in Urdu,malyalam
0,mal_0636.wav,pin a middle Kerala Buddha Charitra where namangal para,malyalam
0,mal_0637.wav,people page in the neelam vallikudil Aana,malyalam
0,mal_0638.wav,Eid number Padmavathi parasyam kodukkanam,malyalam
0,mal_0639.wav,any ke offer price ward interior angle ethereum Martin,malyalam
0,mal_0640.wav,yaar Pol India desiya padaga Enna Oru lekhan Kunda ki,malyalam
0,mal_0641.wav,kottathil Eid Kothe Chad white sugar,malyalam
0,mal_0642.wav,Berhampur in navakal vipaksh kya hona only Lathi gum Karya Nalgonda,malyalam
0,mal_0643.wav,killer Wikipedia Bengali organ tunggal kar with avasyamundu Aalam Illa Nandi,malyalam
0,mal_0644.wav,Jyotish Shastra lekhanangal ka gyan upyog Charanon,malyalam
0,mal_0645.wav,George Bush kennewick Canal camp,malyalam
0,mal_0646.wav,abe kurcha Riyan Vishnu naan ethinal,malyalam
0,mal_0647.wav,Apollo enthan Amma Chef Wiki fandom,malyalam
0,mal_0648.wav,rathanthal Kanni Koduku gathan,malyalam
0,mal_0649.wav,Vinay Anda kya all-ireland abhipray parayunnu,malyalam
0,mal_0650.wav,prashnam in Mulund,malyalam
0,mal_0651.wav,Angad Ne konsa yoga another Saathiya Mela,malyalam
0,mal_0652.wav,vimaanam in navakal Vivek kya hona kam Karya,malyalam
0,mal_0653.wav,check user password in Dhanya theatre,malyalam
0,mal_0654.wav,Wikipedia Bengali organ tunggal erangi vanthu Le avasyamundu Aalam Illa,malyalam
0,mal_0655.wav,IL 1 semi protector chair Agra,malyalam
0,mal_0656.wav,Mohammed Ali India charithram Onnam Ragam,malyalam
0,mal_0657.wav,George Bush and navakal vruksh kya hona Anil adhigam Karya,malyalam
0,mal_0658.wav,Aadil Dayanand children National virtue in ullu,malyalam
0,mal_0659.wav,Wikipedia log Indu nadakuthu in Kannada,malyalam
0,mal_0660.wav,Amway Khurja Aryan veli nanartha null in Kannada,malyalam
0,mal_0661.wav,single kuruppam pillar in,malyalam
0,mal_0662.wav,mahashay and Kitty,malyalam
0,mal_0663.wav,Palayam Vicky Vittu pogum,malyalam
0,mal_0664.wav,any catered to Patti ellavarum in nordic semiconductor,malyalam
0,mal_0665.wav,English Vikalp Pradhan Kunda,malyalam
0,mal_0666.wav,nail ilake Mai Subah,malyalam
0,mal_0667.wav,abe Khurja area George Bush nanartha angle in Kannada,malyalam
0,mal_0668.wav,Eden the product Dhara Alam Charcha new,malyalam
0,mal_0669.wav,avashya Mangal Mapla Malayalam in relay ghanan kudi,malyalam
0,mal_0670.wav,Mahan Aaya Shogun Eid hagama irunnu,malyalam
0,mal_0671.wav,middle finale Purna rashtriy niyantran company,malyalam
0,mal_0672.wav,Nagaram pin need New Delhi in Arya Pattu,malyalam
0,mal_0673.wav,Thevar vyakaranam ennal enthanu nokkuka,malyalam
0,mal_0674.wav,ennil siriano in samasya Munda,malyalam
0,mal_0675.wav,sanskari Karenge mahatva Sambhav Nagar Angamaly,malyalam
0,mal_0676.wav,han material with gyanakosh Atal Adarsh area,malyalam
0,mal_0677.wav,Malayalam Vicky valarunnu,malyalam
0,mal_0678.wav,karanam amoruthali bi Latin,malyalam
0,mal_0679.wav,power needed na Chilla prashnangal Mughal list,malyalam
0,mal_0680.wav,idhar Adhe Hatna prashasti vedikuthu,malyalam
0,mal_0681.wav,weather Palampur in the pareekshanam avam,malyalam
0,mal_0682.wav,other ok Tanya Yakub Sabha upyog in peyargal,malyalam
0,mal_0683.wav,kodgal vivarangal Icha kanuda,malyalam
0,mal_0684.wav,desi award Naal thavana Le Picchu,malyalam
0,mal_0685.wav,aap Aaram arsham lekhan Mataram,malyalam
0,mal_0686.wav,abe Kurian Viola nanartha angle in Kannada,malyalam
0,mal_0687.wav,vayalar Alappuzha Jilla Gramam,malyalam
0,mal_0688.wav,Vishnu navakal bhivashi kya hona unnil adhigam Kareena lunda,malyalam
0,mal_0689.wav,adhigam Padalgal Ullas Tala Mana Angamaly,malyalam
0,mal_0690.wav,e tender peril Oru tharakam Agra,malyalam
0,mal_0691.wav,Nalla Neram,malyalam
0,mal_0692.wav,Malayalam Wiki ulladakkam Malayalam Onam,malyalam
0,mal_0693.wav,edakkunnu Wikipedia Simmi Sambhav Nagar Nalgonda,malyalam
0,mal_0694.wav,college Malayalam Adhyapak Jewellers,malyalam
0,mal_0695.wav,Pala Naal Kariya Veendum Oru Puthiya Bhagam Kudi Cherthu,malyalam
0,mal_0696.wav,Quran audio,malyalam
0,mal_0697.wav,Dangal Pariyojna aashim Tanya any Kim,malyalam
0,mal_0698.wav,Idhu Enna Oru pariharam Tamil pattu,malyalam
0,mal_0699.wav,idhar suj pic user block left,malyalam
0,mal_0700.wav,number Aditya Birla,malyalam
0,mal_0701.wav,Kozhikode aduthulla Balam,malyalam
0,mal_0702.wav,hualien navakal Vivek kya hona aur nilathai kam Karana launda,malyalam
0,mal_0703.wav,Puthiya vivarangal share ellavarkkum nanni,malyalam
0,mal_0704.wav,lekhnath in English padangal chair Kannada serial,malyalam
0,mal_0705.wav,han De Bhole Nangal karna prashnangal ok third list chahie vah,malyalam
0,mal_0706.wav,Karnan Malayalam still upayogikkunna padam,malyalam
0,mal_0707.wav,in the personal ok list chahie,malyalam
0,mal_0708.wav,Kochi Anda Rashtra women Balam aduthulla Viman Balam,malyalam
0,mal_0709.wav,Adoor Kasaragod Kerala Kasaragod Jilla Pattanam,malyalam
0,mal_0710.wav,ETA for fashion girl in my life,malyalam
0,mal_0711.wav,abe Kurien prathirodham nanartha null,malyalam
0,mal_0712.wav,idhar upyogi Chilla aur udaharan m ka naam,malyalam
0,mal_0713.wav,Abhinandan angle Nakshatra Jignesh,malyalam
0,mal_0714.wav,ilakanam and Anand Ekta Malala annadana vishayam,malyalam
0,mal_0715.wav,Gyan ki Pariyojna Pati Gale Nalla Malayalam vakkukal eppeltone a n a,malyalam
0,mal_0716.wav,Viola kennewick in Hindi Vivek Shikar,malyalam
0,mal_0717.wav,any meghalay Pravin Niyam Ne De,malyalam
0,mal_0718.wav,ennil Varuvaya Madhuban Charitra Namak labya Mela,malyalam
0,mal_0719.wav,Samvida M parambariyam any walkable upyogi cam,malyalam
0,mal_0720.wav,Hawa poulton Nee Nanna pravartak ki,malyalam
0,mal_0721.wav,fever aane gum vishisht gana,malyalam
0,mal_0722.wav,Viola ke navakal Vivek Shiksha Adhikari Kareena lunda,malyalam
0,mal_0723.wav,Madhyamam Arya padhne Oru Kavi aayirunnu,malyalam
0,mal_0724.wav,aadinaal Teri Mati upload chahie hoga,malyalam
0,mal_0725.wav,Kadhal Oru Vari polum eridan lekhan thoda OLX Ramesh Kannan la,malyalam
0,mal_0726.wav,Pookkal charodham manjan Kunda,malyalam
0,mal_0727.wav,13 Mai sambhavangal Guna upbhokta Kallu day,malyalam
0,mal_0728.wav,pinni dula version Kerala Britishers vadinamma varuthu,malyalam
0,mal_0729.wav,Prasad Agar Prasiddhi Varsham ine kodukkanam,malyalam
0,mal_0730.wav,Gujarati ennava Canal in the river camp,malyalam
0,mal_0731.wav,English bhi Khel ethers Hrithik yoga,malyalam
0,mal_0732.wav,birthday Ham Hawa pagal thirudan turangi,malyalam
0,mal_0733.wav,prathirodham in navakal Vivek Shiksha Anna unnil athigam Karya,malyalam
0,mal_0734.wav,are bhai Gurjar Ian Gujarati nanartham,malyalam
0,mal_0735.wav,if poem if they come in today I don't know,malyalam
0,mal_0736.wav,any import code girl vishuddhi Ganam avashya Mila in,malyalam
0,mal_0737.wav,Maharashtra Karnataka in Viviana Hill Sansthan,malyalam
0,mal_0738.wav,upavasam in abaki Naal Tara Pariyojna in the name Vivek shikdum,malyalam
0,mal_0739.wav,Syed Kudumbam Enna Payal Eid Arya padam,malyalam
0,mal_0740.wav,Menon Aana people editor,malyalam
0,mal_0741.wav,aap Pranam Ammi Uda kilkothur,malyalam
0,mal_0742.wav,Kerala Bhasha Institute Thiruvananthapuram,malyalam
0,mal_0743.wav,Islamic calendar 1962,malyalam
0,mal_0744.wav,onion Koreo ke Tirupati,malyalam
0,mal_0745.wav,aatham uchcharan in koduthal Modi,malyalam
0,mal_0746.wav,English vikal nadakkunna karyam yelam Arivu innum Enna theriyala,malyalam
0,mal_0747.wav,Gujarati Ahmedabad ka vruksh kya banaa unnil adhigam Kareena,malyalam
0,mal_0748.wav,Lakshya English Vikalp,malyalam
0,mal_0749.wav,other covid-19 Wyndham chodene chahiye Pattu,malyalam
0,mal_0750.wav,Vivek Gurjar upavasam nanartha angle in Kannada,malyalam
0,mal_0751.wav,pratyay ki ichcha Tangle ka Tangled thiruthalangal Karim,malyalam
0,mal_0752.wav,Angamaly Rekha girl Enna pustakatil vachakam,malyalam
0,mal_0753.wav,coaching in Dhanya club Arya,malyalam
0,mal_0754.wav,Adil click redirect undakunna,malyalam
0,mal_0755.wav,yedukondala janangaluku shakthan thampuran in village,malyalam
0,mal_0756.wav,Gyan Pratiyogita abhiprayam Pariyojna la,malyalam
0,mal_0757.wav,ki paribhasha De Naal I today,malyalam
0,mal_0758.wav,devaswam Haryana Sarkar Ne return,malyalam
0,mal_0759.wav,ulloor and navakal vruksh kya hona unnil adhigam karyangal,malyalam
0,mal_0760.wav,upavasam and navakal vipakshi kya hona only Lathi gum Karya Nalgonda,malyalam
0,mal_0761.wav,abe Kuchh Aryan ulloor nanartha angle in Kannada,malyalam
0,mal_0762.wav,Shiva Graham Pinni shetratil sthapit,malyalam
0,mal_0763.wav,Jacob barnett 99,malyalam
0,mal_0764.wav,Indore in the computer and O Re Pola,malyalam
0,mal_0765.wav,aur lekin vandalism Allah,malyalam
0,mal_0766.wav,Jagathy Thiruvananthapuram Jilla Pradesh I'm,malyalam
0,mal_0767.wav,college in Rewa,malyalam
0,mal_0768.wav,Jaan Malayalam Wiki Uday pothu Nee paranju in Malappuram,malyalam
0,mal_0769.wav,ullangal other matam,malyalam
0,mal_0770.wav,ulloor anava Kenal Hindi Vivek shikam,malyalam
0,mal_0771.wav,Periyar University Kurukshetra Haryana Nangal Periyar nanartha angle,malyalam
0,mal_0772.wav,Kerala sarvakalasala thiruvithamkoor sarvakalasala Madras sarvakalasala in Hungama,malyalam
0,mal_0773.wav,Bharatiya ganitha Shastra sambandhit le ganangal,malyalam
0,mal_0774.wav,han upyogita Bhind English Wiki thiruthalangal ka naam,malyalam
0,mal_0775.wav,Samsung Kundan Gale end samvadam page edit Z,malyalam
0,mal_0776.wav,Karnataka Sangeetha film Hindustani Sangeet Pravin name,malyalam
0,mal_0777.wav,Chalak Khud ki Khud Teri Kyon Na template to nokou,malyalam
0,mal_0778.wav,annakshetra angle En idhayathil Tanya Nirmal,malyalam
0,mal_0779.wav,Kshetra Navratri ulsavam pressure starman,malyalam
0,mal_0780.wav,abhineta yalda dindewadi ki Bittu,malyalam
0,mal_0781.wav,Oru karyam parayamo,malyalam
0,mal_0782.wav,Akshay adalla Vicky Kaushal,malyalam
0,mal_0783.wav,Itna I will area upakaranangal Onam avashya Mila,malyalam
0,mal_0784.wav,Ruba In navakal vruksh kya hona unnil athigam karangal undu,malyalam
0,mal_0785.wav,abe Kurian rubana narthangai in Kannada,malyalam
0,mal_0786.wav,namuka ko tar tilson Guni anulekhan nerathu,malyalam
0,mal_0787.wav,hi Pradesh Oru Puja gramathu avastha ka naam,malyalam
0,mal_0788.wav,Wikipedia pravarthanangal wala Nani,malyalam
0,mal_0789.wav,malayalathil Hindi Islamic prostonum in Palayam,malyalam
0,mal_0790.wav,rubber and navakal Vivek Shiksha Anna unnil athigam karangal undu,malyalam
0,mal_0791.wav,Akshay minute avsthi wale Eid poornamayum Sathyam Alla,malyalam
0,mal_0792.wav,Bhoomi Mele Oru maasam our Oru divasam IGNOU,malyalam
0,mal_0793.wav,e desha Nanna Nanna Vikram,malyalam
0,mal_0794.wav,Chandi navakal Vivek Shiksha Una only Lathi gum Karya Nalgonda,malyalam
0,mal_0795.wav,Gyan Aadil chiller thiruthalangal Varthai in Mataram,malyalam
0,mal_0796.wav,our ko Munh hona loma coronavirus,malyalam
0,mal_0797.wav,Adam Aarti Kerala,malyalam
0,mal_0798.wav,English and navakal Vivek Shiksha Hona only Lathi gum,malyalam
0,mal_0799.wav,George Kutty in Wikipedia Saathiya Mala,malyalam
0,mal_0800.wav,abe Kurien English nanartha angle in Kannada,malyalam
0,mal_0801.wav,England Malayalam Mahan in vendor in Anandapuram,malyalam
0,mal_0802.wav,arey kal pragaram adisankaran periyarin thiratha Khiladi anagram,malyalam
0,mal_0803.wav,abe Kurian rubber nanartha angle in Kannada,malyalam
0,mal_0804.wav,Eid Mubarak Tiranga thirangal ka naam,malyalam
0,mal_0805.wav,English Wiki Malayalam Wiki Lekar ceiling ko dikhaunga,malyalam
0,mal_0806.wav,English annava Canal Vivek camp,malyalam
0,mal_0807.wav,Nal Mulakat in Mataram,malyalam
0,mal_0808.wav,Kundan Google copy paste,malyalam
0,mal_0809.wav,Roman katolika madam Pradhan madam,malyalam
0,mal_0810.wav,even a character dravyam in vilikkunnu,malyalam
0,mal_0811.wav,Hindi padna Muslim per legal owner Noida,malyalam
0,mal_0812.wav,Vivek Gurjar Ja Dinanath engal kanuda,malyalam
0,mal_0813.wav,Govindan Nair,malyalam
0,mal_0814.wav,Govindan Nair aanayi Pathri kondana,malyalam
0,mal_0815.wav,kam siyad sarvakalasala Fatehpur Taki,malyalam
0,mal_0816.wav,ennil Enna Enna vala adikum coronavirus,malyalam
0,mal_0817.wav,angle Vicky Le upyogita Madiya Boom,malyalam
0,mal_0818.wav,Jadi anava Ki Nal ka Vivah,malyalam
0,mal_0819.wav,dongle login chahie chahie na edit Google Onam tanglewood apparel,malyalam
0,mal_0820.wav,Kaveri Nadi Dakshina Bharat 8mm Walia nadigalile owner,malyalam
0,mal_0821.wav,other coloured wood English lagnatil Kandu,malyalam
0,mal_0822.wav,jigidi in navakal Vivek Shaquille o'neal adhigam karyangal unda,malyalam
0,mal_0823.wav,idhar Adhe Ham Kundal Arya padane thudangi,malyalam
0,mal_0824.wav,Vivek Acharya Jagadish nanartha girl in Kannada,malyalam
0,mal_0825.wav,English Vicky lam Samana Charcha Kunda Kunda,malyalam
0,mal_0826.wav,engane Surya Ne Shubham Malang recipe Tamil Vendum,malyalam
0,mal_0827.wav,adaware Vera Mari Enna lekhanam kanuda,malyalam
0,mal_0828.wav,namnirdeshan chahie padhna likhna 3 Talaq ka naam lekhan,malyalam
0,mal_0829.wav,aadami pratyek ichcha Veer Manav Mangal Allah,malyalam
0,mal_0830.wav,indana pinnal in arela in Mataram,malyalam
0,mal_0831.wav,Jagadi Anna bacchanal in Vivek shikdum,malyalam
0,mal_0832.wav,e Gramam Taliparamba Taluk Coolpad no,malyalam
0,mal_0833.wav,in the Allu Ayaan other malayalathil Ek Mati dhundha,malyalam
0,mal_0834.wav,avare Aadhar Mein ki varacha Chitra nashta Pattu,malyalam
0,mal_0835.wav,Jiva gum navakal Vivek Shiksha Anna only Lathi gum Karya Nalgonda,malyalam
0,mal_0836.wav,Indian Kuri leka Nangal kandappol end parantu in Mataram,malyalam
0,mal_0837.wav,Vinay edhara Bhaskar Enna Kondu mathram,malyalam
0,mal_0838.wav,Bade Chitra Khan body Kandala,malyalam
0,mal_0839.wav,Kerala Sahitya Academy Award,malyalam
0,mal_0840.wav,ilakanam arattupuzha Pooram live,malyalam
0,mal_0841.wav,abe Kurien jeevagan nanarthagalu,malyalam
0,mal_0842.wav,prabodhanam Canal in the name Vivek camp,malyalam
0,mal_0843.wav,Nammal English Bhasha Ling mathram Mathi,malyalam
0,mal_0844.wav,endrum Nee navakal Vivek Shaquille o'neal athigam Karan,malyalam
0,mal_0845.wav,punnagail Sunil Paranda Bole Telugu matrimony,malyalam
0,mal_0846.wav,pakshi Cherry kuruppam RD login jiuga,malyalam
0,mal_0847.wav,Yahan Wikipedia English nilavil angamardana,malyalam
0,mal_0848.wav,European Union Andaman virajam,malyalam
0,mal_0849.wav,Dehati yadhartha Peer indal ka Vivah Ram Naam lekhan,malyalam
0,mal_0850.wav,abe Kuchh Aryan endrum naan ethinal,malyalam
0,mal_0851.wav,aadhe Adhoore,malyalam
0,mal_0852.wav,Thiruvananthapuram Pramukh vidyabhyasa Kendra Mana,malyalam
0,mal_0853.wav,Mirakkel pakshi Salim coronavirus,malyalam
0,mal_0854.wav,ella navum theorem board Cup under 19,malyalam
0,mal_0855.wav,pin need personal bond angle material Modi,malyalam
0,mal_0856.wav,middle end Oru cheriya Oru Kodi samarppikkunnu,malyalam
0,mal_0857.wav,Aval Palladam,malyalam
0,mal_0858.wav,vedangal urlacl Hindu matham Hyundai Sadhu Kokila,malyalam
0,mal_0859.wav,Oru pravesam yanchi dukaan Chitram,malyalam
0,mal_0860.wav,Vera Mari aksharamala program malayalathil,malyalam
0,mal_0861.wav,lekhana tilkut adivasikal enana upyogita,malyalam
0,mal_0862.wav,Bhagam even I'm in,malyalam
0,mal_0863.wav,poll update chechiyum,malyalam
0,mal_0864.wav,abe Kurien thiruvathira nanartha null,malyalam
0,mal_0865.wav,English vi Khel Ninna tajima Chaita gana,malyalam
0,mal_0866.wav,Peene English vikal 1 leganam vi Charno Ki,malyalam
0,mal_0867.wav,in Rawal Mughal Mela in,malyalam
0,mal_0868.wav,Vicky ke engane ariyam paksham Pelican Patila,malyalam
0,mal_0869.wav,Kerala Pathanamthitta Jilla Hile Patna Mona Adoor,malyalam
0,mal_0870.wav,udaharan ki Kanu,malyalam
0,mal_0871.wav,Eid Taal Hindi farcical in 1962,malyalam
0,mal_0872.wav,Bharatpur Kulla Oru pura Kshetra Mein thirunnavaya Kshetra mein,malyalam
0,mal_0873.wav,pratyay ki ichcha English vikal nalwari Matra Mulla Samay,malyalam
0,mal_0874.wav,India river Allah Brahmanandam,malyalam
0,mal_0875.wav,Gyan todpura Anna vibhagam Cherthu,malyalam
0,mal_0876.wav,Charlie and paranoid Unchi Dono come,malyalam
0,mal_0877.wav,Shiva Panda Karnataka Sansthan Bhag,malyalam
0,mal_0878.wav,thiruvathira in navakal Vivek Shaquille o'neal athigam karangal undu,malyalam
0,mal_0879.wav,our Kundal Sanjay Ramanathan today,malyalam
0,mal_0880.wav,Munna kudi,malyalam
0,mal_0881.wav,Adoor Pathanamthitta Kerala Pathanamthitta Jilla,malyalam
0,mal_0882.wav,any Kaya Kura Waliye vivaram Illa,malyalam
0,mal_0883.wav,ADO kondana photo CM in 1 other,malyalam
0,mal_0884.wav,Aadi nivendi Nikam chahie na phaagan Gal suno,malyalam
0,mal_0885.wav,Malayalam Aditya sogariya television channel,malyalam
0,mal_0886.wav,Mahabharat I'm lekhanam nilavaram,malyalam
0,mal_0887.wav,adinda Udaipur Pardeep polum courier version Mumbai conductor,malyalam
0,mal_0888.wav,Midnapore Mein Anand Vihar Bus Stop Mangalam Jile pravartak,malyalam
0,mal_0889.wav,how are you Basit tharagam candle Mataram,malyalam
0,mal_0890.wav,82 president Naam nirdesham chahie,malyalam
0,mal_0891.wav,Pudhu aaya aur Aradhana samuthayam Pundai,malyalam
0,mal_0892.wav,endana vishayam in Manasu,malyalam
0,mal_0893.wav,thullal anava Canal in the Vivek,malyalam
0,mal_0894.wav,Vastu Duggal pathigam Mataram cheadle Modi,malyalam
0,mal_0895.wav,abe Kurien Tala nanartha null,malyalam
0,mal_0896.wav,ivide Malayalam Vicky Ling ithuvarai Illa,malyalam
0,mal_0897.wav,Malayalam Wikipedia pravarthanangal jeevithathil cheranalloor Google owner,malyalam
0,mal_0898.wav,Enna da Enna da Enna da,malyalam
0,mal_0899.wav,India Ne 15 Masoom 15 divasam,malyalam
0,mal_0900.wav,Kochi nirantharam Eid na Sakshi mohichu,malyalam
0,mal_0901.wav,Adil Nandan a new Google Google,malyalam
0,mal_0902.wav,Vella Anna Malayalam artham ulsavam in nana,malyalam
0,mal_0903.wav,edakkunnu idhar Andha Kanoon,malyalam
0,mal_0904.wav,Kottayam Jile Le Orissa oriya Patna Mana Pune,malyalam
0,mal_0905.wav,Teen Patti Ullah Kundal vivarangal left,malyalam
0,mal_0906.wav,hilake Dil Kare Kano,malyalam
0,mal_0907.wav,Shruti ennava Canal in the name Vivek,malyalam
0,mal_0908.wav,Thala in navakal Vivek Shiksha Anna unnil adhigam Karya Nalgonda,malyalam
0,mal_0909.wav,Pradhan lekhan Jile ke Urdu Ling hittalmani code,malyalam
0,mal_0910.wav,Abhishek Oru lekhanam nilavil under,malyalam
0,mal_0911.wav,Adil Nalla uad,malyalam
0,mal_0912.wav,Eva De Chilam vivarangal Oru Puthiya Chitra Cherthu,malyalam
0,mal_0913.wav,ilakanam Chandran in 162,malyalam
0,mal_0914.wav,Aane Wale athigam starlim Venum Jeev vigyan,malyalam
0,mal_0915.wav,vellarikundu Kalam Kunda aanmeegam edit Google,malyalam
0,mal_0916.wav,bhumil nokkumbol sooriyanum,malyalam
0,mal_0917.wav,add Bole where I am chirathukal Kannan,malyalam
0,mal_0918.wav,idhayathil Mexico Santosh issue,malyalam
0,mal_0919.wav,lekhan Atul Nigam Nigam Chehra Bhag Dangal alkalam,malyalam
0,mal_0920.wav,Ayyappan Anna bacchanal In The Name lyrics,malyalam
0,mal_0921.wav,Shiksha Shruti navakal vipaksh kya hona onley Lathi kam Karya Nalgonda,malyalam
0,mal_0922.wav,Kerala Malappuram Jile Pattanam Ponnani,malyalam
0,mal_0923.wav,Vivek Gurjar Shruti nanartha null,malyalam
0,mal_0924.wav,appal cal share ka Niyam Kanoon,malyalam
0,mal_0925.wav,random at all puthran,malyalam
0,mal_0926.wav,aranjanam akaranam Cherthala nenaram inana uddeshy,malyalam
0,mal_0927.wav,houck yogyata ko Ravana Karana,malyalam
0,mal_0928.wav,Karnan vandalism delete Chale,malyalam
0,mal_0929.wav,Khuda De Tangle vishayam in the Manasa Mangal vyakaranam no cougar,malyalam
0,mal_0930.wav,mattullavarude so bhavam Namak Martin Sathi Kila,malyalam
0,mal_0931.wav,Pol Oru Malayalam Pathu Joli,malyalam
0,mal_0932.wav,padam Enna Pathu matham nokkum,malyalam
0,mal_0933.wav,abe Pala prathyekathakal kondom Tharam Tirchi,malyalam
0,mal_0934.wav,angle korach Sahayak link Google Param,malyalam
0,mal_0935.wav,Chilla vivarangal,malyalam
0,mal_0936.wav,epporul Arumugam Angana,malyalam
0,mal_0937.wav,ennil Eid pratyek avasarangal Mataram,malyalam
0,mal_0938.wav,Adina Lana 31 De,malyalam
0,mal_0939.wav,Aadil Pariyojna pragaram all prasthana,malyalam
0,mal_0940.wav,padinjaran Hindi Oru Nadiya na Mahi,malyalam
0,mal_0941.wav,Ashokan in navakal Vivek Shiksha Hona only athigam karyangal,malyalam
0,mal_0942.wav,Eid vivarangal tajima cheyyan Padal,malyalam
0,mal_0943.wav,abe Kurukshetra Aryan Ashokan nanartha angle in Kannada,malyalam
0,mal_0944.wav,Muslim mother Vishwas Eagle aanayi Pradesh Adhyaksh,malyalam
0,mal_0945.wav,pagal Pavagadh Ashram in lekhan Tangle Bhartiya mathangal Kandu,malyalam
0,mal_0946.wav,Malayalam Vicky lake and vyakti Swagatam,malyalam
0,mal_0947.wav,other Chitram Naa Alludu kunthirikkam Nagar,malyalam
0,mal_0948.wav,ndfb prayathil Vaanam Enna Tanya,malyalam
0,mal_0949.wav,Ashokan ennava Canal Tarah Pariyojna in the Vivek shikdum,malyalam
0,mal_0950.wav,shakthan thampuran feveral no ko avashya Pattu,malyalam
0,mal_0951.wav,Vinay Oru karyam parayan marannathu,malyalam
0,mal_0952.wav,any kya tum,malyalam
0,mal_0953.wav,Eid order random Divas Parivar eagle,malyalam
0,mal_0954.wav,tractor Anand pagal Tirupati,malyalam
0,mal_0955.wav,Adina e Lekha Naam Aana N L 162,malyalam
0,mal_0956.wav,prasiddha Maiya Nirahua vidyabhyasa carbon angle Konda Nagaram prashastha Mana,malyalam
0,mal_0957.wav,Pathar Shantaram Appa dawai Vahi to,malyalam
0,mal_0958.wav,inner lid nesha kamaya Telugu girl killer,malyalam
0,mal_0959.wav,tharakan Rajendra peyargal,malyalam
0,mal_0960.wav,other Kitty Nahin karne thurangam,malyalam
0,mal_0961.wav,Tangle cheratha parasyam Nigam chithoor,malyalam
0,mal_0962.wav,Karnan end Kayal Pustak Matra Mein ullu,malyalam
0,mal_0963.wav,wooden pattern prasiddh ganangal P Bhaskaran,malyalam
0,mal_0964.wav,abe Kurian nanartha angle in Kannada,malyalam
0,mal_0965.wav,Siri Aaya per Ayyappan Pulla En Nana,malyalam
0,mal_0966.wav,Karnan Malayalam peyargal Arkham,malyalam
0,mal_0967.wav,Priya challiyan En Desam Bharatha Desam kandirunna,malyalam
0,mal_0968.wav,NDRF Ibrahim Nanpara new in Mataram,malyalam
0,mal_0969.wav,idhuku today Sadharan Jangal Pratinidhi Kari Kitna Orissa Faheem on Dyno,malyalam
0,mal_0970.wav,are they had dinner Vicky ki vendi karyangal cheyyan Karim,malyalam
0,mal_0971.wav,Andha Alam Pol Oru Pada Padal,malyalam
0,mal_0972.wav,Indu Gonda Chitra sthanam kit dealer in Narela,malyalam
0,mal_0973.wav,gobhi Matra Madiya gun,malyalam
0,mal_0974.wav,Kerala total R Nagar internal angle arudam,malyalam
0,mal_0975.wav,mahashay your mathramalla Where are local 12,malyalam
0,mal_0976.wav,Ada abhipray angle angle Devi,malyalam
0,mal_0977.wav,Tangle Parindey sherianna,malyalam
0,mal_0978.wav,end kaiyile amrud perukkal Matra Mein ullu,malyalam
0,mal_0979.wav,Murari Angana paranu in Nala Nanpara,malyalam
0,mal_0980.wav,Huda Ponnani College Bharatpur Tirth,malyalam
0,mal_0981.wav,lekhan Chehra in 162,malyalam
0,mal_0982.wav,Malayalam Patra angle OK where Sadharan prayog,malyalam
0,mal_0983.wav,angle Vakil amidon Ramana upyogi chirikkunna,malyalam
0,mal_0984.wav,Lakshya Palayam Aditya Kandala,malyalam
0,mal_0985.wav,Roma Samrajyam in navakal Vivek Shiksha oona o'neill athigam karangal undu,malyalam
0,mal_0986.wav,abe Kurien bhi Mannar Tangle,malyalam
0,mal_0987.wav,Adil Varum Aana varaathu,malyalam
0,mal_0988.wav,are Pardeep put onion and pramanam,malyalam
0,mal_0989.wav,angulam Pol karavadam Sharekhan Shramik yam,malyalam
0,mal_0990.wav,England ki pustak ke Adhikar,malyalam
0,mal_0991.wav,viplavam rubixtotal RMP,malyalam
0,mal_0992.wav,kottarakara Patnam Anna Vishay Kurukshetra Haryana Mangal kottarakara,malyalam
0,mal_0993.wav,abe Kurien Roma Samrajyam nanartha null,malyalam
0,mal_0994.wav,Emporium Pravin Vicky Uday today,malyalam
0,mal_0995.wav,endeka vellarikundu vivarangal,malyalam
0,mal_0996.wav,Aaj swabhav mallekan angle mathram eduka,malyalam
0,mal_0997.wav,engane Njan Malayalam Wiki,malyalam
0,mal_0998.wav,thyroid and in navakal Vivek Shiksha Anna only Lathi kam Karya Nalgonda,malyalam
0,mal_0999.wav,keralathil Tarak karna pad Parichay De,malyalam
0,Error,Error,Error
