,Filename,text,language
0,000141_text_02204.wav,usne Krodh hokar Kaha sugriv Mein sthit Buddhi Atma Shuddhi Chitra Shuddhi Daya parakram Gambhir ya Kahin Bhi lesh Matra Nahin Hai,Hindi
0,000510_text_02769 (2).wav,Ek jhatke se uska Hath Pahad ki khoon mein Duba Chala Gaya niche per phone aur tarikh ki seat Gar Ki gehraiyon Mein Ek Badi Si Chattan Ne uski chij ko ghota,Hindi
0,000736_text_03041 (2).wav,usne Socha man Lo is gay ke liye Mujhe moon Mange Dam Na Mile to ise Main Ghar per Hi Rakh Lunga,Hindi
0,000741_text_01859.wav,Agali Ishu se Unki Prathmik tha Badal gai,Hindi
0,000929_text_01059.wav,per use aise hi Achcha lagta tha,Hindi
0,000994_text_01617 (2).wav,Atal Shaitan Ham phone per apni Pustak Byan Hawa Kuchh Nahin Mein likhate Hain Ki pratikriyavadi Humse Na ji aur Gaddar Ham Sunta Koi Sidhi Lakeer Nahin Hai,Hindi
0,001746_text_01545.wav,yadi Aaj Hamen patrikaon ke tatkalin unko ko ulat Palat kar Dekhen to shayad hi anuman Laga Paye ki Ham UN Dinon Kaise Sankat ki ghadi se Gujar rahe the,Hindi
0,002190_text_02126.wav,Makhan Malai dudh Dahi yah sab Tumhare bete ke dwara bandaron ke Jhund aur Gwal balon ko badhate Humne apni Aankhon Se Dekha Hai,Hindi
0,002776_text_02765 (2).wav,Cobra keema kapde ke Kan Nikalti club todti Kabhi Chauk Kumta Karti Aur Dil Hi Dil Mein Kanchi Chala kar Aankhon Se Na Thi,Hindi
0,003332_text_02834.wav,Ghar Mein Aakar Manav varshon sacred Hai Uska Man atmiyata Ki Shital for heart Sanchit ho gaya tha,Hindi
0,003347_text_01370.wav,Ham bacchon ke liye Daya Waqt chalta Karuna aur Prem Se Bhare Dev do Jaise lagte the,Hindi
0,004427_text_02208.wav,Rang Nath ki ichcha thi ki Pramod ki Puna Pariksha Li Jaaye,Hindi
0,004709_text_01635.wav,isiliye 22 Anubhav ke Anya 8 hun Sanket 9 June Mein is Anubhav ka Itihaas bhi Shamil Hai Ko mis prabhavit karne ka prayatn karta hai,Hindi
0,005241_text_02260 (2).wav,kya Hakeem aapse Nafrat karta hai kya hua aapka Dushman hai beti ne poochha,Hindi
0,005537_text_01663.wav,apni abhadra tippani aur shikshakon ke bare mein apni jokes ke liye vikhyat aur Bhar Ke Liye suit pahne wala yah prastuta Ek Bar live show ke dauran Paigambar Mohammad ke bare mein ek aapattijanak tippani kar baitha hai,Hindi
0,005580_text_02392.wav,Bagh Ki Thodi Si muchh Hai Bhare Naina lekin yah tour Sambhav hai manushya ki Prakriti ko badalne se Adhik Asambhav Nahin,Hindi
0,005791_text_02552.wav,baharhal 2 ghante ki Jadu Jahar ke bad yah Tava ke sambandh ko 10000 rupaye Dekha aur Samanth Jas Kata charge Mein Munh per hastakshar Kar Dega,Hindi
0,006124_text_02327.wav,Bujurg ka karte hain na Damad ke sath Khao Putra ke sath padho,Hindi
0,006865_text_03218.wav,bhi Tute har roj subah hajaron mil ki yatra per Jaate,Hindi
0,006918_text_02926.wav,pakshiyon ki sabha Mein hadkump mach gaya aur sab Aansu Bahane Lage,Hindi
0,007350_text_02745.wav,Raju ki baat ki baat karne ka yah dhang unhen Kisi Ne Sikhaya Nahin Hai Unki baten Dadi Amma ki Andaaz ki hoti hain,Hindi
0,007356_text_02565 (2).wav,unhone Musa ke liye Chini Mitti ki taskari Meghani bhej V aur mere liye Steel ke pet mein,Hindi
0,008199_text_01742 (2).wav,FIR Najar ghumai to Neela per jaati ki champai Rang bua ki si hi badi badi lambiyan khaya per naak aur hot man Jaisi sughad,Hindi
0,008797_text_02407.wav,Kuchh Logon ke Hathon Mein Hasya Hath aur Talwar karod Aditi Kuchh log Bina Murali aur Dafali Baja rahe the,Hindi
0,009015_text_01386.wav,aur FIR Jahan se Purab Dakshin Rajgir udaygiri Tak pahunch Te pahunchte use Swayam apni hinsa se Gila Nahin hui thi aur vah baudh ho gaya tha use Utkal Kalinga kshetra ka Simant Vindhya Parvat ki ISI struggler ke pass hai,Hindi
0,009393_text_01658.wav,anuvad ke liye hamare pass Penguin ki acchi kitabon ki lambi list Ka Hona aur kitabon ya lekhak Kaun ke bare mein Khula najriya Rakhna Hamari Sabse Badi takat Hai,Hindi
0,010017_text_02164 (2).wav,khadga Verma Ne gandak Mrig jaati wale se 100 ki Shakha Tod Vahi aur Jaise hi Dharam Seva Giri donon ped Ke Piche jakar chipkane,Hindi
0,010162_text_03139.wav,bolo Kai Din Se bhukhe the,Hindi
0,010744_text_02656 (2).wav,main Janti Nahin Ki Ek Ko Char karna Rama Ka Priya shauk hai,Hindi
0,010917_text_01631.wav,Jo is Karm ke Lakshya Hain ismein hai ya nahin hai ya adrishya Hai Mohan hai ya saja hai,Hindi
0,011016_text_01845.wav,Aakhir beti ke roop Mein kam se kam Ek Santan ghar mein Jaruri bhi hai aur uski Parvarish Hamara diet vah bhi hai,Hindi
0,011595_text_02312.wav,Matsya Avatar apni 4 pankhon ko fatafat Unchi lehru ko chir de Samudra ke andar Chala Gaya,Hindi
0,012057_text_03001.wav,bhojan ke bad Badshah Ne use poochha beti kya tum janti ho ki kis Prakar baat karni chahie,Hindi
0,012151_text_03296.wav,Baba UN se Itna prabhavit Hua ki usne tatkal sabhi kadiyo ko riha Kar Diya,Hindi
0,013901_text_01340.wav,pitaji ko kitaben aur bete ki kursiyan bahut pasand Thi unhen bhi Allahabad se Manga the,Hindi
0,014480_text_01985 (2).wav,Mausam Ki Pahli Barsat Dekhkar Ham Kaise uchalte kurte Man Ko Barish Ke Aane ki khabar dete Jaise Pani Ki bunde sirf Hamen hi Dikhai deti hain aur Kisi Ko Nahin,Hindi
0,014820_text_01763.wav,Umra Koi mayne Nahin rakhti kya Uske Kahi acche dost usse Bade Nahin per Fir Bhi abhi waha nahin kar sakega,Hindi
0,015384_text_02026.wav,Biti Raat Ki acchi Barish ke bad Sabhi Re Tak Jari Bunda Bandi ab Puri Tarah band ho chuki thi aur Bhure mat Mele badalon ki lagatar Wagah ke bavjud Aasman Mon tha,Hindi
0,015475_text_01200.wav,lekin aathvin dashak mein ek anapekshit badlav Paida hua,Hindi
0,016004_text_01084.wav,Ganga Ke Pani ke liye Unki Shradha Dekhte banti hai,Hindi
0,016023_text_01119.wav,Purnia Ka Ladka Bahaduri se ladte ladte Hue kam a Gaya to ismein kaun si Taj Ki Baat Hai,Hindi
0,017065_text_03306.wav,unhen Aisa Karte Dekh Kar hairan Pareshan Logon Ne Japan ke Ajeeb aacharan per Sawal uthaya to unhone bade bholepan se jawab Diya,Hindi
0,017407_text_01974.wav,kisi ne bataya hai ki yah Lash aapki Patni Ki Hai Shayad inhone aatmhatya Ki Hai is Kamre Mein Jo avsar Rahte the vah to Lapata hai,Hindi
0,017714_text_01618 (2).wav,is sandrbh Mein angreji Mein prakashit Jin do Anya upnyason ki Vishesh Charcha ki Ja sakti hai ek upnyas Salman Rushdie ka Shalimar the Clown hai,Hindi
0,017928_text_01985.wav,Mausam Ki Pahli Barsat Dekh Kar Ham Kaise uchalte Khud Ke Man Ko Barish Ke Aane ki khabar dete Jaise Pani Ki bunde sirf ham hi Dikhai deti hain aur Kisi Ko Nahin,Hindi
0,018400_text_01816.wav,chahti thi Tum Sabko aur Tumhare jaisi uneako ki man Bankar mein falon se Lada Ek Vishal Chhath Nar ped Ban jao,Hindi
0,018749_text_01647 (2).wav,jo bhi ho agar aap mujhe maarna Chahte Hain To kripya Mujhe Bhartiya Banduk se hi Mari,Hindi
0,019170_text_01416.wav,Himanshu Pandya jinhen JNU Se padhaai Karke Hindi padhna tha aur Sanskriti Karmi aalochak Banna tha,Hindi
0,019467_text_03007 (2).wav,Ek Sath hun Tirth Yatra per nikale,Hindi
0,020203_text_02992 (2).wav,Apne Jeene Ki Chahat ko Kabhi Kam Nahin Karna chahie aur agar aap Aisa Karte Hain To aap khud mahsus Karenge ki aap apni Bimari se theek ho rahe hain,Hindi
0,020241_text_03182.wav,FIR unhone use rupaye dete Hue Kaha Tum ISI Tarah Karte Rahana,Hindi
0,020392_text_03078.wav,ine se Judi hui thi pauranik aur Dharmik kathaen Hain,Hindi
0,020398_text_01644 (2).wav,Kintu saubhagya se is Ek sabhyata ke bhitar takrar Ek vyakti samuday Sanskriti ke hinsak Atma aur ahinsak Atma ke bich takraav Ki Tarah padhne vishleshan karne ki koshish bhi Hui Hai,Hindi
0,020742_text_01411 (2).wav,Devyani Jo Ek Hindi Rajasthani lekhak Ki Beti Thi use Kavita likhate likhate patrakarita Prem grihsthi anuvad Shodh ki or Chale Jana Tha,Hindi
0,020742_text_02182.wav,apni Bacchan ke anusar Shubh muhurt per Anant dakshini Parvat Gaya aur mantron ka Jab Karke Sarovar Mein Utra,Hindi
0,020869_text_03194 (2).wav,mera gana bhi chhut gaya aur kam mein bhi man Nahin Lagta isliye kam ka aaj tak ho gaya hai,Hindi
0,021504_text_03309.wav,Is Tarah Ki Kai pasand hai Jab Gurunanak Ne Badi masumiyat se Aisi Baat ka De,Hindi
0,021622_text_03216.wav,yah kahkar unhone merath ke Rajya Ka Hath pakad kar unhen sinhasan per Baitha Diya aur vahan se chale gaye,Hindi
0,021975_text_01488.wav,Mere Bhai Babu bhai aur bhabhi Tala ne apni Jivan ka jyadatar samay janjati hi samuday Mein padhte Hue hi bataya hai,Hindi
0,022042_text_02080 (2).wav,vah Padhi likhi aur Samarth Thi apni aur bacchon ki avashyakta ke liye vah Kisi per nirbhar Nahin thi,Hindi
0,022045_text_01232 (2).wav,Pandit Durga Shankar srimukhi Hatya ke samachar ka sthaniya Se Badhkar antrashtriy ho jana Kai Karan se tha,Hindi
0,022118_text_03038 (2).wav,sadhu ne usmein do Dhokha use De Diya aur Ve FIR chal Pade,Hindi
0,022140_text_01418 (2).wav,is bar se Ham Ek Anya kalik Stambh Kitab Shuru kar rahe hain Jise Ham is Samiksha simit space Nahin banana Chahte,Hindi
0,022818_text_02584.wav,Kuchh kabutar bikte Hue Bhi Char Diwari per Pade gehun ke Dano ko chune Mein vyast the Ekda gutor gun karte hue gol gol ghoom kar Nach rahe the Jaise Kai Dinon Ki bhishan Garmi ke bad in Nanhi Nanhi boondan aur Shital Hawa Ke Jhonke ka bharpur Anand bhi Lena chahte ho,Hindi
0,023925_text_01990.wav,bavla aur Mujh Mein HOD lagti thi ki Kisne Kitni Jyada ke June ko mara,Hindi
0,024364_text_02722 (2).wav,Infosys Mein Karya Apne kalpanik Chacha ke ghutne ke aarop Ke Silsile Mein Aakash Joshi ki ghoshit likhawat mein sambhavit kharch Ka hastakshar parcha Mujhe dikha raha tha,Hindi
0,024844_text_02909.wav,is mudde per Kuchh pakshi Ladne Lage,Hindi
0,025544_text_02817.wav,rikshala farsh per bichhada Akhileshwar Mein bola Tantra Mein Yaseen Shakti Hoti Hai Sabha Ek Bar Siddh Ho Jaaye to,Hindi
0,026033_text_02287.wav,sardar ki Baton ko sunte hi Aurangzeb ko laga Mano use hajar Bichhua ne ek Sath dant Mara Ho,Hindi
0,026396_text_01870 (2).wav,is kam ke liye doctor Ranchi fees Leta tha,Hindi
0,026659_text_02520.wav,Uske payable list the uska Charan Sparsh Jaisa Kathor tha vah jaise Uske jabde the uski Aankhon Se Arun Kanti a rahi thi,Hindi
0,026849_text_01074.wav,yah Khan Sahab Koi dusre Hain,Hindi
0,027204_text_01099 (2).wav,Islam aur Anya Kisi bhi Dharmik Asmita ke sandrbh mein yah Dekha Ja sakta hai ki ilaka Aadhar per Badalti rahti hai aur dusre unke bhitar ke Kai dvand Dekhe Ja sakte hain,Hindi
0,028662_text_03131.wav,Ek aadami Budha Ho Chala tha,Hindi
0,028781_text_02430.wav,Tumhari Man ke Kahane ka matlab tarbuj se hai ismein khane aur Peene ke liye bhi hai is ka Bij Bona aur ugane ke liye hai aur chhilka gay ke liye bhojan Hai Main To yah Nahin samajh Paya tha Bhagirathi Bhagya Ne Khila per se uthate Hue Kaha,Hindi
0,029105_text_01818.wav,uski Parivar Mein Kai Bal bacche Daar dampati the Bade bhaiyon aur Chacha on ke lekin Sab Ne Badi Chalaki se sirf Nar Shishu ko Janm diya tha,Hindi
0,029146_text_01806.wav,seat Itna Keh kar Rajya Se lipat Kar Rone Lage,Hindi
0,029320_text_01967.wav,unke bich kha rahi hun Mujhmein per Vishwas Karke Itna Kuchh kah Deti Hai Mera Koi Fark Nahin Banta kya Patni Teen Char ghante bad lottery thi,Hindi
0,029495_text_02486 (2).wav,MHA Parvat per rahakar vah rudhir Bhairav ki Upasana kar raha tha,Hindi
0,029503_text_03116 (2).wav,Yahan Yamuna balyavastha mein hai,Hindi
0,030237_text_01523 (2).wav,Pradhanmantri per Kapda pahna aur tivra Vyanjan is film mein kiya gaya hai,Hindi
0,030521_text_02546.wav,Kisi vyakti Ne shivnath Khosla Thi pahle Tum thoda bahut Dhan kam Aaoge to badappan Tumhari Khoj Karte apne aap a jaega,Hindi
0,031013_text_01524 (2).wav,Aaj l Kishan Pradhanmantri ke Niji Sachiv Ne yah karykram Banaya ki Ham Char log chupchap Kissa Kursi ka Dekhi,Hindi
0,031038_text_01677.wav,Ham yah Baat Yagya ki Mul tahat Sahitya Kala Aadi ki Arun Main Bhi Agar synthetic Kismat Ki patrikaon ke sandrbh mein kah rahe hain lekin Anya anushasan mein bhi rachnatmak prayatn apni shuruaat Mein lagbhag Ek Jaisi vaigyanik Nishat Makda aur Bima companiyon Jaisi Bhavishya Drishti ke sath avtarit Hote Hain,Hindi
0,031156_text_01365.wav,lekin Lamba log Khoob Gori aur Sundar Hote the,Hindi
0,031196_text_01312.wav,Yahan lekhak Apna Kartavya Samajhta Hai Ki swikar bhashan Mein Ek shapik dalte Hue Pathak ko yah bataen ki is ghatna Chakra ka Ek dushparinaam Ya vah,Hindi
0,031373_text_02157.wav,Bhi Ek Vishal Pipal vruksh ki ganth Dhaar Jagran per Baithe hue the,Hindi
0,031686_text_01197 (2).wav,lekin edit ki kavita unke sankalan Pathak on ke liye Prayas Ek baudhik chunauti Lekar upsthit Hui aur abhi tak kaviyon aur vidwanon ki grahan Jigyasa ka Vishay Bani Hui Hai,Hindi
0,033436_text_02518 (2).wav,Madhya Pradesh ki rajdhani Bhopal se Kareeb Kimi Dur Bhimbetka hai jo vahan ki lagbhag gufaon mein shellvit Chitron ke liye prasiddh hai,Hindi
0,033649_text_01653.wav,acchi pustake chhapna alag Tarah ki pustak Achcha Apna Bhartiya bhashaon ki Sahitya Prakashan kis tarikh ko Uncha uthana aur stariya anuvad Kesari angreji aur Anya Bhartiya bhashaon ki Sahitya ko Hindi mein Lana Prakashan ka kam Shuru karne Ke Piche shuruaati Karan Yahi thi,Hindi
0,033980_text_02801.wav,main Unki 4 sal ki beti ko dekha hua Mathe par Bela ka Gajra Lagaye Hue Thi Aur Uske Gol Chehre per Chinese cut ke bal aur balon ki Kuchh ladkon ko Gulabi Maroon Rang Se rang diya tha,Hindi
0,034102_text_02601 (2).wav,phool ke bad Sidhi sapate Pakki Sadak donon Taraf devdaar aur Kale Kale Lambe Ghane ped kaun se chalkar Aarti Gungun Idhu Kuchh der pahle niche Utar di thi Chhod rahi thi,Hindi
0,034342_text_01889.wav,Doctor ki Jiva Talu se Chipak Gai Thi Apne navjaat Shishu ke Prati Ek Pita kya Itna Aur sahishnu Aur Nirman ho sakta hai,Hindi
0,034865_text_01894.wav,aap batao is bacche ko Jahan Chhod Dun Ja jakar Kahin Dafna Kar Do,Hindi
0,035056_text_01607.wav,stool per Rakhe Uske pair Buri Tarah Ladka Dhani Lage,Hindi
0,035209_text_02119.wav,Mujhe Kund ikshvaku Samay ke Mahan Chakravarti Mandhata Ke Putra the aur ek Mahan Samrat thi,Hindi
0,036093_text_01655.wav,iski samajh Ja Parvah hone ke badle Apne pratidwandi Hindi ke sthapit Prakash ko Rajkamal Bani Gyan Peeth ke bare mein kya rai thi,Hindi
0,037180_text_01562.wav,dusri baat ki television se Paida hone wale 8 sirf unke Nirmata Unki sakriyata se nahin Hote balki Swayam uska upbhokta yani audience bhi Arth Paida Karne Mein sakriy Hote Hain,Hindi
0,037742_text_02625.wav,Budh aur Badrinath ka aur bhare man santhil hot Uske Chehre per marubhumi per ho gaye kya actors ki bharti Chamak rahe the,Hindi
0,037839_text_01927.wav,Yahan Meri Jaan pahchan ka bhi to Koi Nahin Hai,Hindi
0,037848_text_01264 (2).wav,videshi media Ka Dhyan is Hatya ki or use Chhoti Si report ke Naate bhi Gaya Jo usne France ke lamond mein chhapwa,Hindi
0,038041_text_01060.wav,apni Rag Yad Aaegi Main Jis Ek chij per sarvadhik mehnat Ki Hai vah Unka minut ka kam hai,Hindi
0,038360_text_01374 (2).wav,Har Subah Ham apni De per hoge nirbal pankhon ke sath Aakash ki or udati Aur Kisi ujale Ko Dekhkar Ek Sath Kisi samuhik Asha ward Mein Tut padhne wali in chitiyon ke Angan Achcha jhadu Laga kar Bahar fenk Dete Hain,Hindi
0,038373_text_01144.wav,yah Karan nahin hai ki Gulzar ke likhe film geet bhi ISI Karan Apna Samvida atmak Utkarsh gehri marmikta mein padhte hain,Hindi
0,038424_text_03231 (2).wav,Kuldeep se Samudra Ka Kinara pakdana Saral Kam Nahin Hai,Hindi
0,040066_text_02514 (2).wav,Bharat ki Enid Blyton ke roop Mein Prakhyat Shrimati Datta ki pustak a children's Book Trust tatha Anya ke dwara prakashit ki gai hai,Hindi
0,041202_text_02544 (2).wav,Ganga Ne bade hi aaturta bhadreswar Mein poochha Kahin ke dimag ko chot To Nahi Lagi ghabrane ki koi baat nahin is per sugar Apne Hanste Hue Kaha din bhar bhi mehnat Karoge tab bhi Tumhen Ek Ashrafi bhi nahin milegi,Hindi
0,041863_text_03161 (2).wav,ant Mein chautha Putra Gaya,Hindi
0,042286_text_01673 (2).wav,Linux ko desktop Mein cable prayog Ke Liye Hi istemal Kiya aur lagbhag Sabhi flavour per kam Kiya Jaise PCU Linux redhat Su se debian Ubuntu Aur Bhi bahut Sare,Hindi
0,042389_text_02446 (2).wav,Jhansi ke Durg ke boor se ek Khandeshwar bijali Ki Tarah kadakutty Jhansi Ko Chhod Do,Hindi
0,042566_text_02485.wav,Kumar Swami ji bade Hote Gaye Kyon Hota Re Kasur Dar Ke Mare dusra Apne dekhne Laga,Hindi
0,042680_text_01748.wav,yah ladki hui hai Darshan Bombay hoti to pura Ho Jaati ISI Neela Li Nahin Jaane deti,Hindi
0,043123_text_01872.wav,doctor se bahut nazdiki se jaan pahchan ho jane ke bad Amber bhi Khud Ko is Khaas Shreni Mein manta tha,Hindi
0,043248_text_01508.wav,lekin ise chalane wale Vijeta ko yah log sirf aadhe ghante Tak Utha Nahin Dete Hain,Hindi
0,044395_text_02734.wav,darvaje per Jeep Hai tractor high-pressure Hai pumping set Hai Ek Jodi Bal Hai Bhains Hai Jersey gay hai,Hindi
0,044520_text_01191 (2).wav,35 Baras purane is samvad ke ansh uplabdh karane ke liye Ham Kabhi Katha ka Anirudh matke kritagya,Hindi
0,045221_text_01236.wav,Purvanchal balon ke sare swabhavik sanskritik Adhikar ke bavjud madhyanchal wale is Baat per ad Gaye ke Lucknow to madhyanchal ki hi Rajdhani Hogi,Hindi
0,045530_text_02903.wav,aur kabhi kabhi hamen Sapnon Ki Duniya Mein Bhi Le Jaate the jinhen ham Aaj Bhi Yad Karke prasann Ho Jaate Hain,Hindi
0,045793_text_02303.wav,main se Dekh Kar Itna ghabra Gai ki mujhe Chakkar a Gaya aur behosh hokar farsh par Gir Padi,Hindi
0,045860_text_02978.wav,parantu man hi man vah bahut Tut chuka tha aur abhi tak vah Sambhal Nahin Paya tha,Hindi
0,046350_text_01196.wav,pahle pahal to purushon dwara Rachi Hui sahityik Satta Ne is Kavita ka majak Udaya,Hindi
0,046657_text_03091.wav,Ganga Jadi aadhyatmik Ka Pavitra Ta aur Paap se Mukti ki Nadi hai to Yamuna Prem ki Pratik hai,Hindi
0,047214_text_02126 (2).wav,Makhan Malai dudh Dahi yah sab Tumhare bete ke dwara bandaron ke Jhund aur Gwal balon ko badhate Humne apni Aankhon Se Dekha Hai,Hindi
0,047563_text_01595 (2).wav,Sahitya kritiyon ko Junoon ki had Tak chahane wale logon ka laghutam samapvartak Aakhir kya ho sakta hai aur ine kritiyon ke lekhak Kaun ke Kore tathya is Prakar hai,Hindi
0,048419_text_01661.wav,ine 4 varshon mein Hindi mein durbhagya se majbut library Sanskriti hai,Hindi
0,048668_text_02962 (2).wav,ab ki bar Uske Ghar Wale Bhi bahut jyada dar gaye the,Hindi
0,048937_text_01550 (2).wav,Agar Hotel Taj Nariman house aur Hotel Oberoi Ko Chhod De to Baki ke visuals aapko Kisi bhi aatankwadi ghatna ke hone per mamuli hair fair ke sath Dikhai Denge,Hindi
0,049142_text_03288.wav,isase pahle ki vah Apne Ghar ki aur badhte vahan Babar ki Saina ka Hamla Ho Gaya,Hindi
0,050417_text_03029.wav,vah bola Subah Shaam Bhagwan ki Puja karna brahmanon ko Dan Dena sacchai aur imandari se Rahana to meri bhi visheshta hai,Hindi
0,051263_text_02691 (2).wav,Sidhe Sidhe every Mein Koi dalil Kam Nahin karti hai,Hindi
0,051315_text_01510.wav,Iske Piche ameriki Israel aur ameriki filistini ek dusre se 10 feet ki Duri per Pradarshan kar rahe hain,Hindi
0,051851_text_02807.wav,usne andaza Lagaya ki itne rupaye Hain ki vah ladki ke liye Uske Pasand ke Kabab aur kukurmutta bhutte Paneer ki sabji Le sakta hai,Hindi
0,051877_text_02522.wav,dhritrashtra ke Aadesh per Sanjay Doot Bankar Pandav Ke Paas Aaye Aur unhen Shanti ka Sandesh sunaya ki yuddh karna Kisi bhi Drishti se hit kar Nahin Hai,Hindi
0,052679_text_02742 (2).wav,Chandni Kafi ka Aalu jhopadi ki Tute Khoob Le ki chut mein Se Rishta Hua chamkili kurti chitiyon ki Shakal Mein Khurja ke aadhe aadhe Bhure Ghayal Sharir par chipka hua tha,Hindi
0,053989_text_01694.wav,Uske bad jab vah agale din mayke Gai to uski Jagah Laut kar Vivah ko 0 sabit karne ke liye Uske Vakil ka notice aaya jismein aarop tha ki vah napunsak hai aur Vivah Ke yogya Nahin,Hindi
0,054139_text_01826.wav,vah Ek acche ghar mein jakar Sukh Rahe Ya uski delete Hua history,Hindi
0,054355_text_01248 (2).wav,Raksha Mantralaya ka Kahana tha ki Shiv Ghadi Mein desh ki sabse aadhunik Anusandhan Shala Uske dwara Kholi gai hai,Hindi
0,054408_text_01581.wav,kya Sal mein koi aisa Din Nahin Hai Jab Ham Apne shok ko prakat kar sake Aur Is Tarah Ki hinsa Ke khilaf Apna pratirodh darj kara Saki,Hindi
0,055260_text_01157.wav,Ek tarike se Ruhi Gat 8 mein Gulzar Aise xmin Urdu shayari ki Usi Parampara ka anuman Karte Najar Aate Hain,Hindi
0,056338_text_01207.wav,theek the hokies Kuchi Adhik Samay Mein Suvidhi Kavita ka bhoot Drishya ekadam Badal chuka tha,Hindi
0,057037_text_02792.wav,bhai Aise kam Mein Khoob mostafa tha usne 3 ghante betahasha Daud dhup ki aur sham ko Pasina Puchte Hue Safal aadami Ki Tarah Ghar lauta,Hindi
0,057123_text_01241.wav,Aisi paristhiti Mein is Hatya Ke Piche rajnitik Karan ki Sambhavna se Inkar nahin kiya Ja Sakta,Hindi
0,057333_text_02706.wav,iski Yahan Ek Doctor Hain Mitra uska bhai police Mein Hai Uske Karan Mitra police ko Sambhal leta hai aur jamkar was ulta hai,Hindi
0,057648_text_01422 (2).wav,Manipur Mein Ek Mahila ki Hatya ke virodh mein July 2004 Mein mahilaon dwara kiye Gaye nude protest ko mukhya Dhara media Mein Ek uttejak Khabar Ki Tarah dekhna Sabko Yad hoga,Hindi
0,058099_text_02824.wav,lekin Ustad Jab Mare tabhi Unka Chamakta Chehra unke akhrot ki Chhal se Rangi hot aur Surma Lagi band Palkein Aise lag rahe the kis chij per Soi Sundari ka koi Lamba Swag hi Racha ja rahi hoon,Hindi
0,058402_text_02969.wav,Unki mrutyu ke pakshat jaise Manu Sab Tham Sa Gaya Ho,Hindi
0,059318_text_03212.wav,vah use Lekar Meerut pahunche aur vahan Kashi Naresh Se Bole main merath Ka Raja Tumhare Samne hun,Hindi
0,059336_text_01612.wav,Apne sanyantra Mein maujud padarthon Ke Karan sambhavit Khatron Ke bare mein janiye,Hindi
0,059345_text_02942 (2).wav,per vo Insan bilkul bhi nahin Bhara aur ghabraya Kyunki usko Jeene Ki Chahat thi,Hindi
0,060136_text_01839 (2).wav,Amber Se Aaye Din Aur Uske Parivar Ki Raat taqrar Machhali Lagi,Hindi
0,060445_text_01482.wav,Jo Rajkamal Prakashan Delhi se shighra Prakashan Pustak ka ek sampadit hissa hai,Hindi
0,060975_text_03135.wav,Kintu Pita Ki Baat ko gora Updesh Samajh Kar Baithe Ne Kabhi Dhyan nahin diya,Hindi
0,061164_text_02579 (2).wav,yah sweater Kiska Hai Meri nigahe Samne sofa Pathak Gai Jahan Halki slaty Rang Ke Unki Lakshya Unchi saliya Padi thi,Hindi
0,062154_text_02150 (2).wav,Ek Bar Bhi Ek Mahayagya prarambh kar rahe the,Hindi
0,062247_text_02487.wav,Ganesha karne Rudra Bhairav ki Murti ko pranam Kiya Uske Hath se Shool nikala aur ek hi bar Mein Mitra Wind ka sir Kat Diya,Hindi
0,062308_text_02823.wav,kar Sach Poochho chamdi kharab To Nahin Hoti Thi inamura chijon Se Badi khujali hoti hai,Hindi
0,062741_text_01537.wav,is Ghoshna ke 2 din ke bad mere per vahan per Delhi ke Press Club per 105 patrakaaron Ne etra hokar press per Lagaye Gaye Pratibandh ka purjor virodh Kiya,Hindi
0,063182_text_02238 (2).wav,Sabke andar ke Vetal Ne Kaha Rajan devagya Mein MHA jyotishi hone ka dam bharane wale Kuchh log Apne Ko is Shastra Mein nishnath per to Adhyaksh ghoshit Karte Hain,Hindi
0,063310_text_03095 (2).wav,Badrinath ke bad Yatri Gangotri aur Kedarnath Dham Aate Hain,Hindi
0,063614_text_02839.wav,usne Avinash ko Har Lagaye per Kahin Avinash Patni ki karod Vani se Pasina Jaaye is bhai se unhone tad tad tad Apne donon Hathon se use Rui ke Saman dhundh kar uska Munh band kar diya tha,Hindi
0,063633_text_01786.wav,shasan ka kaam Kaaj sucharu Roop se chal raha tha,Hindi
0,063816_text_01080 (2).wav,main Aaj Bhi Bachpan Mein Kachori khilane wali kulsum ko Puri vyakhyata se Yad Karte Hain,Hindi
0,064178_text_03056.wav,donon ka Bachpan Tu Khel Kud Mein Beet Gaya,Hindi
0,064362_text_02768.wav,Phoolon Se khelna Nahin Naseeb vah Magar ki Hath Tumhare Jism par Charbi chadhane ke liye Subah Sham Silai karte hain sabun aur soday mein Dubki Lagate Hain chulhe Ki Aanch se Aate Hain,Hindi
0,064437_text_02937.wav,Pati Apne Daftar Jata Patni Ghar per rahti aur bacche Bhi Apne kam per Jaate,Hindi
0,064499_text_03278.wav,Main To aapke Aadesh ka Palan kar raha hun Maharaj,Hindi
0,065986_text_02710.wav,Ek marmik Ashu Katha ke Sahare Ilaaj Karva kar bahar nikal rahe Khush by Mary's ke Bil ki photo copy usmein alag se kar wali thi,Hindi
0,066338_text_01901 (2).wav,lekin is a vanchit Nanhi ke Vivah ki Parvat namaz mein Barish Se bachne Ke Liye Main yah karne ko bhi taiyar hun,Hindi
0,066399_text_03224.wav,Unka beta unke liye fal Aadi Le aata tha,Hindi
0,066506_text_02813.wav,Kismat Se Milte Hain acche Padosi Hue aapke Zakhmo par Thanda lap Lagate Hain Aapke Mathe par Hath phirte Hain bich bich Mein Parat ukhad Kar Dekh Lete Hain,Hindi
0,066915_text_02816.wav,Ghas par lete Hue adhir Umra ke shaks Ne Shraddha ke sath karvat Badli,Hindi
0,067302_text_03168.wav,usne Kaha Mitra is gadi se la de saare pakvan aur mithaai Tumhare Liye Hain,Hindi
0,067590_text_03089.wav,Jamuna Nadi Yamunotri Mein calender parvaton Mein sthit Glacier se Nikalti Hai Aur Prayag Mein Aakar iska sthit Ganga Mein villain ho jata hai,Hindi
0,067652_text_02672.wav,lekin jhopadi mein Raat Ka Andhera Jab Gehra aur Nirahua Hota Jata aur Purush Ke farsh Par kese Picha kar lete Hue uski Chetna Jaag Uthi to Garv Mein vah Nanda chusa Halke Halke Pankh Pada tha,Hindi
0,068116_text_01677 (2).wav,Ham yah Baat yadhyapi Malta Sahitya Kala Aadi ki aur unmen bhi yaar Sanstha ikisan ki patrikaon ke sandrbh mein kah rahe hain lekin Anya anushasan mein bhi rachnatmak prayatn apni shuruaat Mein lagbhag Ek Jaisi vaigyanik Nishtha Atmakatha aur Bima company aur Jaisi Bhavishya Drishti ke sath avtarit Hote Hain,Hindi
0,069046_text_02543.wav,Dunga pakka Vikram Marg Guna ped ke pass gaya Sabko Uttara use Apne kandhe per Dal liya aur shamshan ki aur badhta Hua Jaane Laga,Hindi
0,069473_text_03050.wav,donon ek hi Tarah Ke Ek Hi Rang Ke kapde pahne the Ek Sath khelte Ek sath padhte,Hindi
0,069786_text_01777.wav,Tumhen kya Maloom Jindagi Kitni Badi grim reality Hai Jise Tumhen Bata Kar Dar Aana Nahin Chahta,Hindi
0,070539_text_03250.wav,bhai Jitna Jor Laga tha utna hi thak raha tha,Hindi
0,071765_text_01474.wav,anivarya Kavita ki dharan aur Brazil hi Kavi manual bandiera ki ek Kavita per kg Grover ka angreji nibandh,Hindi
0,072057_text_03023 (2).wav,vahan backlog dudh hi dudh le aaenge,Hindi
0,072094_text_02479 (2).wav,Jab Varna fal aur Pani pikar santusht Hue to Hanuman Ne swayamprabha ko Apna vrutant Yog bataya,Hindi
0,072457_text_02384.wav,Kahani samapt karne ke bad Dadi Ne Kaha Dekha bacchon dhokebaj Shyam per kya Gujarat vah Khud Ek dhokhebaj ke changul Mein Phas Gaya,Hindi
0,073531_text_02661.wav,To Kya Hua Guru ki khan tu hai yah sunkar Suchi bhi aashwast ho gai Maine poochha Hamare jija ji kya karte hain to Sushi ne bataya ki Jatin Uske papa ke adhinasth hain,Hindi
0,073714_text_01037.wav,Ab Koi ka din do Hisar mein baith Gaya,Hindi
0,074449_text_01020.wav,usmein Kaha gaya hai ki ek Jamana tha Jab Puri Duniya Bablu naam ke Ek Shahar Mein Basti Thi Aur Ek Hi Bhasha bolati thi,Hindi
0,074715_text_01918.wav,kis baat ke liye Mujhe avashya hi commity Walon Se Shikayat Karni Hogi lekin yah Colony to bilkul nai nai bani hai,Hindi
0,075224_text_01833.wav,Paridhi ke liye Ladka dhundhne usse Shayad Sambhav Nahin,Hindi
0,075529_text_01163.wav,fir baat Jab Gulzar ki ho rahi ho Jo Swayam apni abhivyakti ki sehat Chhaya Hai Baba Farid Kot ab Khuli Shah shams Tabrez ji AVN Nanak mein dhundhte hain,Hindi
0,075628_text_02668.wav,Kuldhara ke andar Makan aur mandiron ki taraf use din bhi Tower School bhej kar Sugna Dharm se kathputliyan wale Kone Mein Gudiyon Ke dher padhne Gai thi,Hindi
0,075697_text_02010.wav,main Aage Kuchh kah par thi Ki Tum Sab Mein Khushi ki Lahar Tod Gai thi,Hindi
0,075833_text_01128.wav,is earth maybe Hindi aur Urdu ki Milan Bhumi par Khade Hue Akele Aise lokdhara Me Shayar Hain,Hindi
0,075915_text_01188.wav,Baaghi Shukla Pichhle Kai varshon se ek upnyas likh rahe hain,Hindi
0,077006_text_01806 (2).wav,Seth Itna kahkar Raja Se lipat Kar Rone Lage,Hindi
0,077177_text_01428.wav,Mehmood ne apne Dam per is dastangoi ko punarjivit Kar Diya,Hindi
0,078112_text_01538.wav,Kisi bhi Rashtra Rajya Mein press par Pratibandh Lagaya Jaane Ke Karan yah hota hai ki Aam Janata ke pass Satta dwara Uthi Gaye Satta poshi Kadam ki jankari vichar Tantra ka hissa hai,Hindi
0,078444_text_01506 (2).wav,romantic comedy Se tutega Pyar Ka Rishta,Hindi
0,078490_text_01379.wav,Dharti Ki dharon Mein mahinon Se Samadhi Lagaye ya Hibernate Karte yah Tarah Tarah Ke mendhak Bhi Pahli Barsat ke sath hi bahar nikal Aate Hain Aur Raat Bhar Ham Unki Awaaz sunte Hain,Hindi
0,078914_text_02845.wav,divangatha ka yah kya pata Ghar Mein Sab Koi ho aur kisi Vivad Ke Chalte jhatake Mein Sab Kuchh Chhod I ho ya koi rokana per Ghar Aastha Vati Thi ring ring kar Manikarnika Ghat Tak pahunchi gai,Hindi
0,079188_text_01538 (2).wav,Asal mein kisi bhi Rashtra Rajya Mein press par Pratibandh Lagaya Jaane Ke Karan yah hota hai ki Aam Janata ke pass Satta dwara Uthi Gaye Satta posha Kadam ki jankari vichar Tantra ka hissa hai,Hindi
0,079669_text_03046.wav,lekin ek baat ganth bandh Lo kabhi kisi chij ko prapt karne ke liye man mein log na Lana aur na hi Shan dikhana,Hindi
0,080517_text_02915 (2).wav,isliye Raja banne ka mauka Mujhe Milana chahie,Hindi
0,081044_text_03290.wav,Guru Nanak Aur mardana bhi kaid kar liye Gaye,Hindi
0,081108_text_02124.wav,Saathi dudh dabane wali Yashoda ki Peeth par Jhuk kar Uske can't Mein Apne Nanhe Hath lapet kar dudh Mein Chanda Mama Ko Dikhane wala Krishna Dikhai Diya,Hindi
0,081330_text_03090.wav,lekin isase ka mahatva Jara bhi Kam Nahin Hota,Hindi
0,082483_text_03240.wav,lekin Bahar Sthal Hamari Seema se bahar hai,Hindi
0,082524_text_02128.wav,shastrokt Riti Se Ram ne jatayu ki antyeshti Kriya ki,Hindi
0,082981_text_01897.wav,Dhan Ki Baat Kuchh aur Hoti Hai Magar ab yah Puri Tarah Pran dharan Kiya Hua Ek Manav Sharir hai,Hindi
0,083256_text_02985.wav,yah baat vah bhi Jante Hain Jo Jata Hai vah Wapas Kabhi Nahin Aata,Hindi
0,083550_text_01173.wav,yah Siddharth tatha Gulzar ki gazalen ka ek mahatvpurn Padav hai,Hindi
0,084202_text_03116.wav,Yahan Yamuna balyavastha mein hai,Hindi
0,085100_text_01573.wav,Kyunki Jo Hua Uske Asar ko mitane Mein To Lamba Samay lagega lekin hamari ek ek sakaratmak Urja Duniya Ko Badal sakti hai,Hindi
0,085663_text_02576.wav,Salma apni grahako ki Farmaish Dil lagakar pura Karti Taki Mohalle Ke Log uski Chakki per hi gehun peshwai,Hindi
0,086354_text_01528.wav,Samaj ke liye kalakar sabse bada Jadugar hai aur Samaj Ko is Sab Ko yah mangne Ka Adhikar hai ke kalakar Apne Samajik kam ke Prati Sachiv Ho,Hindi
0,087006_text_02990.wav,Shayad abhi aap unke Parivar Walon Ka Dard mahsus Na Kar Paye,Hindi
0,087269_text_03172.wav,Kashi Mein Ek kam Kandi Pandit Ka aashram Tha Jiske Samne Ek Jhooth wala Baitha tha,Hindi
0,087766_text_03170.wav,Jisne Jaisa bola aur aacharan Kiya use Vaisa hi Mila,Hindi
0,088452_text_02076.wav,yah Juda Hua Sampark kab Rohit Gyan ke Priya janon ke man mein Sandhi ka Karan Ban sakta hai unhen kabhi iska Khyal hi nahin Aaya,Hindi
0,088588_text_02491 (2).wav,Hare bhare Khet aur vriksh use Acche Lagte the Jo lagta tha jaise Varsha ki abhipsa aur Asha Mein Upar Nihar rahe ho,Hindi
0,088736_text_01024 (2).wav,Shikar karna anivarya tha lekin is mamle Mein Koi thoda kamjor tha,Hindi
0,089320_text_01014 (2).wav,Bus Itna pata hai ki Is Jamane Mein Asia Europe Africa aur Shayad America mahadweep bhi aapas Mein Jude hue the,Hindi
0,089776_text_01224.wav,mauser Se nikalkar Goli unke Seene Mein ghusi Aur vah Ek chief Markar use Kursi per lorik ke Jis per bhi Baithe the,Hindi
0,090679_text_01275 (2).wav,Bihar Jab Dev Datt Pandit ke ghar mein Deewar per Baton Mein Lipti Pothi ki or ungali dikhakar haridutt Pandit Ne kuch vyangya se yah kaha ki kodari agar Yahan Kabhi Laut bhi to is post ko chhodkar Kuchh Nahin Payenge,Hindi
0,091142_text_02104.wav,Sapan Bahar baramad ki dhup mein Baitha Akhbar padh raha tha Gate kholne ki awaaz Shayad usmein Sun Li thi,Hindi
0,091261_text_02709.wav,moon beach Ka Kar Main use aadaton kharch karna chahta Magar uski Jawabi karyvahi Ne Mere shak ka per l Kar Diya,Hindi
0,091614_text_02110.wav,Patrika ko sirf ek Aankh ki Yojana thik thik Maloom honi chahie,Hindi
0,091686_text_02525.wav,is Din hone wale programs Mein Subah Ke Geet bhashan Dhwaj Vandana aur sthaniya star per Manoranjan Jaise Sangeet Lok Nritya aur Kaya kinki kushalta ka Pradarshan Shamil Hote Hain,Hindi
0,091696_text_03185.wav,bhajan gana bhul gaya,Hindi
0,091751_text_02836 (2).wav,bus Ki aashanka vyarth Na Thi doctor ne Jo Kaha use Sun kar Uske Pairon tale Dharti Ki Sagai aur sampurn Brahmand ghumta pratit Hone Laga,Hindi
0,091847_text_02266.wav,antim Pratiyogita ghudsawari tatha band vidyalayon Mein Siddharth ne apni Apoorva kshamta ka Parichay dekar Yashodhara Ka Pani grahan Kiya,Hindi
0,091948_text_01987.wav,Mar jaati rahti aur ham Sara Din pokhar ke pass aur Angan ke bahar Hath mein namak ki potli liye barsati ke Aansuon ko dhundhte Rahte the,Hindi
0,092068_text_02657.wav,use Din Mein Koi Rochak upnyas Padhne Mein talent thi ki Suchi Ne Kisi Aandhi ke Saman Aakar use Din chhod diya tha to Yahan Kone Mein Padi Kitab padh rahi hai aur Main Tujhe pure ghar mein dhundh I,Hindi
0,093909_text_02940.wav,unko iska anuman Bhi Na Tha ki unko kya hua hai,Hindi
0,094528_text_01535.wav,Shrimati Indira Gandhi ke purane Mitra Kuldeep Nahin yaar Jinke mitrata is had Tak thi ki Jab Shrimati Gandhi ne apni Lambe balon ko Chhota kaarvayi tab unhone Kuldeep Nahin Aise Sawal kiya tha ki Ab Main Kaise dikh rahi hun,Hindi
0,095503_text_02258.wav,kab Jaise jadu se Tak ke Khule aur ek Shant Barish Hamare jahaj per girni shuru ho gai,Hindi
0,095854_text_03051.wav,donon Ko Dekhkar log yah Nahin samajh paate the ki inmein Kaun sach hai aur kaun Jhooth,Hindi
0,096019_text_01887.wav,doctor stabbed Rah Gaya Hamesha shisht aur Shalin aacharan karne wala vyakti kya Itna Prachand Roop dharan kar sakta hai,Hindi
0,096240_text_01553.wav,Ishq ka hua jis mein aatankwad uski sthiti use se banne wale Halat ko Adhik se Adhik asardar tarike se Dikhai Ja sake,Hindi
0,096389_text_03005.wav,Mera matlab hai ki mujhe bado se kam baten Karni chahie Aur mitron Ke Sath Adhik,Hindi
0,096756_text_03081.wav,Samudra Tal se feat ki unchai per Yamuna nadi ki udgam Sthal Yamunotri Uttranchal ke Uttarkashi ke bich mein sthit hai,Hindi
0,096841_text_01151.wav,halaki yah Gulzar hi hain Jin ke yahan sarvadhik prakrutik Prati Kaun ki bharmar rahi hai,Hindi
0,097432_text_03117.wav,Yamuna ka Nirmal Manohar Yatri ke Hriday Mein sweater hi Bhakti ka bhav jagata hai,Hindi
0,097720_text_01368.wav,Apne kandhe per latakte Gerua jhulon mein se lemon Chus aur Rangeen bhi Thi goliyan De the,Hindi
0,099190_text_01009.wav,apni vyaktitva aur Vad donon se Hue Shastriya Sangeet Mein Ek Nai type the,Hindi
0,099526_text_02581 (2).wav,Vini ke balon ka Jhutha pakad Kar unhone guddan Ke Samne hi use Din chhod diya tha Dekho to Bitha bhare Ki Chhori Kaise Burai kar rahi hai meri,Hindi
0,099582_text_01106.wav,Shayad use Gandhiji se Adhik is topi ki jarurat Thi Jiski vajah se Sarkari log usse Darne Lage the,Hindi
0,100061_text_03027.wav,Main To Sochta Hun Aage Jo Gaon aaega vahan agar koi Saccha Bhakt Mil Gaya to use hi de dunga,Hindi
0,100519_text_02536.wav,Jinnah British Galiyon Mein kalaripayattu Ke tatva Dekhe Jaate Hain hue hain calling Kali melancholy tatha Yatra curry,Hindi
0,100700_text_01420.wav,Yuva shodhkarta Giriraj kiradu aur Gagan Gill ke Kailash Mansarovar Yatra vritant award per likha gaya hai,Hindi
0,101365_text_02095.wav,Kafi manmohak Drishya Hai Duniya Ki Bheed Mein Log Kitne beimani Najar Aate Hain,Hindi
0,101728_text_02687 (2).wav,Ek vriddhi kandhe per latkane wala Khadi ka Jhula tange Hai train mein chadhne ka bahut Prayas kar raha hai aur sangati dhakkan aur kaun chahie kahaniyon ke jor se Chadh Nahin Pa raha hai,Hindi
0,101821_text_01252.wav,is Paksh ki or time Patrika ki khabar story Ne Dhyan dilaya ki Pandit Durga Shankar shrimukh 25 varsh pahle Tak Harvard Vishwavidyalay Mein physics ke professor,Hindi
0,102073_text_02929 (2).wav,vah nahin kar bus Apna gungan Khud kar raha tha,Hindi
0,102313_text_02469.wav,dusre Shikshan pujarini ke 10 15 Sevak Jor Jor Se Chilla Ne Lage Kadi bhagane ki koshish mein,Hindi
0,102652_text_02371.wav,bahut Kuchh Kahane ke bad bhi Keshav ko chhodane se Kotwal Ne Jab Inkar Kiya tab Prajwal Ne Datt kar uska virodh Kiya,Hindi
0,102782_text_02382.wav,bi pay account angutha Rakt sakte ho gaya,Hindi
0,103066_text_01745.wav,Mera Man nahin kar raha college jaane ka per aaj mera practical period Hai Bahar bua Ek painting banaa rahi hai dekhte rahiyega Bor Nahin Honge,Hindi
0,103102_text_02102.wav,Achanak Najar Ghadi per pad Gai 7:00 Baj rahe the,Hindi
0,103405_text_02532.wav,Rajput Yoddha Onida kar Samna Kiya per jitne ki Asha Na Thi,Hindi
0,103986_text_02198.wav,vahan per Mujhe Jo Shanti milati Hai vah Yahan per Nahin Milegi somdatt Kuchh Hi Din pahle Raj Darbar ki Naukari Mein Laga tha isliye Uske pass Ek BEL kharidne layak Dhan Na Tha,Hindi
0,104105_text_03194.wav,mera gana bhi chhut gaya aur kam mein bhi man Nahin Lagta isliye kam ka aaj tak ho gaya hai,Hindi
0,104235_text_02838.wav,cal Tak uske liye Din Raat Vivah HAL Rahane wali mummy uski bahan pakad kar lagbhag Hasi Te Hue use Bahar Mein I thi,Hindi
0,104423_text_01151 (2).wav,halaki yah Gulzar hi hai Jinke Yahan sarvadhik prakrutik Prati ko ki bharmar rahi hai,Hindi
0,105441_text_01924 (2).wav,yadi jaldi hi is Smriti Janwar ko vahan Se uthaya Na Gaya to Bahadurganj Dur Dur Tak faili Thi Chali Jayegi,Hindi
0,105496_text_02622.wav,Dada Ji ko lakwa mar gaya tha aur bhai ek Bhikhari ko Dosti Rahi Thi Jise Dadaji ne ek thappad diya tha,Hindi
0,105507_text_02054.wav,Chhota Sa Uttar De kar usne Mansi ke Hath se Khali Pyala Tham liya aur table per Rakhe Baki bartan samet Ne Laga,Hindi
0,105981_text_02613.wav,Khul Ja Sim Sim Khul Ja Sim SIm Ke Bole Mere dimag mein Anjana rahe the,Hindi
0,106892_text_03295.wav,Sabhi Insan Ishwar Ya Khuda Ki hi Santan Hai atah Kisi per Atyachar mat karo,Hindi
0,107133_text_01898.wav,Aakhir use bhi rakhne ka Tumhen Hak kya hai aur FIR usse bhi Mukt hokar Kyon Na Tum Zara third Sabre Sarkar,Hindi
0,107361_text_02975.wav,vah Jaanta tha ki Kisi Na Kisi Ko Himmat Karni Hogi Taki Unki antim yatra ho sake,Hindi
0,107538_text_02353.wav,Sita ko many Pushpak Viman per Jis per Ram aur Lakshman samvad the Uttar ki aur Jaate Dekha aur Ravan gana ful pahankar Sare Sharir par Tel post kar Lal kapde pahan kar Nashe Mein Choor Bhumi per ladta Hua Dikhai Diya,Hindi
0,107907_text_01864.wav,Aisi nirnay Lene Ko Bhi Kya Bahar Swatantra Hai matlab Ek Aurat na to apni Marzi se man ban sakti hai aur main man banne se Inkar kar sakti hai,Hindi
0,108452_text_01321.wav,ISI Kavita per unhen Bharat Bhushan Agrawal Kavita Puraskar mila tha,Hindi
0,109313_text_03189 (2).wav,Udhar bhajan band hone se Pandit Ji Ka Dhyan FIR Rog ki taraf Lagne Laga aur Unki Halat fir se kharab ho gai,Hindi
0,109462_text_01853.wav,lekin tum Chahti Ho ki matrutva ke Tumhare pahle avsar ko swachh Chand Rahane Diya Jaaye to chalo Main Tumhari Bhavna ko Aahat nahin karta,Hindi
0,109495_text_02366.wav,uski Bihu Rachna aur Gorilla paddti Anokhi thi,Hindi
0,109992_text_02143 (2).wav,Fir Bhi asali Jindagi Mein Dekhe jane wali Robot film aur science fiction Mein dikhne wale robot Ki tulna Mein Kuchh Bhi Nahin,Hindi
0,110762_text_02510.wav,Padmashree 4 doctorate Manav Ka Dhyan tatha bhinn bhinn Rashtriya Antar Rashtriya Puraskar arijeet karne ka bhi Shreya prapt hai,Hindi
0,111275_text_01992.wav,kya Baba use Paap Ki Saja yah hai ki Bakhuda ke Bans pukur Se Lekar Itni Dur Mumbai ke bad bhi basic kainchi Mujhe gher gher Kar Dar Aate Hain jinhen kukur ke aaspaas Namak Sadak Sadak Kar Main Mar dala tha,Hindi
0,111360_text_02300 (2).wav,Aaj abhi ghar ke kamon se Subah Thodi fursat mein hoti Billi Daud kar uski God Mein Le jaati uski Komal Hathon Ki poochh Kar ki Asha Karti,Hindi
0,111615_text_01644.wav,Kintu saubhagya se is Ek sabhyata ke bhitar takrar Ek vyakti samuday Sanskriti ke hinsak Atma aur ahinsak Atma ke bich takraav Ki Tarah padhne vishleshan karne ki koshish bhi Hui Hain,Hindi
0,112845_text_01747 (2).wav,Iske bich Na Jaane Kitni paintings banaa Dali,Hindi
0,114239_text_02299.wav,Bani Kanth ke Hath Mein Ek dalen Ek Gaushala Kele ka Kunj tatha Anek viksit hai,Hindi
0,114465_text_02329.wav,Raste Mein dhanur Vidyarthi good Baton per Prakash dalte Hue Vishwamitra Ram Lakshman ke sath siddhashram pahunche,Hindi
0,114546_text_03155.wav,usne Kaha lo bhai mithaai Khao,Hindi
0,114595_text_03007.wav,Ek Sadhu Tirth Yatra per nikale,Hindi
0,115465_text_02778.wav,Sab Kuchh Aisi jaldi main vah ki use to Yad Hai Bus Riksha Mein Narangi ke dost sadaqat Ali ki bahan ka bur ka pahan ke station tak aana aur vahan naurangi ka Milana,Hindi
0,115542_text_02918.wav,donon aapas Mein Ladne Lage,Hindi
0,115582_text_02332.wav,Ham Sathiyon ki jaanch karna chahte hain Neel magarmacch Bura mante Hue bola,Hindi
0,115614_text_02380.wav,bhaiyon ki Chattan se Agar Tum donon Ek Hafte ke andar bache nikale aur is surang Mark Tak pahunch sake to Guru Ballu Ki Seva Mein Apni Jindagi Kat paoge,Hindi
0,115900_text_02176 (2).wav,vahan kitne he parakrama Kshatriya yuvak vidyabhyasa Karte rahte hain,Hindi
0,115935_text_01617.wav,athleisure Dang Amazon par apni Pustak bhaiya Hawa Kuchh Nahin mein likhate hain ki pratikriya badi Humse Na ji aur Gaddar hamsun Tak Koi Sidhi Lakeer Nahin Hai,Hindi
0,116041_text_02156.wav,Narad Muni Ne Parvati Ji Se Kaha 30000000 Devta is Mele ke avsar per Ganga Mein snan kar rahe hain Jiski vajah se Unki Mahima a Ganga Ji Ko prapt Hone Wali Hai,Hindi
0,116198_text_01575.wav,lekin tab Kya Jab Aisa Hi Koi Yatharth Hamari thehri Hui Jindagi Mein Achanak se ghuspaith karata Hai tab Ham uska Mukabala karne mein Swayam ko asamarth Kahate Hain,Hindi
0,116420_text_02646.wav,1 Saptah baad chhut the aur passport per Jindagi Bhar Ke Liye Ban lag gaya tha No Entry,Hindi
0,116817_text_02630.wav,Unchi pitch per Halke se Kati Hui Hamesha se sakta Aahat Pareshan uski bahan ki ekmatra chij Jo Desh se per aadami ki Atma per Khoon Ki khargosh khincha Tithi,Hindi
0,117720_text_02921.wav,Sabhi Vijay pakshi ke Adhyaksh Jama hokar uska gungan karne lage,Hindi
0,117944_text_01530.wav,hinsa Ki Har halat mein Ninda ki Jaani chahie,Hindi
0,118650_text_03218 (2).wav,Ve Tu Te har roj subah hajaron mil ki yatra per Jaate,Hindi
0,119065_text_02302 (2).wav,common yah To Apne Grah kaun se hi Shisha Mang Leta tha ya Apne thele mein se ek Chhota Sa Aaina nikal kar unhen de deta tha jismein hue dekh kar tasalli kar lete the athva antim Roop dene ke liye Kuchh nirdesh de diya Karte The,Hindi
0,119872_text_02623.wav,Karyalay ke sabhi Vibhag Mein yah Khabar Karyalay adhikshak ka Mrs Ranga Re ke Jhule Mein Lage mogre Ke Phool Ki Bani ki Khushboo Ki Tarah chal gai,Hindi
0,119926_text_02175.wav,Mere bad shasan ki Bhag Dor ko sambhalne wala yogya Barish Na Ho To ados pados ke rajaon Ke Raja Mere Raja per avashya hi Aakraman kar baithenge,Hindi
0,120000_text_01508 (2).wav,lekin ise chalane wale Vijeta ko yah log sirf aadhe ghante Tak uthane Dete Hain,Hindi
0,120114_text_01354.wav,aap mere se Shayad Kisi Ne Mere pahle Kavita sangrah Suno Karigar Mein vah Kavita Padhi Ho,Hindi
0,120358_text_01688.wav,usne Bade chawal se dheru rishto Mein Se Ek behtarin Rishta Chuna tha uske liye ek bahut Bade IAS Adhikari Ki Beti Alpana,Hindi
0,120605_text_01549.wav,filhal Mumbai aatankwad ke sandrbh mein baat karen to aatankwad aur usse Paida Hone Wali vyavastha bhi ko dekhne ke liye Kuchh visual stablished kiye Gaye,Hindi
0,120860_text_01208 (2).wav,is badlav ka Saundarya aur iski chunauti Samriddhi Adhik jatil aur paripakva hoti Chali gai,Hindi
0,120872_text_03221.wav,apni Tej Gati ki udane ke liye Sada se prasiddh rahe hain,Hindi
0,121007_text_02441.wav,yah Bhi Koi baingan ki sabji hai thoda sa adrak aur Kachi mirch ko chhodkar Dhal Jaaye to uska Swad hi Kuchh aur Hota,Hindi
0,121369_text_02804.wav,is Umra Mein Raat Ki udad ki daal Gadbad Nahin Karegi to kab Karegi Sani ke natije mein tomer thi,Hindi
0,122036_text_01057.wav,Jin pathron per hone lag gaya tha unhen vah danube Mein Dhola,Hindi
0,122839_text_02919.wav,pahle wale pakshi Ne chal Kapat Se Jeet Hasil kar li,Hindi
0,123614_text_02259.wav,sui Ki Tarah Tej bunde varsh ke Takte per Barik Chhed kar rahi thi aur Shanti se jahaj Ek Pathar Ki Tarah dubne Laga,Hindi
0,123844_text_02708.wav,yani sal ke 300 Din Bheege 9 to 9 karod ki bikri doctoron ke sandrbh mein bikri Shabd Kahate Mein Iske at Patel prayog per Hans implant Summit kitne hi kharche Dalo 3 karod se upar ka munafa to Baithe gehi,Hindi
0,123864_text_02663 (2).wav,pahla Jo kam usne Kiya Hua Yahi Tha ki ek ki ek acchi Kothi wale Ghar Ke Aangan Mein Lage is khejdi ke ped ko Charon Taraf Bhati lagakar chunakara Thokar upar se likhkar usne Gol sugar Chopra Bana liya tha,Hindi
0,124333_text_03036.wav,vyapari Ne Socha ismein kaun si Mushkil baat hai,Hindi
0,124679_text_01195.wav,yah Bhasha Nida Roop se rup academic Rati Mai aadhyatmik AVN rashtrabhasha thi,Hindi
0,124764_text_02024.wav,is Virat view Mein 0 Mein batati rahti hai Param Shant hokar main use Shanti Ko Chhu Lena chahti hun,Hindi
0,124985_text_02653.wav,Sone Chandi ke Taron Ki Kadhai wale lehenga odni Baju band Lagdi na bola aur Bhi Na Jane kitne paramparik gana uski SAS Ne Bade Agra se Pan Aaye The,Hindi
0,125090_text_01558.wav,is earth main aapke sakte hain ki shabdon ke jariye television channel on dwara prayukt Chhavi Uni imaginary Hote Hain Jo do Virodhi Paksh aur viprit Disha Mein Ek Hi Sath kam mein le ja sakte hain,Hindi
0,125819_text_01710.wav,vah bus apni Naukari ke 20 Sal pure karte hi abroad Chala Jaega,Hindi
0,126384_text_01072 (2).wav,vah ISI baat ki aur Bar Bar Ishara karti hai ki sangeet ke minut batane Ki Tarah hi unke Jivan Mein Kala Aur Ras 100 se dusre Sartak Vinod Tute Hue pahunche Hain,Hindi
0,126431_text_01055.wav,man liya Gaya ki koi sachmuch Raat Ki hi Aradhna karta hai,Hindi
0,126648_text_02920.wav,Sant news Vijay ghoshit Kar Diya,Hindi
0,127814_text_02634.wav,Laut Rahe usmein sambandhit sub-inspector ko suspend kar diya aur gaon ki Sarpanch ko warning hi dilva Saka rajnitik dabav ki vajah se per Achcha Khasa Hungama khada ho gaya tha,Hindi
0,128277_text_03114.wav,mandir ka Shikhar Samudra Tal se unchai hai,Hindi
0,129162_text_02938.wav,Vahi Din pati ko Kuchh taklif Hui aur vo doctor ke pass gaya,Hindi
0,129469_text_02194.wav,Pratap Ne foreign Kaha ab tak thodi bahut Vidya Vidya Sikh chuka hun,Hindi
0,130504_text_01495 (2).wav,Hamari popular sanskritik pratibimb Sambhav hai use vastavikta ko bahut Kareeb se Samne Ranga hai,Hindi
0,131222_text_03147 (2).wav,Pita Ki aagya sunkar Beta vyapari ke pass gaya,Hindi
0,131813_text_01348.wav,Anmol Ghadi Aag Jal pata nahin Kitni filmon ke gane Bunty ki Bari Ki lakiron Mein Band the Jo sui rakhte he Jinda Ho Jaate the,Hindi
0,131877_text_02178.wav,Achanak Khidki Se Thandi Hawa ke Ek Jhonke naya kar uski Shield Kayam a company Paida Kar Diya,Hindi
0,132188_text_02369.wav,Lakhon log room mein Prathna gharon ki diwaron tatha bhitari chhatron per aur Anya gharon Mein uski kritiyon ko Bade Dhyan se dekhte hain aur uski utkrusht tha per Chamatkar itra Jaate Hain,Hindi
0,133028_text_03155 (2).wav,usne Kaha lo bhai mithaai Khao,Hindi
0,133529_text_01851 (2).wav,kya kar Ek Din Ki nishwas Bhari Ambani,Hindi
0,134371_text_01280 (2).wav,Jis Samay Dev Datt Pandit Ne chalate Hue yah Kasam Khai use Samay Ravi Datt Pandit ke Hath Mein Yahi Pothi Thi Jise chupchap unhone diwal Mein Bane Aale per Rakh Diya Tha,Hindi
0,134448_text_01575 (2).wav,lekin tab Kya Jab Aisa Hi Koi Yatharth Hamari thehri Hui Jindagi Mein Achanak Se ghuspaith Kar aata hai tab Ham uska Mukabala karne mein Swayam ko asamarth padhte Hain,Hindi
0,134684_text_01598.wav,is Pustak se aur Iske lekhak ke Prati Hui pratikriya se is baat ka anuman shahar hi Lagaya Ja sakta hai ki Keval na ji hi na ji Nahin the,Hindi
0,135039_text_03234.wav,vi per pahunch kar usne Aam ke pedon Ko Dekha,Hindi
0,135277_text_01206.wav,Naveen dashak Tak Aati Aati yah spasht Hota Chala Gaya Ki Ab sweet Kavita ki Pratham pankti striyon ki Nirmit Banti Chali ja rahi thi,Hindi
0,135379_text_03129.wav,use Pata hota hai ki kab kis samasya ka Samadhan kaise karna hai,Hindi
0,135759_text_03066.wav,Ek Din Mein bimar Padi Uske bachne ki koi Asha na rahi,Hindi
0,136305_text_02158 (2).wav,Yad Hai Pichhle mahine lambi lehrati Safed Dadhi wale per Humne Kaise Hamla bol diya tha vah isliye ki main use chhadmabeshi samajh liya tha Kandha Uchch khate Hue Suraj bola,Hindi
0,137560_text_01915.wav,use yah bhi mahsus Hua ki Jindagi Kisi ganit Ki Tarah Guna Bhag kar Nahin chal sakti aur Mukammal Sukh pane main sirf love Dhan ka hi nahin Hani ka bhi mahatva Hota Hai,Hindi
0,139895_text_02158.wav,Yad Hai Pichhle mahine lambi lehrati Safed Dadhi wale per Humne Kaisa Hamla bol diya tha vah isliye ki main use chhadmabeshi samajh liya tha Kandha uska Te Hue Suraj bola,Hindi
0,140062_text_02283.wav,is per Lallu Ne muskurate Hue Kaha abhi se Chalna Fir Na Shuru kar Dun to Gramin Mujhe dhokhebaj dher aaenge,Hindi
0,140288_text_02050.wav,Apne Pichhle Patra Mein To Jaise usne samuchchay Pran hi Udal diye the Uske bavjud Jab Rohit Ghar Nahin lauta aur na hi uska koi jawab Aaya to use laga ki vah use Kho Degi,Hindi
0,140482_text_01286.wav,devdatta Pandit ko Vivah Shuru kar apni Zameen Mein use jhopadi dalne ki anumati teri padhaai aur tab jakar unhen Apna varsh dharmputra Mila,Hindi
0,140770_text_02869.wav,but ke Urdu Paksh per atyant Lok wale AVN Vishal a Bhale Lage Hue The jo bhi Shatru Ke vicharon ko paraast karne mein Saksham the,Hindi
0,141542_text_01017.wav,Matlab Ki Bhasha ek action Nahin Prakriti ko dekh kar diya Gaya Hamara reaction Matra hai,Hindi
0,141745_text_02598 (2).wav,Uche niche Pahadi Raste apni Peeth per Ghas ke gathan la de jalane se utarti hansti muskurati striyon Janm Se Hi Pahad ki Jindagi yah Pahad Si Jindagi ko Shahar sikruti deti,Hindi
0,141793_text_03224 (2).wav,Unka beta unke liye fal Aadi Le aata tha,Hindi
0,142542_text_02476.wav,use Samay kheton ki nigrani ke bad Zamindar Surya Bhupati baggi Mein Laut raha tha,Hindi
0,142734_text_03072.wav,Kitna kahkar man Ne antim Sans Le li,Hindi
0,142925_text_01555.wav,aur dusra star Jiske jariye jajbat Bhavna rashtriyata aur indianness hone ke Saboot ko prastut kiye jaen,Hindi
0,143471_text_01651.wav,Ajeeb dikhate Hue use buddhe aur uski biwi ko Maar Dala,Hindi
0,144972_text_01880.wav,Intezar Ki Bahu pratikshit Ghadi khatm Hui aur Shakha ka prasav sampann ho gaya,Hindi
0,145119_text_01673.wav,Linux ko desktop Mein Keval prayog Ke Liye Hi istemal Kiya aur lagbhag Sabhi flavour per kam Kiya Jaise PCU Linux redhat Su se debian Ubuntu Aur Bhi bahut Sare,Hindi
0,145817_text_01586.wav,Iske Piche Yahi Karan hai ki sabhi ko Jivan Mein Ek maqsad Ki Talash rahti hai aur jab ko Yuva is Raah Par aata hai jisse mission ka naam Diya Jata Hai To Achanak se use Jeene Ka maksad Mil Jata Hai Aur Unki Nigahon Mein uski apni Ahmad badh jaati hai aur vah Usi Raah Par Chal padte Hain,Hindi
0,145969_text_03140 (2).wav,bus Yahi Chahte the Ki Kisi Tarah jaldi se jaldi Apne Ghar pahunch jaen,Hindi
0,147187_text_03313.wav,Dharm ke Pakhandi aur Bihari aadambar wale Paksh ka pardafash Kiya,Hindi
0,148907_text_01926 (2).wav,Afsar log to ghar per Hun Ki Nahin Apni Apni duty per Gaye Honge,Hindi
0,149092_text_01429.wav,pahle Akeli aur bad Mein angreji Kabhi Danish Hussain ke sath Desh Videsh ke Kai shahron Mein unhone Dastan Hamza ke hairat engage Kis karnama Ko pesh Kiya Hai,Hindi
0,149773_text_01543 (2).wav,Hamara Waqt Swatantrata ko kyon aise Roop mein vyakt nahin karta Jo use Priya aur bahut Garmi hai,Hindi
0,149814_text_01356 (2).wav,Jahan se Sarguja yani Ambikapur ki or jaane ke liye Aaj Bhi gadi badalne padati hai,Hindi
0,150772_text_02557.wav,Sanjana didi kahati yah Mera Ladka pata nahin kaisa hai ismein kabhi Shikayat ka koi mauka nahin diya Ghar Ho School ho ya pass pados Kahin To Koi Badmashi Kabhi Kare Koi To iski Shikayat le,Hindi
0,151274_text_03237.wav,usmein jaldi jaldi kuch Aam khae aur ek kam Lekar Wapas chal Diya,Hindi
0,151570_text_02378.wav,kabhi kabhi bhi qazaq Parivartan Parivartan ke heroes aldeco Se Ji Ranchi aur Sundar kharash Ki Tarah bhi sakte hain,Hindi
0,151865_text_02837 (2).wav,baniyani Uske Paon pakad liye the vah Jivan ke Shesh din ek Chhatra pane ki Akanksha Mein Koi Bhi mulya dene ko taiyar thi,Hindi
0,152314_text_02756 (2).wav,Har mahine 500 pound to mortgage ki crysta mein nikal Jaati Hai,Hindi
0,152387_text_01044.wav,hubei dhang se unhen Bajata aur Ajeeb se Awaaz sunkar Khoob hansta,Hindi
0,152795_text_02911 (2).wav,Raja Vahi Ban sakta hai jismein takat ho sujh Bujh ho aur jo Apne Samaj Ko ekjut Rakh sake,Hindi
0,153094_text_03031.wav,Sadhu is vyapari ke man ki baat samajh Gaye,Hindi
0,153328_text_02466 (2).wav,Yahan Ke Joshna ke sameep shivner Durg Mein Shahaji Bhosale jeejabai dampati ne ek ladke ko Janm Diya,Hindi
0,153816_text_02712 (2).wav,Duniya Jahan Ki Rajput aur Kar Jab Ham Unse Milana chahta to main use Kisi Nahin restaurant Park Station per Aane ko Kata na ki Daftar ya ghar phone per Apna yah Mera Naam Lene Ki Mana hi thi,Hindi
0,155215_text_01979.wav,Kabhi Tum Apne dakghar Se Kabhi Babla yah bahut hi Apne office se phone kar hi lete hain FIR Kat likhane ki kya jarurat,Hindi
0,155696_text_01756.wav,lunch ke bad vah Apne Kamre Mein aane ke bad der tak is Vishay per Soch Soch kar khulata raha,Hindi
0,156239_text_03006.wav,Birbal ki beti ka itna Uttam jawab sunkar Badshah bahut prasann Hue aur bole to Tum Bhi Apne Pita Ke Saman Chatur Ho,Hindi
0,156348_text_02892.wav,Kisi Kale Munh wali ke girft Mein Aakar unhone use Jungle Se Hi tabah Kar Li jismein baby udbilav shehzaadi Ki Tarah Bichad tatha,Hindi
0,156475_text_01108.wav,pahle Bahut Din Raat kam Kiya Karta Tha Aur Bhi Aaram tha,Hindi
0,156604_text_02718.wav,cream colour ki 6 manjila Bhavya imarat Ke Andar Bahar Ke photographs sabhi bhagidari doctoron ka Sandhya Notepad Sabhi doctoron Ke Ghar Ke pati aur mobile number unke dwara istemal ki jaane wali chamacham gadiyan,Hindi
0,157018_text_03086.wav,Iske Darshan ke liye Bujurg aur apang vyakti bhi kisi Devi utsah Se Bhare Hue vahan pahunch Kar Hi Dam Lete Hain,Hindi
0,157200_text_02977.wav,Kyunki vah apni man Bhai Bahan ko Hosla De sake,Hindi
0,157362_text_01820.wav,Shakha ko Institute se sakht Aitraz tha aur is Aitraaz ki pratikriya mein vah darjanon betiyon ki man Banna chahti thi,Hindi
0,157638_text_03235 (2).wav,main bade bade Rasile a aur Mithe Aam Lage hue the,Hindi
0,157983_text_01912.wav,Shakha pagalon Ki Tarah Hai Panch Gudiyon ko Bari Bari Se bilak bilak Kar Apne Seene Se chup kar rahi thi chup Rahi Thi Aur Atma Labh kar rahi thi,Hindi
0,158207_text_01936.wav,Ham Jaise Bhi Hain acche Hain Main Swayam ko Kathor banate Hue Kaha Tha but me Munh bich ka kar rah Gai thi,Hindi
0,158265_text_02950.wav,tarbooz vyakti ne apni Chhoti beti ki shaadi bhi taiyar Karti Hai per ab uski Halat pahle Jaisi Nahin thi,Hindi
0,159094_text_02084.wav,use Apne daen Kan aur galon per Rohit ki garam shasan ki mithas aur bhi beshak kiye de rahi thi,Hindi
0,159293_text_02232.wav,Iske bad Raja Kadam Se Ne dhumketu ki sahayata ki prashansa ki aur Shikshan use Apna Angrakshak niyukt Kiya,Hindi
0,160106_text_01436.wav,bhasmasur ka kand Yahi hua tha chhukar Bhaskar Dene Ka Vardan Lekar asur Shiv per hi uska prayog karna chahta tha,Hindi
0,160576_text_01886.wav,doctor Jaise dahad Utha Ambar Tune Mere Sath bahut bada aur bahuda majak kiya hai main iske liye Tumhen Kabhi Maaf nahin kar sakta,Hindi
0,160780_text_02996.wav,Mahal Mein jakar usne Sabhi kaksh tatha Shahi Udyan Deccan,Hindi
0,161116_text_02544.wav,Ganga Ne bade hi aaturta bhadreswar Mein poochha Kahin ke dimag ko chot To Nahin Lagi ghabrane ki koi baat nahin,Hindi
0,161549_text_02147.wav,ab vah apni Bhookh Mita sakta hai aur Agar Uske Chacha puchenge to kah Dunga Main kab tak Bhukha Rah sakta tha unhone Mujhse Jhooth Kyon kaha ki tokri mein saamp hai,Hindi
0,161620_text_01978.wav,lifafe per Meri hastlipi Dekhkar lifafe ko kholte Hue Tumhare Hath kam Kahan Honge,Hindi
0,161710_text_01773 (2).wav,Nilanjana Ki Aankhon Mein Samudra tufan paratha Uske Khule Sidhe Sidhe Bhure Bal sone ke tar lag rahe the,Hindi
0,162089_text_02318.wav,vah Ek Raja Ki Bati Ham Jaison mein se ek ke upar Baitha Hua Hai dant piece Deve Nikali Aawas beshak Neel magarmacch ki thi,Hindi
0,162331_text_02027.wav,Basti ke naam per Yahan jyada to National Park ke liye banae Gaye Kuchh Bhavan Aur Makan Hain,Hindi
0,162633_text_02694.wav,Magar kagaj per Pathankot mukhbir ke Taur per Dal diya tha ki uska atirikt utsah Vardhan ho sake,Hindi
