,Filename,text,language
0,000575_text_18198.wav,Nandanam Siya will I ever done even if they say to courier irukkirathu vanthirukirar Kural kodutha kunjum ke today live,Tamil
0,001147_text_22515.wav,avakasa ki Punam Sila Naal Gallan Bin Tere,Tamil
0,001225_text_26945.wav,in the workshop Pal Minsara cell Kudiyan,Tamil
0,001622_text_2007324.wav,niche Mein Makan in the mudhalali shaktigarh Varalaru Enna Solla Enna Solla yethu Solla Desam Ithu Enna Ithu Enna Puthu,Tamil
0,002249_text_30999.wav,ithayam year ke aage Ninda ponalum siragai virikkum sadhanangal in train in Tamil pacemaker idhar a Maker pacemaker,Tamil
0,003087_text_15713.wav,Fira narayanapura thiruvilavil pothu Iranian pallakku Naam Iruvar Oru Murai Enna paarthu palak paneer in Telugu,Tamil
0,003353_text_03910.wav,Andhra Pradesh Centre Hassan,Tamil
0,003494_text_27299.wav,veergarh Nehru in nikumbh Sivan Tamil Thiruvilayadal,Tamil
0,004267_text_02197.wav,Chinna Thambi Thina valthukkal,Tamil
0,004308_text_32497.wav,lekin Mundal Mata aruvai sigichai Christian Bernard,Tamil
0,005437_text_1609821.wav,Siddhar Padalgal Sumar path Padalgal Indian literature rail gadi Kanna nidurinchara,Tamil
0,005529_text_21784.wav,iruthi pathinaru vayathinile aangila padam Central,Tamil
0,007225_text_33682.wav,idyllic queen and Rasayan attack Malaria hue gunamakkum maruthuva gunangal,Tamil
0,007658_text_04151 (2).wav,Bhubaneswar 23 Jan 17 Vaidik Aryan Ram,Tamil
0,007724_text_24771.wav,Ayodhya Nagar ka Kunda Ko Salam Naat a sakti and and and and,Tamil
0,007814_text_17705.wav,n i v a Shiva Shiva Unnai Naan sagiren in the prasadam in Tirupati,Tamil
0,008071_text_26678.wav,irupatham noottandu Denmark in Mandalam Harold Mannan piragum,Tamil
0,008180_text_13047.wav,ya nahin Hun Main Agar Parvati Jaat chahie ya nikal,Tamil
0,008336_text_29634.wav,and the parrot in pair arogyapacha in Malayalam,Tamil
0,008600_text_1596107.wav,Mughal in chirkunda Parvati younger nirangalil flextime flex location selling point Nangal,Tamil
0,008997_text_01032 (2).wav,H B Udan TV Pratapgarh,Tamil
0,009271_text_10812.wav,ennavendru NIT Tina ungalai Marupadiyum Andhra veerashaiva parthal Athu,Tamil
0,009292_text_04749.wav,rajasimman interview citizen and the toteteca Vandan,Tamil
0,009292_text_26793.wav,edit edit edit with selfie with a,Tamil
0,009676_text_22085.wav,April ka petrol live,Tamil
0,009938_text_26790.wav,Minu Roy ka Peer cartoon cycle wala kambaramayanam petrol,Tamil
0,010450_text_27990.wav,our Gudiya by Murthal Calicut Oru Puram Puram covid-19,Tamil
0,010946_text_24504.wav,open the correct amodep at the pole kadan manithargal anaivarum urangidum Ennum Varum poluthu,Tamil
0,011626_text_631807.wav,cal beekeeping bado slideshow kar cartoon girl vivarane padangal Mathura Holi Shadnagar moolam pereda vilipunarvu Kalyan Nagar Metro gramangalil naditha padam Vendum,Tamil
0,011906_text_911589.wav,Muthu palagaram patriket kirar enbathu pothu Enna Prakash Raj Bhavan Kolkata Sonar party,Tamil
0,011946_text_28177.wav,Madina Ram note randall Spain and Philip Aranmanai,Tamil
0,012313_text_07879.wav,Kumar sakravarthi Kata Nigam and Wonder woman in the city avasiyam Tamil kuthu,Tamil
0,012835_text_1293261.wav,Edward Syed Homi Bhabha Hassan Gayatri Chakravorty spivak synnova acchi B N Singh,Tamil
0,012980_text_24708.wav,laddu sowkiyama indicator laddu in that activate labrador in pair,Tamil
0,013789_text_31833 (2).wav,ya nahin devil Ho Gai ya nahin iravatham Pol bed Le Gai Re,Tamil
0,014390_text_26770.wav,udaharan trick hyper in Swarnim matrum insulin Tadap Naal paathu paathu Kangal etrum Ithu Enna Ithu Enna Puthu Vidha wala chicken wala,Tamil
0,014572_text_140857.wav,Mandya exit Pol Patra Nagar Amman Alexandria win grey Kathua Palli in Thalaiva Tanwar the quality of pit kandariyum hydrometer nakshathrangal astrolab kandupidithavar Euclid Dal me die open seivathu vilaku vilaku vilaku Hai beshak Pengal varalatril indru Mela,Tamil
0,014768_text_22537.wav,aadhe kit ka saman aaega somadatta in circle,Tamil
0,015058_text_01199.wav,Yeh Dil Ban Mata Vandi Indore Veeran niruthi Mati Vandi varuthu varuthu,Tamil
0,015135_text_03094.wav,sorry simhasanathil Athira Kiran,Tamil
0,015609_text_133376.wav,Puducherry Indus Alipore fabricated by an idiot and other irukkum idathil Thalli ponal En panithuli Vaaranam Aayiram Tamil full padam Tamil I'm Pol Rich Rich centre,Tamil
0,015616_text_26684.wav,Bluetooth sale padatha Pattu Oru Kai pesi sadhanangal Udan Mudiyum,Tamil
0,015742_text_30487.wav,Avadh murugaiyan,Tamil
0,016230_text_13854.wav,pandwa Shiv Bhakt Darshan entry Arun kirar,Tamil
0,017072_text_13931.wav,padam naravi Pal Hrithik polite Giri,Tamil
0,017969_text_31506 (2).wav,nammai Pola Pila room irukka Vendum endru driver Baskaran nokki puneta,Tamil
0,018148_text_26773.wav,Kalla The Mandal pirandha Nal kanum Unnai arinthaal Mel or H K Kare kando Sunday Hathon Karam pidit Endrendrum ki h,Tamil
0,018691_text_27059.wav,Andhra Payal vinothamana miruthula Nigam,Tamil
0,018922_text_26751.wav,Bada Patta Patta carbohydrate girl matrum dhinasari Udupi Ruchi Ruchi pin Patra,Tamil
0,019192_text_253914.wav,only room Mangalam kanniyum Naga Colombo karte hue Kapda Emporium novel in takat Thandi pogum Kadhali,Tamil
0,019328_text_995767.wav,sense of Taste would feed aaega dharisanam,Tamil
0,019334_text_1625307 (2).wav,Parmeshwar Varna check Pandalam entry arikil ennal Narendra En peyar karanam Pathu manager pair doctor mathrubootham computer,Tamil
0,019527_text_133360.wav,Paridhi indrail Neela Vikhroli Varum Nee Thaan En rail vannile pookalam varavayi Nee Varum pothu vayathil Enna Vela Athu Enna Vale Adi syndrome,Tamil
0,021946_text_02813 (2).wav,Adi ennadi kuthama En kuthama En Murugan,Tamil
0,022257_text_17381.wav,Aaja Naal Eppadi chat week upadesam saeigirai act 1996 kunjum kunjum Athu Ithu Ethu neerukum,Tamil
0,022887_text_02886 (2).wav,Berhampur Sagodharargal silver Iranian come come up to Swargate,Tamil
0,022935_text_04743.wav,Yen endral UN idathil Irandam period udane Kudi kudi,Tamil
0,023039_text_23036 (2).wav,Karnal Nigam in the kiruthika Saiya mudiyavillai,Tamil
0,023764_text_01895.wav,amge ya Kalam Anar Mere devar n h a patra,Tamil
0,024117_text_28891.wav,original Malai main Thiruvilayadal Andre kaanavillai,Tamil
0,024849_text_295417.wav,our Merrill Lynch n23 Nirahua Nitin Thalaiva Udan Unki Nahin the bungle piranthavargal niruvanangal Aage hatrick hodimaga Purulia kalathil ettavum Le aap moolam Dangal,Tamil
0,025292_text_2074589.wav,Aditya tender Richard h Gale par Kapda Kapda pattern,Tamil
0,025472_text_15605.wav,Aravali ki leverage in vanthiyathevan Kati Patang,Tamil
0,025672_text_1997912.wav,Angana Angana Bangalore room disturb pannatha complaint,Tamil
0,025947_text_08620 (2).wav,malliyapoo Gandhi is a Padi Padi condome,Tamil
0,026104_text_05695.wav,model Amma endru kathin kathin kathin Chandigarh entry Satham serthu Solla Mudiyathu allola kallola,Tamil
0,026122_text_07395.wav,secret liye idiom a Alam boogambam internet with condom,Tamil
0,026435_text_1995946 (2).wav,Aasa adaki vendiya would pundra MI vajramushti Van Damme,Tamil
0,026565_text_08981.wav,Enge oduthu Oru Nari saptam ke today,Tamil
0,027647_text_22044.wav,Jungali nibandh padathil,Tamil
0,027652_text_33843.wav,mop broom anicham Magadheera,Tamil
0,027678_text_2056050.wav,samayal arayil breakfast table Munna loot kandukonda Naam,Tamil
0,029866_text_33535.wav,Arshiya village Mudhal muraiyaga syrup porulathara Mandalam Cup India win Gujarat l syrup polathala Mandaram serial,Tamil
0,029951_text_1300852.wav,what can I am pitching Enna Sona Udaipur ka Venu irukka Vendum,Tamil
0,030081_text_29248 (2).wav,Nakur Munh Mein Bhag kaise karen,Tamil
0,030111_text_1241342.wav,Bangladesh Bhutan Cambodia Sina India Indonesia Laos Malaysia Verma Ne Palam Thailand Vietnam Noor million km,Tamil
0,031828_text_35602.wav,opposite Vinayak green parlour room Nanded,Tamil
0,032053_text_23868.wav,ennidam Ulla Pol Cavill kappan n pen pole besamal,Tamil
0,032853_text_02403 (2).wav,I want to come Ninja convert it to both santhiran dhooram Mere,Tamil
0,033503_text_34714.wav,loot weekend mama Nurpur it Tere Naal,Tamil
0,034498_text_30363 (2).wav,America bill lottery Mega problem,Tamil
0,035550_text_33247.wav,non pattampoochi ODI vanthu Amma Veetu Kuthu,Tamil
0,035628_text_01602.wav,Disawar ka saman cricket,Tamil
0,035924_text_27192.wav,server ruled R unruled,Tamil
0,035945_text_11229 (2).wav,Aditya Kadam kattukul,Tamil
0,036158_text_165659.wav,Jagdish tytler Sajjan Kumar,Tamil
0,036302_text_21527.wav,Shiva Patri Enum pothu Acharya thalam Thullum thumba Poove,Tamil
0,036383_text_29895.wav,kavacham Tomb Run 52 and Neil and Avni thirumurugan cousin jambhavan Rumi Anandam Anandam Maaveeran padam Padalgal,Tamil
0,036584_text_02217 (2).wav,Agar Mulakat Ne Cobra de yaar dil per Gir Gai Re,Tamil
0,037189_text_33310 (2).wav,opposite Marathon dl4all Kumbakonam Bole Tungi Kunda Kunda,Tamil
0,037424_text_28344.wav,August Irandam theory idhar ka pura pick up at party B N Ravi Mani Ayyappa,Tamil
0,038196_text_07672.wav,ya nahin me the one the Chakravarti hm h Di Kumar room kirangi Kalyan,Tamil
0,038212_text_30363.wav,America wale lottery Mega problem,Tamil
0,038342_text_22325 (2).wav,nikal covid-19 tracker 3 to Myntra courier,Tamil
0,039434_text_32724.wav,power Gale Virtual Android Akhbar,Tamil
0,040263_text_119134.wav,Kollegal adikkum Sirf Tum Hollywood cinema Mathura train cinema new Hue vyakti moon by the Soviet Mahakali Mandir I sense 3 4 couple potamkin paraathe,Tamil
0,040652_text_2103487.wav,idhar nanga senjithara mudiyuma Oru nodi En Kangal involved in the project manager room level with project spec Thillai,Tamil
0,040846_text_03023.wav,Madhuri pura sirippathu Nami tamaki kulvidar sirsilla varangalai purple Kata in the cold within,Tamil
0,040948_text_07157.wav,Adda appuram unreadable even Siri Neram thappi Vuitton Eppadi,Tamil
0,042118_text_04201 (2).wav,are not Mulla chittani katturai,Tamil
0,042611_text_23077 (2).wav,malige viral 30 pm,Tamil
0,042721_text_27505 (2).wav,anal Muga Buddhi sali Aana amodita video,Tamil
0,042877_text_27044 (2).wav,Kesariya Balam Badi Muli rates in a hotel,Tamil
0,043285_text_34679.wav,Ramesh gramathu Nagar anupuram kudi,Tamil
0,043863_text_02996.wav,H M Thambi vate in the Abhiman it took on the way you lie,Tamil
0,043947_text_26800 (2).wav,Aditya and March madathukulam today rasulullah in Urdu,Tamil
0,044095_text_02825.wav,Afghani evvadanta with Facebook,Tamil
0,044110_text_27044.wav,Kesariya Balam Badi Muli rate in a tool,Tamil
0,044494_text_32552.wav,it Cuttack motherboard mushroom hard disc 15 battery upgrade se you bother power supply wooden courier CPU upgrade Saibaba power supply,Tamil
0,044727_text_03056.wav,Arnold Amritwani Multai to Vitthal,Tamil
0,045641_text_04180.wav,managaratchi matham Nagar Mudhal Theru koothu Tamil,Tamil
0,045958_text_05931.wav,viradi Vira gallantry Google Patra our nodium Murugan viratham paramjyothi bagatelle Ali Moti Kund Odia,Tamil
0,046123_text_02978 (2).wav,Yaari sukhe right angle yogik mudiyavillai,Tamil
0,046523_text_258844.wav,mukhymantri ambulocetus nadans in badaga,Tamil
0,046566_text_11152.wav,Ayyappa Dhire Dhire netriravu Kundan morning Pala Nanban Oruvan Kadambur Maligai,Tamil
0,046673_text_10561.wav,Mahindra Rajan Odia Dalapathi se Narayan Bhavan in Tamil I'm single Padai Padai varuthu,Tamil
0,047017_text_2103698.wav,case Raha courier Makarpura coronavirus tipeshwar Alam Yadav,Tamil
0,047941_text_22342.wav,kanneerin Satya ardhangi Naal koothu driver aatukutti Vidyut Kendra P diggy Bam riddim,Tamil
0,048454_text_393108.wav,this is a short tricks,Tamil
0,048644_text_07327.wav,Google in basapura till Kiran Apsara sthree Divya vadivangal Apurv Abhinav Bharati,Tamil
0,048957_text_26784.wav,Kothe mutra Gai veerargal Malar Malai aninthu Colva,Tamil
0,049395_text_32993.wav,Rajasthani Leyland gadi Audi gadi grammangal will I am not even then Parivar and Golden yellow record Gurukul,Tamil
0,049776_text_33766.wav,Sundar ummer kunduthode andar ki Pol,Tamil
0,050281_text_30173.wav,given in the oven and the gramathil arindhaal gramathil Oru Kulanthai padam,Tamil
0,050522_text_497368.wav,Trinamool Congress 15 communist Chhattisgarh Mein Udan manimukunda Marxist communist politburo Sitaram yechury,Tamil
0,050799_text_06454 (2).wav,harana material I'm in the wood Puram kannukulla,Tamil
0,050827_text_137715.wav,ventricle arivurai thanalil main aaega adhigam Surangi keerai Kulambu in the padam,Tamil
0,051939_text_182762.wav,pudina cut alaigal oivathillai pulav arisi arey kilo vengayam period carrot beans urulai kilangu cauliflower Pachai pattani Inji poondu Pachai milagai seimurai,Tamil
0,052508_text_30365.wav,to Kyon Agar Dil Kar Gale cycle girl Aadi Vega Muga phanek Kendra,Tamil
0,054606_text_03752.wav,Vidyanagar Manjunatha Satta purv angeekaram Kanakapura river,Tamil
0,054937_text_35516.wav,Munni Bai Ram Ram artist agale Thandi pad Bhagavan in Bellary,Tamil
0,055220_text_04193.wav,chitrapuri Road Tirupur Velur managaratchi Adiga Aavin kattuvathu Eppadi irukkirathu,Tamil
0,055321_text_2016266.wav,open Allo Walaikum vayalum vazhvum nadanthu Vantha Yuddham Aane Wala loda Vakya,Tamil
0,055345_text_360529.wav,Khatri marble down syndrome marble Mata pata,Tamil
0,055794_text_29056 (2).wav,Birbal mid-term Sathiya in the aayojan Dawood serial Akbar Birbal Birbal Naan Unnai Oru Ganam Sunday,Tamil
0,056132_text_07268.wav,angalai Payo pisasu entry award Sandhya,Tamil
0,056519_text_292909.wav,Veerapandian Vidyalay Rajendran Punitha Pandian Jaya Baskaran Bharathi Krishnakumar Malati Maitri Bhaskar Shakti ki Ramesh Oggy or negative,Tamil
0,056750_text_28677.wav,non periodic Napoleon kittam,Tamil
0,056780_text_02185.wav,yah Jamane tangad Sona Sona par Diye,Tamil
0,056951_text_31756 (2).wav,opposite Vishnu Divya Drishti real Andhra saagavaram Patra De tukun De Sada tukun De,Tamil
0,058348_text_32299.wav,advik Siddhartha Kendriya Mantri Assam,Tamil
0,058618_text_29312.wav,maturity neela neela kuyile,Tamil
0,058739_text_1999736.wav,are bhai Nari Se Sikh Kitab Ambassador Santro Honda Civic Patrika wale kidaiyathu,Tamil
0,059127_text_33902.wav,Oru paarvaiyil aavaram poo kandal chirikkatha krishnadhan Mandal 10 pata,Tamil
0,059376_text_932944.wav,average Putra Meri Mala Tuti Enna Pathu Pathu,Tamil
0,059490_text_07042.wav,under muthumalai per se Kumar chakravartin Canal pettukola nerathu Pattu Ithu Ithu Ithu Enna Puthu Vidha Maayam,Tamil
0,059563_text_24946.wav,kilruba Madhavan Chinal Kulanthai piranthal Vyasa other kasuga interpreter,Tamil
0,059772_text_18056.wav,a Gaya Mandir important chirakattu favourite Ilavarasan m h o d i s h,Tamil
0,060100_text_13640.wav,RT Nagar Raja Magal Kiran Ki Janam Kundali,Tamil
0,060764_text_02160.wav,Indore 11 malyutham Pol,Tamil
0,061730_text_1573272.wav,mami Eppadi velvet enda Enna Velai,Tamil
0,061999_text_21788.wav,Madurai Madurai Kamarajar palkalai kalagam in reparil palkalai kalagam,Tamil
0,062262_text_16482.wav,can we read the Partha pothu pothu full andar andar,Tamil
0,062535_text_30470 (2).wav,aadhe Kheli Pata Ramesh Yogi ashirvadam military entry Anaconda,Tamil
0,062579_text_30187.wav,and the and one a h a modular Sariya Ne Pathu Enna vilai,Tamil
0,062631_text_04149 (2).wav,binwalk Parivar Mudiyathu,Tamil
0,062657_text_22869 (2).wav,Sunil Sunil Janam yah Nigam are Boro Mandir Sakthi ullathu Kadhal Padalgal,Tamil
0,063783_text_32681.wav,unnaal UN Totem Sudama kirade Uddin the illegal and Sridharan aam in,Tamil
0,064169_text_274262.wav,Janpad Palika kadanthu pogum real balamrai in orange mittai kalaru desiya Kodi Kundo serial 8 August,Tamil
0,064272_text_28927.wav,Raja bhogam ke bandhan Nicholas kudumbathin karuppu Roti Theni,Tamil
0,064671_text_24896.wav,Vishnu Yog and it really over the Shakti Power weeder Aadi Shakti Aadi Shakti Vishnu Sarv Shakti,Tamil
0,065829_text_22208.wav,cinema Dangal par Tiranga Thiruvarur tenaliraman Bittu Chandran,Tamil
0,065959_text_10583 (2).wav,Naane varugiren Arun Verma,Tamil
0,066023_text_29875.wav,under Chamiya tilden power in brute force the naked City thieves Highway Mulana padangal Valley,Tamil
0,066335_text_23892.wav,wooden Nahin a Rahi Badi Kondu vanthen Adi Pradesh taseda ambigaye in male to VR Chennai,Tamil
0,067615_text_02704.wav,nibandhan jungle in the Kunda Kunda Kunda,Tamil
0,067869_text_28449.wav,Krishna Yamuna Kalyani Raga alapana kirtanam vasi Kalanaur,Tamil
0,068150_text_01964.wav,manickavelu Devi tarike se humeral Neend vaithu Enna Sona,Tamil
0,068488_text_08846 (2).wav,lingadalli Maria B Patel,Tamil
0,069098_text_1080118.wav,udalil Ulla sale Gale kattupaduthum mukiyamana enzyme girl tyrosine-protein girl,Tamil
0,069716_text_08555 (2).wav,Kunal Gudiya Gudiya Karya Te solvay,Tamil
0,070751_text_27858.wav,Jaswant Singh and won the Marwar Rajam Rajasthan tha palaivanathil,Tamil
0,071445_text_21588.wav,samastha Nadi Badi Gad aur Gudiya comedy,Tamil
0,071978_text_22559.wav,anyone natak thirumbi Chellam En Chinuku Ujjain,Tamil
0,072094_text_22280.wav,Nani PO the circuit iruku Mela Nahin porain in gaurikund Mele Mele Mele thavikuthu,Tamil
0,072605_text_24717.wav,Vennila Uttrakhand murgi irupathu Pol Oru Enna Pathu Nee indri Naan kattil Mele,Tamil
0,072951_text_23650.wav,wadyavar ajithsingh I nibandh,Tamil
0,074136_text_21677 (2).wav,Indra Loom a nursery rhythm non contact number,Tamil
0,075307_text_28273.wav,Pawan viraivil Legi Pade Pade Pade Pade entry,Tamil
0,075970_text_2095896.wav,your make India TV Gal Trinidad the Welfare Randhawa,Tamil
0,076106_text_19454.wav,parvatara nalam Ariya ft Pradesh Thai Pola,Tamil
0,077047_text_08288.wav,Hakuna Matata Sona Munda kadambathur khol vinayakudu,Tamil
0,077256_text_06793.wav,male Upar Gale enthan Uyire na Unna pathukuren,Tamil
0,077417_text_1181501.wav,Mangal Gal muthukalai muthukalai muthukalai Suman irupathu Puthiya Paravai Tamil Nadu,Tamil
0,078008_text_30220.wav,Matru variyam Hanuman Maruti Naal Taqdeer Badal Dunga w Urvi ya galat anumati taka taka,Tamil
0,078062_text_128075.wav,school neermarga tak warning memo Kathu varaikum practical exam thiyam cancel Marupadiyum schedule port where an external officer in an API example for external officer spotle suspension order kudathu,Tamil
0,078088_text_1180610.wav,Woodland showroom Malappuram irukum lift muthathil cyber crime Al Ulagam sirikirathu 113,Tamil
0,078109_text_34269.wav,didi dinner Vishwaroopam Agrawal Shivaji Veerta mugalayargal Afzal Khan and Pina,Tamil
0,078159_text_35695.wav,Andhera abegor Manasu Ellam Anbe anbin kathirukum cell phone Malayalam Aditya to America,Tamil
0,078339_text_1905431.wav,Scotland Amika padam Mega perumpalam Kalai Madu Katti perumpuzha Pal Maharani near Magarpatta SEZ entrance test engineer modscan32 engineer Alam Wales University in Yatra coastal Hungama gaan,Tamil
0,078361_text_10878.wav,cardamom made Melam Kallu irukum varavendum Sari Sari Nee irundhaal yaravathu Patel Marine Kingdom,Tamil
0,078368_text_24598.wav,non-oil TR no tiene Basti koramandal sendra Koottam dinosaur gadariya Pushpa,Tamil
0,078430_text_32472 (2).wav,sali ki Jenny and iruthi Tola Monday America video,Tamil
0,079583_text_28950.wav,on Baboon kurang covid-19 Orissa,Tamil
0,079770_text_30326.wav,yah new Abaya Karam Munna arindhaal,Tamil
0,079934_text_03995.wav,Ramu sirudhaniyam TV remote,Tamil
0,080263_text_04345.wav,aiyo Mughal thirumanathirku endru kuyil paaduthu and Iyappan,Tamil
0,080352_text_10303.wav,maduranthagam Yogam Eppadi h vichitramani Jathagam athiyuthu,Tamil
0,080704_text_110509.wav,other Kasba Arvind Thiruvasagam Namak thirakkum Thiruvasagam padal Kuthu padal Aarav the Patil Aarambh manickavasagar katreva Satyam tunnel kannathal padam matham Oru daivam thanna Thani kattukulla Kadhal,Tamil
0,081335_text_22053.wav,enel anavayal trumpet Manavar samaskirutham solli kodutha Vendum in viruppam,Tamil
0,081691_text_34756.wav,kovam Thali Kariye Jayanti and I would it,Tamil
0,081851_text_22080.wav,Kabhi Munh Nigam tirimiri ki nikaali Mahadevi petrol petrol,Tamil
0,081970_text_10764.wav,Angan in Brindavan Odia khudi atomium,Tamil
0,082137_text_27366.wav,barakhadi line-spacing patrakaar ki space Amit Vijaygarh,Tamil
0,082350_text_34940.wav,Nobita,Tamil
0,082479_text_689965.wav,Suyash call bhai Panama call bhai get together ke Pranjal pocket B and the less let's call why am I am done with the workers stop,Tamil
0,082806_text_2014008.wav,angalakuduru Ram Krishna Puram Sector corner dispensary there are other cigarettes i n a n a t,Tamil
0,083140_text_34028.wav,Om Yantra,Tamil
0,083689_text_1082668.wav,smuggled goods Ruba angappa Karthik Kiran,Tamil
0,083809_text_1484988.wav,Nirmala chittod virumbum sanathani Mathur Hotel Hill song rong Sangi,Tamil
0,083864_text_06145.wav,Pallav Samrajya teen patta Rasiya Devi Anthapuram Vandana,Tamil
0,084759_text_08673.wav,itne Neram ilai Parinda Vallavarayan ki pothu Shuru shuru,Tamil
0,084820_text_2068583.wav,Tamil Sahi padega Rani Raja Mohammed special nataka Raja Baat Nadigar Mallanna padal Kalai arrival Pathak,Tamil
0,084903_text_17302.wav,Iranian Pathri Nur Digambar nitant avalidam and I will lie,Tamil
0,085064_text_255624.wav,anyway Andrea British India recent survey turant Patra h i was either pothu Valmiki Kudi padam Tamil vedar Gomathi sayantika sringaverapura aagaya Gangai Karai Thottam in room tone Tamasha bisri where does Roti Gomti Gomati sayantika sringaverapura MP3,Tamil
0,086525_text_28778.wav,an article on getting wake up at park in Patna,Tamil
0,086607_text_23886.wav,Ankit kannamangalam Parichay mangalmay Veer pothineni and it will Eppadi vaipathu endru prachanai,Tamil
0,087381_text_21626.wav,sadhur Masa kalathil Oru Vellai padam padam,Tamil
0,087440_text_02996 (2).wav,H M Thambi,Tamil
0,088361_text_1340343.wav,Alka sali even cartoon even just ponder over Gal on megathathu Chi and MI ke padhaai meendum Oru Kadhal Vendum,Tamil
0,088363_text_533397.wav,Kalamkari,Tamil
0,088433_text_22452.wav,raktdaan kandanam Tandi in Udal Janam like Ashokan Tirupati Pushpanjali petrorgal Magan Vitthal Mauli maranam airport Udan,Tamil
0,089130_text_22943.wav,Kunj Kalamkari thirakkumbodhu Kodangal arasanum walkathon,Tamil
0,089677_text_27979 (2).wav,see the tower kabaddi in Kannada medium money power women LCD,Tamil
0,089847_text_1530506 (2).wav,Kavin airport to equip Gate Douglas englandian Kent mahanati trent Bridge Wells in rural general Purandar airport Gate englandian Kent Muga nathane trent Bridge Wells in rural January,Tamil
0,090495_text_02426.wav,Alla UN mylarappa within ennam Pol lyrics,Tamil
0,093067_text_26721.wav,Holi chair ke cell girl Suryan in Al Ain padati near in hydrogen Oxygen and hydrogen Court near I would cover up at Kari Amir Vayu wooden carbon dioxide in Hindi glucose uruvakki oxygen Valley video,Tamil
0,093247_text_27505.wav,Anar MHA Buddhi sali Aana good morning number in USA yeppadi in Chandigarh with name edit,Tamil
0,093678_text_02824.wav,Hindi Dum Khuda Ne Kuthu Kuthu Kuthu padam Kuthu,Tamil
0,093793_text_04365.wav,iruvarum Oru Kadhai p s e b,Tamil
0,094741_text_21450 (2).wav,Naal Mudhal Pathu Pathu Kulla Mumbai kalavaram Moondru Kadhal Pattu,Tamil
0,095082_text_1175403 (2).wav,upri Manzil and then Nayika paththu hostels in road patiram Singham,Tamil
0,095985_text_564716.wav,Teri Man ki Panna unfriend check lunch party when I'm done by him balcony,Tamil
0,096636_text_27936.wav,kanneeril Nadiad overcoat Aayirathil Oruvan theme Moondram and 40 Macintosh kandupiditha,Tamil
0,096943_text_21763.wav,Rajkot Mandir Porbandar nutri Road,Tamil
0,097423_text_05523.wav,Jyothi Satra Neram pesama live in the wit,Tamil
0,097797_text_29251.wav,varalatril punyadhama Mangal Alam Palam Konda Ramarajan padam theriyamal Arvind Naam Ke Upar thiruppam Jungali Badal,Tamil
0,098447_text_1474405.wav,Aama Sami part 53 pakka poren in the Messenger Kuthu Kuthu appuram number side business in Pogo Pogo in Tamil,Tamil
0,098900_text_08846.wav,Pavitra ningal enne Vitt Parthen,Tamil
0,098960_text_1973882.wav,poonasar Indra Pavitra Bandham kovam Tamil wife Sar industry,Tamil
0,099364_text_29980.wav,honest red light area in the iron bar thank you like Konda Una wale,Tamil
0,099497_text_35019.wav,avartan Odia wheel Odia anthikad,Tamil
0,099532_text_1934025 (2).wav,Mumbai pateria maximum City Mumbai lost and find Sukesh Mehta win and Michael novel,Tamil
0,100237_text_33318.wav,Vyapar Nangal Kuppam 18 aage vaasam se bade Dam where did endru solli solli Vitten,Tamil
0,101107_text_01964 (2).wav,Manikya madam Devi HD ke Sahi Mari Nind victory Enna Sona,Tamil
0,101169_text_65479.wav,punctal bur ki Hua kab Pata Kali Mata Silai Nabi Musa h Gal Charitra Telugu full movie spear and evolutionary pracharak Nabi kalathil Islamia theatre via a v Puri satyata Neele Naate Nabi Muhammad Paisa Odisha,Tamil
0,102046_text_30968.wav,Ulagam Ulagam sale Bada Kudiyan in the network Udan airport T3 Airport,Tamil
0,102050_text_348872.wav,Barish Ham thotangare British Kadhala Bangali Enna Puthu vitha vitha Samandar Central purchase Badi endru solli total,Tamil
0,102230_text_352952.wav,just 20 minutes Machi,Tamil
0,102412_text_33650.wav,gunasheela engine repair Kunda Avan tan tan k,Tamil
0,102710_text_34592.wav,Karthigai Pengal Parvati a Raghupati,Tamil
0,102934_text_1299598.wav,Russia panel destroy ka palasnath Burman serial,Tamil
0,103679_text_2077990.wav,Amirtha taranam Asansol e Amir,Tamil
0,106347_text_02104.wav,Thiruda Thiruda Vijay soda Mudhal Irandam paruvam Sundar soda soda number 111 part 1,Tamil
0,106587_text_24471.wav,Greg and the Kanavan Katti Katti audio mudiyavillai Pogo Pogo and the Kadam Nagar,Tamil
0,107363_text_11190.wav,Ariel Irade chithappa dagi Unna Piriya pirati in water Nair club entry,Tamil
0,107403_text_143198.wav,wood B urf Pola thirumbi varuvanga Lo Mata ke jawab Saleem,Tamil
0,107519_text_1554215.wav,tongue of butterflies banati Portugal and primary host,Tamil
0,108239_text_07006 (2).wav,Oppo INR perumani arangetram Nadi wale Patte De Naal koothu Sargam,Tamil
0,108845_text_29411.wav,idhar comedy wale The Click side lock Taskbar endra sollukku angle,Tamil
0,109051_text_21794.wav,tunganagara Mana Madurai Meenakshi sundareswarar Koil Thirumalai Nayakar Aranmanai 1 Dua Mariamman Kovil Teppakulam Gandhi arungatchiyagam sutrula thalangal in Nagar Nigam irukkirathu,Tamil
0,109281_text_14414 (2).wav,kurti ke Makan Andre kurti kurti,Tamil
0,110100_text_30302.wav,Patanjali MP3 Vadivel Mata repair encoder menporul Gale point,Tamil
0,110520_text_30031.wav,yellow room Kudi tarike nadathurakkal,Tamil
0,110770_text_1923184.wav,gayak sambandhi Brahman ke Aadesh Bharat Mata Ki,Tamil
0,110888_text_07453.wav,Anda wali 17-18 Kund under 200,Tamil
0,111312_text_23948 (2).wav,wooden Vaijayanti Appa thirumanamam thirumanamam,Tamil
0,111481_text_21759.wav,Adam Thakur Sahab Vishesh abhimanam Hue Tiranga h kunjum Odia gappa Odia,Tamil
0,111662_text_34079.wav,Shiv Puran Oru Murai Unnai parthal avastha mein,Tamil
0,111758_text_31756.wav,Oppo the Vishnu Dham Divya Drishti and Rakshit Shergill Varum Patra there in the Kund Ada ethereum 11 Sunday port tukunde,Tamil
0,111864_text_29671.wav,sunsea Anpadh Kyon u18 Patra,Tamil
0,111868_text_11350.wav,Parasram Magan Vijay Verma in Bhavan sudamani viharathi Nagapattinam,Tamil
0,112349_text_27625.wav,Radhe kit Lopamudra Idli Patra under 499 oven call will win the vanangai Vinayaka Khand in the Jenmam Sar value,Tamil
0,113233_text_1043514 (2).wav,Chakrapani Nariman Point Lalla Bombay custom sale dispatch clerk,Tamil
0,114668_text_26678 (2).wav,Eid Patta nootrande change Denmark En muthalum Harold manner a Ragam,Tamil
0,114826_text_28857.wav,Ravan sugriv and in Tally me the parent vanarama young girl ravaneswaram Korean khel,Tamil
0,115664_text_10632.wav,Aroma Thambi ponna anupudi Kunda Kunda Devi in Pradhan Mangal Nagar,Tamil
0,115784_text_287640.wav,Singapore Hong Kong Chandigarh Delhi Agra ki and Tod Gali parappuram chitin and chitosan glucosamine Aage Moondru Mugam Irandam padam marudhu padam,Tamil
0,116321_text_30326 (2).wav,mandabai Karma Nritya mounangal,Tamil
0,117019_text_22169.wav,purv police Jamia Oruvan Vijaynagar took them,Tamil
0,117722_text_01756.wav,anthakudi syrup in ODI Kat piriti piriti entry,Tamil
0,118974_text_02330.wav,Agar Kapoor ki ticket ka Vinod Patel,Tamil
0,119634_text_106555.wav,Ek anchor per galada Tanga Tanga Tanga Paisa padatha samaskirutham kurukuri,Tamil
0,120464_text_33043.wav,cbp alarm current,Tamil
0,120575_text_16490.wav,today serial maaligai in Kiratpur Athu vanthu Moondru Mugam kadhaludan calendar Pathak,Tamil
0,120775_text_07327 (2).wav,movie in Basil purathil arande Apsara 3 gallon Divya vadivangal Bharat Abhiyan,Tamil
0,120975_text_07076 (2).wav,iron Kadai Ke Side munindra cylinder Pothum,Tamil
0,121620_text_479840.wav,adored Sangathan Sangathan Mein K Hunter United Airlines Delta Airlines IATA portal niruvanangal body ke alag alag Kunda face communication internet in more than myself,Tamil
0,122741_text_24529.wav,karuvil irukum both our structural mass in all their Pata wish you talking ethanol in the Quran,Tamil
0,123045_text_31137.wav,indiavin Mudhal governor general Warren Hastings,Tamil
0,123070_text_31062.wav,winner ningalil in Kolhapur girl covering the central and Ravan,Tamil
0,123335_text_11615.wav,amge Moondru Per kam ka Patta Patta Gale avanodu,Tamil
0,123541_text_34951.wav,asthma sinus Vayu thollai,Tamil
0,123961_text_24945.wav,avartan manasuga Gangai Konda pole pathinaru devar girl is a Ramba Urvasi phone Road nadanamadi Nagar,Tamil
0,124104_text_04075 (2).wav,Anya padangal Pol Nee pesi Mandeep qatalum on the soul the word and the word bipolar,Tamil
0,124172_text_04183.wav,aur Salim ka Nikah mushroom Sadharan sodium,Tamil
0,124309_text_03372.wav,our Gali Monal won the one where yaarumilla 17111 the Uruvam aur Manav Ramya Pandian,Tamil
0,124642_text_29197 (2).wav,update garudakodi anti-virus Mainpuri Le install Sengar,Tamil
0,124930_text_01837 (2).wav,navamani Anjum in Tamil alava Chakravarti,Tamil
0,124943_text_1396500.wav,other Adi Padalgal one Murugan movie song,Tamil
0,125031_text_01426.wav,Naan solli Enna Palan n Final,Tamil
0,125084_text_370992.wav,Andhra Pragathi uruvakiyavar Garh Thomas Jefferson John Adams Benjamin Franklin aagaya Rava,Tamil
0,126272_text_1051743.wav,aksharbharati Vineet Chaitanya mushroom Rajiv Sangal brandeis hall India Delhi Aravindan neelakandan Tamil Sanga ko Shayad a in Tamil Jungle in Central Park 17 Anya Dangal Sangam Sangam condom,Tamil
0,127883_text_03261.wav,Anam Karya Mudiyum burial jakar,Tamil
0,128461_text_2073460.wav,Manav Mela Mela Marathi poem,Tamil
0,128543_text_05982.wav,are the Mughal 10 in Tamil moral Siva bhakthi ganam Tanda Kangayam Amudha vellum,Tamil
0,128885_text_28190 (2).wav,munendra Binu kachhal,Tamil
0,128947_text_03601.wav,khatro asatya Magar Aditya Kundli,Tamil
0,129141_text_02040.wav,Gita Mittal Gori Gori Gaal par Til Maaveeran Mannan pirantha Ganda,Tamil
0,129429_text_22535 (2).wav,unmail Naan Oru Naal Oru koothu,Tamil
0,129680_text_21747.wav,non moon Bakery rupaye Pol,Tamil
0,129881_text_16064.wav,Marimata Nana Varun Ahmedabad Pol Oru Minnal Oru Murai vanthu,Tamil
0,130083_text_1986189.wav,Kudi pagal Langston Hughes mamu adonis Anna akhmatova Barot pace pace pond Road purple Param silver ke gana,Tamil
0,131321_text_1701232 (2).wav,aur cal robot Pol money Thakur Bangaram nut bolt Tirupati Kaalam Varum appuram B complex capsule,Tamil
0,132398_text_27130 (2).wav,India will continue trundle vanthu vanthu Paru Amir khusru Mitra,Tamil
0,133109_text_1971259 (2).wav,Kerala Tel ko Chetan Kochu George Puranmal null value ng-valid and mudhan mudhalil marks Padal,Tamil
0,134817_text_1442111.wav,Punjabi Michael ka suit Lagane wale paudhe,Tamil
0,135306_text_02953.wav,how many insider trading account,Tamil
0,136386_text_07324.wav,Tangled Malik Big Show Vin mugathil Prakash Samundar,Tamil
0,136607_text_06957 (2).wav,dhoorathil a Gai Mukkam sanganatham Kudrat Ka Ladai Satyam calender Ketan,Tamil
0,138163_text_09421 (2).wav,Aana leveraged centro centro K V Patel,Tamil
0,139645_text_24416 (2).wav,Viraj awantan Kaise Veer ka ghar Kunda,Tamil
0,139653_text_24073 (2).wav,anal IR Badi Garam seidel podhum naatil Nagpada koodume Ellam koodume Ellam koodume,Tamil
0,140258_text_30100.wav,Naanum Oru kaalathil teenager vrindavan,Tamil
0,140370_text_22550.wav,arcata Marsh LN En Mugam avamana Tal h kollidam after d and all done with indicator,Tamil
0,141200_text_01829.wav,Andhera makdawan pairi Kundan jamjam Yen Ennai Thedi vanthu,Tamil
0,141311_text_03858.wav,about Ray white Nan b i alangarithu rain,Tamil
0,141567_text_1137073.wav,paryay Rasam duplicate Rasam Y ki vilangad Namma Balu Balu,Tamil
0,141666_text_06214.wav,narmadiya likeable padega Pulikesi n Si Niyam Legacy karathil Munnar,Tamil
0,141946_text_03029 (2).wav,ya to Dehradun Anbe En Anbe En Anbe Nee En Pillai,Tamil
0,142260_text_28953.wav,Pandri nooravathu Mall interest payable on arrival munnuru ade Bhoomi ade,Tamil
0,142516_text_31146.wav,India win Mega Periyar Mavattam Gujarat Kutch,Tamil
0,143930_text_236243.wav,andhapan Par Teri Aadat rascal Lotus Karana virus Mein Kapda kapda,Tamil
0,144439_text_353800.wav,Kesari Nandan Mati Rahane Patiala Sar Yoda Audi manasoda Vega eppadithan Tamil,Tamil
0,144795_text_08809.wav,murder gopurangal super Kalash angle angle awatare vandhiyathevan kathikund,Tamil
0,145077_text_1708316.wav,jahajpur vimaanam gym Kancha Kurban rocket Rai Hrithik Daya Purvi manam do eruthu upyogi kapda,Tamil
0,145197_text_01156.wav,Kudi rahi hun Kondu ponal somavit with Vitamin Enna seivathu Eppadi in the Nagar sattam,Tamil
0,145700_text_303760 (2).wav,Kabhi Thodi Kachi Yaari nikk pattaravakkam cigaret armourcoat and in the pin commissioner than in white Kutiya Badi Bhanje you are you ok anekattu the computer hacker Raghava Road P S K Kadhal phone call away Tinku Vadivelu police informal Mariyam Hospital police Adhikari padam Kuthu Kamal Haasan Supreme sandwich kudikum coffee coffee flask in mood mood Kamal Haasan police Jeep Unnai Pol Oruvan,Tamil
0,147650_text_19893.wav,abhi tum bade in the Akira mummy yaar Sahi today weather kagaj Haidergarh 17 Sal,Tamil
0,147950_text_30192 (2).wav,pagal tamilnattil Jallikattu in repairing Pongal in both gramangalil Kunda,Tamil
0,148630_text_21527 (2).wav,Shiva Patri Aacharya thillam thillam Amrinder Gill,Tamil
0,148699_text_06996.wav,Magar rajadhi Raja bhumandal Adi Badi tribhuwan Chakravarti mattavilasa Vichitra Siddh sangeet,Tamil
0,149146_text_27196.wav,stunt adimoolam Akbar Prabhu Naan pirantha video song,Tamil
0,149313_text_10066.wav,amp3 Gali Loom Parivartan wooden building in Mathura and Iranian Mugam Ithu Pol Pol,Tamil
0,149816_text_472260.wav,Malai Vasa thalangal in Aasan Tarika padam Venum Udhagamandalam Paunga beta Malai Varum Malai idum since Paunga cal Aarti devichi Ooty kothagiri Coonoor entry Pala Kodi Pengal kavarchi,Tamil
0,150183_text_12671.wav,soul soul Enna Katti Pola Pattalam soul jungle girl,Tamil
0,151047_text_1334083 (2).wav,Aditya Kannada Siri on the order,Tamil
0,151063_text_23916.wav,Manna Narendra Verma vi Jayanti Nigam,Tamil
0,151312_text_04639.wav,aagayathil what time it took in the parent and the palm bike cover Pathak kathikund,Tamil
0,151561_text_01055.wav,Balveer 1112,Tamil
0,152518_text_02134 (2).wav,Kannur varthakal,Tamil
0,152676_text_02706.wav,abiotic and jadhavar in terminal,Tamil
0,152704_text_29464.wav,Adhe Neram 1 brother Ente daivam sampurn young entry,Tamil
0,153816_text_02728.wav,song vilakkam sudaroli oven mugathai me dividend,Tamil
0,155050_text_04193 (2).wav,Puthiya Road Tirupur Velur 15 elam managaratchi Adiga album kattuvathu Eppadi,Tamil
0,155312_text_1175374.wav,Agar Lana Andre Reed pondra Mandal and petroleum,Tamil
0,155359_text_06986 (2).wav,Gali Le Sangi adivasi allam bellam ka Sangeet intrapartum Kalika Patel,Tamil
0,155791_text_01667.wav,Govinda kalingarayan carnaval varga Pandit chala raha hai parantu Chakravarti in Tirupati near Maruthi Nagar,Tamil
0,156356_text_08991 (2).wav,Agar Man ke bhai Jitendra Kunde Kali Mata win silk saree wearing,Tamil
0,156459_text_26818.wav,Ratiram Mein Lota ma ka parthal Anni Regal Cinema cold in Puri,Tamil
0,156491_text_1072051.wav,Gomathi Natarajan not Patra Deva Bhakti endralum nammoora Irada Manithan padam Kuthu padam,Tamil
0,156571_text_08891.wav,under sivakumaran Manu Laga till Tamil kuthu Katil Punam Katha,Tamil
0,156694_text_06367.wav,Kan Katti Sone mudinthathu endru solli Kunde Aligarh,Tamil
0,156997_text_09918.wav,Eid kelungal Virendra Varum Khiladi Satyam kettathu,Tamil
0,157027_text_27649.wav,Birbal Mettu Tirupati parrot Tamil meghavum Akbar and Birbal edam Kodinar,Tamil
0,157105_text_11308.wav,yaar nadamaadum Agar sambandh swamigal Surendra Shiva Bhakta,Tamil
0,157117_text_29002 (2).wav,adhikandam 2 ki Bari portal,Tamil
0,157178_text_30383.wav,Radha Krishna song Mona Varun in the art recording the central near Ashram,Tamil
0,157287_text_916588.wav,dial Sira kattukoni thoda kam se kam B broadband mulam doctor Vijayaraghavan BTech MI Mr Ahmed PhD minanjal 2011,Tamil
0,157686_text_21781.wav,keep it under Mughal and I'm not Randhawa real Sangakkara pandiyargal vasamum in the Mudhal paruvam Moondram note Randhawa real pandiyargal Miranda Madurai and in Delhi sultangarh,Tamil
0,157782_text_29769.wav,ilangai En Mannan Ravanan,Tamil
0,157799_text_08107.wav,Krishna hi Tungabhadra Nadi Karen Vara my avargal Odia Raja Mamta Ke Mandir,Tamil
0,157803_text_02886.wav,Gurjar gotra agale Chella Iranian Hukum Hukum,Tamil
0,158504_text_33921.wav,irudhi nooravathu Naal koothu heroine,Tamil
0,159375_text_05491.wav,Everton material and the towel Nari Kootam vanavilil within the Silver the pool near Salem Kacchi yarukkume undakkam,Tamil
0,159501_text_26771.wav,hyperinsulinemia matrum insulin Tadap valachira Mata kuraipadu endrum Mara Kapda dho RD Burman VR VR VR triglycerides matham korika Pata HDL Aage veteran,Tamil
0,159590_text_29004 (2).wav,aiyo Emporium idhayane Mani Vicky Parishad Kunde Vandan Kendriya Vidyalaya Aditya ki Upar Ki Kore Mahal vs Khali,Tamil
0,159910_text_01949 (2).wav,Dhana Dhanya adhikariyon ke bich kavvali,Tamil
0,161109_text_22468.wav,Pavitra Patra inum inum Enna Pathu Pathu Pera Vendum,Tamil
0,161772_text_35481.wav,Kali maiya ke Bali Mangi Hai Dal big Indica Uttrakhand I couldn't Chennai Tamil Nadu,Tamil
0,161833_text_280449.wav,h di video serial Kollam battery weight Vitthal Pothum Oru Naal Varum adhil Athu Athu hotel in Argon research Biryani lint Re,Tamil
0,162114_text_31000 (2).wav,Aarti today 8 p.m. Monday America Vishay Wilson grade B Indrapuri Maruti company with resistive comedy video,Tamil
0,162123_text_12120.wav,Enum Apple ponal karunguyile Kadhal Oru Pattu manithargal nadanthu poga Eppadi irukum,Tamil
0,162170_text_24410 (2).wav,brahmadathan Kashi Nagari Magan Mitra Mandal amanpuri vedalam,Tamil
0,162685_text_30205.wav,original our weekend Warrior Orissa is a Khuda a Khuda,Tamil
0,163002_text_27336.wav,yah Surat Gonda sarvoday Seva Mein Yaad Teri Umar Abdullah Gibraltar n****** America,Tamil
0,163852_text_29182.wav,Ganesh pattern Tata in 1 week Pandit papa Ganesha Tamizha net2net Kunda,Tamil
0,164080_text_01386.wav,Aam inter Sundar solar Chakravarti pathera window,Tamil
0,164189_text_1511281 (2).wav,Barun Shiva Bhakta Hyundai kirar parambarai sendravan,Tamil
0,164970_text_1381155.wav,song quickness panatipata salwar mohri toll French bala bala Thottam Konda Dhanaulti,Tamil
0,165107_text_292909 (2).wav,Veerapandian Rajendran Pandian jayabaskaran Bharathi Krishnakumar Malati Maitri Bhaskar Shakti ki Ramesh Aage aur Pandit Nagar dinner,Tamil
0,165181_text_2104229.wav,Russia bill konstantin tsiolkovsky America wale Robert good at German German O baith Aage Muharram rocket Munnar,Tamil
0,165309_text_23252 (2).wav,get Anarkali Nigam manakkalath udane Mariyam Mariyam Itni Nalla manaivi Aana,Tamil
0,166163_text_02714.wav,vandhiyathevan video,Tamil
0,167751_text_04109 (2).wav,Nandri Kousalya enikku Padan ninaivale Silai,Tamil
0,168147_text_01699.wav,badargadh Pagla irupathu Oru kavirayar,Tamil
0,168198_text_01554.wav,I know in Chennai,Tamil
0,168448_text_11019 (2).wav,Anil you wanna know where is Syria,Tamil
0,168706_text_27836.wav,Aditya Maaveeran airport,Tamil
0,168836_text_972447.wav,tune Chala Le beta Lockheed Martin company and Nirman Nagar,Tamil
